num_updates,num_env_steps,sps,steps_per_second,time_delta,solve_rate/SixteenRooms,solve_rate/SixteenRooms2,solve_rate/Labyrinth,solve_rate/LabyrinthFlipped,solve_rate/Labyrinth2,solve_rate/StandardMaze,solve_rate/StandardMaze2,solve_rate/StandardMaze3,solve_rate/mean,return/SixteenRooms,return/SixteenRooms2,return/Labyrinth,return/LabyrinthFlipped,return/Labyrinth2,return/StandardMaze,return/StandardMaze2,return/StandardMaze3,return/mean,eval_ep_lengths/mean,agent/loss,agent/critic_loss,agent/actor_loss,agent/entropy,level/mean_num_blocks,train/learnability,train/success_rate,level_sampler/size,level_sampler/episode_count,level_sampler/max_score,level_sampler/weighted_score,level_sampler/mean_score,level_sampler/mean_p,level_sampler/mean_max_return,sfl/topk_learnability,sfl/population_learnability,branch/num_dr_updates,branch/num_replay_updates,branch/num_mutation_updates,branch/num_sfl_updates,oracle/bias,oracle/brier,oracle/control_brier,oracle/control_learnability,oracle/control_rank_corr,oracle/predicted_learnability,oracle/rank_corr,oracle/selected_learnability,oracle/selection_gain,oracle/loss,oracle/observations,branch/num_oracle_inserts,oracle/buffer_mean_p
250.0,2048000.0,17992.53502679441,17992.53502679441,113.82498335838318,0.0,0.0,0.0,0.0,0.0,0.0,0.0,0.0,0.0,0.0,0.0,0.0,0.0,0.0,0.0,0.0,0.0,0.0,250.0,0.001679526176303625,0.007126328535377979,2.453569347693474e-09,1.8836402893066406,23.30000114440918,0.05584375187754631,0.1028750017285347,1968.0,1968.0,0.25,nan,0.056751783937215805,0.10403963923454285,0.17793862521648407,0.09375,0.046875,242.0,0.0,0.0,8.0,0.390625,0.203125,0.20703125,0.04296875,0.6823529601097107,0.25,0.6371338367462158,0.0481770858168602,1.1212122440338135,0.29595500230789185,2000.0,1.0,0.11062461137771606
500.0,4096000.0,32296.422264581615,16148.211132290808,126.82519340515137,0.0,0.0,0.0,0.0,0.0,0.0,0.0,0.0,0.0,0.0,0.0,0.0,0.0,0.0,0.0,0.0,0.0,0.0,250.0,0.0006089156959205866,0.004498307593166828,-6.780842522857711e-05,1.5724295377731323,25.354751586914062,0.14239628612995148,0.2763557732105255,2961.0,6840.0,0.25,nan,0.09272295236587524,0.14019063115119934,0.25954800844192505,0.0859375,0.04296875,242.0,121.0,121.0,16.0,0.0332225076854229,0.0301279928535223,0.01373359002172947,0.0234375,-0.029411764815449715,0.09884817898273468,0.004899268504232168,0.0494791679084301,2.1111111640930176,0.5137889981269836,6904.0,2.0,0.17434099316596985
750.0,6144000.0,81192.11198101351,27064.037327004506,75.67237567901611,0.0,0.0,0.0,0.0,0.0,0.0,0.0,0.0,0.0,0.0,0.0,0.0,0.0,0.0,0.0,0.0,0.0,0.0,250.0,0.0017589093185961246,0.005501622799783945,-8.238895679824054e-05,0.909512996673584,26.49850082397461,0.16798684000968933,0.3520868122577667,3956.0,11712.0,0.25,nan,0.13062740862369537,0.1995508074760437,0.3586565852165222,0.20703125,0.138671875,242.0,242.0,242.0,24.0,-0.1234898716211319,0.0855756402015686,0.06584540754556656,0.15234375,0.12058823555707932,0.13589587807655334,-0.03905678167939186,0.1341145932674408,0.8803419470787048,0.6149972677230835,8192.0,3.0,0.2905018925666809
1000.0,8192000.0,106204.54313730968,26551.13578432742,77.13417673110962,0.4000000059604645,0.0,0.0,0.0,0.0,0.0,0.0,0.0,0.05000000074505806,0.09831998497247696,0.0,0.0,0.0,0.0,0.0,0.0,0.0,0.01228999812155962,250.0,0.003409583820030093,0.008576889522373676,-0.00015460008580703288,0.7242604494094849,27.48750114440918,0.1767447590827942,0.4576002061367035,4000.0,16584.0,0.25,0.23393526673316956,0.18968833982944489,0.24048642814159393,0.43144723773002625,0.224609375,0.150390625,242.0,363.0,363.0,32.0,-0.08791589736938477,0.08172621577978134,0.06969050318002701,0.13671875,0.4323529601097107,0.19398899376392365,0.3052656352519989,0.1549479216337204,1.1333333253860474,0.6773578524589539,8192.0,4.0,0.40869948267936707
1250.0,10240000.0,133267.02064828877,26653.404129657752,76.83821511268616,0.20000000298023224,0.10000000149011612,0.0,0.0,0.0,0.0,0.0,0.0,0.03750000149011612,0.040519990026950836,0.06831999868154526,0.0,0.0,0.0,0.0,0.0,0.0,0.013604998588562012,225.875,0.005686064250767231,0.012946036644279957,-0.00019894550496246666,0.5880091786384583,27.368375778198242,0.158046692609787,0.5886301398277283,4000.0,21456.0,0.24992966651916504,0.24358782172203064,0.21799083054065704,0.29085156321525574,0.5321012139320374,0.203125,0.1103515625,242.0,484.0,484.0,40.0,-0.21374864876270294,0.15584787726402283,0.18606527149677277,0.12890625,0.1823529452085495,0.2458324432373047,0.07527473568916321,0.1041666716337204,0.808080792427063,0.617080807685852,8192.0,5.0,0.666930079460144
1500.0,12288000.0,159600.80800242934,26600.134667071557,76.99209141731262,0.4000000059604645,0.0,0.0,0.0,0.0,0.0,0.0,0.0,0.05000000074505806,0.23764000833034515,0.0,0.0,0.0,0.0,0.0,0.0,0.0,0.029705001041293144,228.875,0.005605464335530996,0.012385710142552853,-0.00015813513891771436,0.4292563796043396,27.879125595092773,0.161005899310112,0.5971245765686035,4000.0,26328.0,0.25,0.2353629767894745,0.20000895857810974,0.34409618377685547,0.6319901347160339,0.171875,0.0859375,242.0,605.0,605.0,48.0,-0.24495479464530945,0.13198822736740112,0.05917173624038696,0.0625,0.40294119715690613,0.23606425523757935,-0.08942309021949768,0.09375,1.5,0.5378093719482422,8192.0,6.0,0.8526878952980042
1750.0,14336000.0,182280.86605672917,26040.123722389882,78.64785981178284,0.30000001192092896,0.20000000298023224,0.0,0.0,0.0,0.0,0.0,0.4000000059604645,0.11249999701976776,0.12359998375177383,0.0934399962425232,0.0,0.0,0.0,0.0,0.0,0.14403998851776123,0.04513499513268471,250.0,0.00584652042016387,0.01271218154579401,-0.00018029189959634095,0.3292783200740814,27.523876190185547,0.16125763952732086,0.6050707101821899,4000.0,31200.0,0.25,0.20804882049560547,0.13541214168071747,0.3938333988189697,0.7112210988998413,0.181640625,0.0908203125,242.0,726.0,726.0,56.0,-0.12843188643455505,0.12235331535339355,0.042177021503448486,0.0625,0.27352941036224365,0.21752816438674927,0.12266485393047333,0.1002604216337204,1.6041667461395264,0.4633234739303589,8192.0,7.0,0.8900952339172363
2000.0,16384000.0,227162.15770150765,28395.269712688456,72.12468910217285,0.4000000059604645,0.0,0.0,0.0,0.0,0.0,0.0,0.0,0.05000000074505806,0.18003998696804047,0.0,0.0,0.0,0.0,0.0,0.0,0.0,0.02250499837100506,237.625,0.005720184184610844,0.01255238987505436,-0.0002502800489310175,0.3057307302951813,27.847126007080078,0.15297721326351166,0.6608428955078125,4000.0,36072.0,0.25,0.20118743181228638,0.12007130682468414,0.44028884172439575,0.7692245244979858,0.095703125,0.0478515625,242.0,847.0,847.0,64.0,-0.18839505314826965,0.15796557068824768,0.025902118533849716,0.05078125,0.3852941393852234,0.2040252685546875,-0.051007334142923355,0.046875,0.9230769872665405,0.3999803066253662,8192.0,8.0,0.9049304723739624
2250.0,18432000.0,240250.8347451557,26694.537193906188,76.7198166847229,0.5,0.10000000149011612,0.0,0.0,0.0,0.0,0.0,0.20000000298023224,0.10000000149011612,0.2184799760580063,0.06904000043869019,0.0,0.0,0.0,0.0,0.0,0.0811999961733818,0.04608999937772751,232.5,0.005760436877608299,0.012617298401892185,-0.0002706379455048591,0.277574360370636,28.904626846313477,0.15884900093078613,0.6563947796821594,4000.0,40944.0,0.2481536865234375,0.19649845361709595,0.11074891686439514,0.4793670177459717,0.8099623322486877,0.16796875,0.083984375,242.0,968.0,968.0,72.0,-0.16056334972381592,0.12328184396028519,0.06103320047259331,0.03515625,0.05882352963089943,0.2001785784959793,0.10773811489343643,0.1002604216337204,2.8518519401550293,0.3943480849266052,8192.0,9.0,0.9019988179206848
2500.0,20480000.0,266848.53279253276,26684.853279253275,76.74765825271606,0.9000000357627869,0.20000000298023224,0.0,0.0,0.0,0.10000000149011612,0.0,0.30000001192092896,0.1875,0.4625999629497528,0.061039991676807404,0.0,0.0,0.0,0.04023999720811844,0.0,0.07571998983621597,0.0799499973654747,229.25,0.005989681463688612,0.012819914147257805,-0.00018972059478983283,0.23055481910705566,30.941375732421875,0.15409113466739655,0.6724185347557068,4000.0,45816.0,0.2490234375,0.19743412733078003,0.11129910498857498,0.5185416340827942,0.8406286835670471,0.068359375,0.0341796875,242.0,1089.0,1089.0,80.0,-0.27916717529296875,0.15001489222049713,0.007122139446437359,0.0,0.2852941155433655,0.19871072471141815,-0.04194140061736107,0.0455729179084301,3.8888890743255615,0.43601763248443604,8192.0,10.0,0.9242228269577026
2750.0,22528000.0,294156.7842755891,26741.525843235373,76.58500909805298,0.5,0.20000000298023224,0.0,0.0,0.0,0.10000000149011612,0.0,0.20000000298023224,0.125,0.2526799738407135,0.05563998967409134,0.0,0.0,0.0,0.04960000142455101,0.0,0.07903999835252762,0.05461999401450157,250.0,0.005859270691871643,0.012825203128159046,-0.0003420916909817606,0.21123938262462616,30.210126876831055,0.15163852274417877,0.6751517653465271,4000.0,50688.0,0.25,0.19392864406108856,0.10208139568567276,0.5537171363830566,0.8600808382034302,0.11328125,0.056640625,242.0,1210.0,1210.0,88.0,-0.11826843023300171,0.12665854394435883,0.0772414356470108,0.0234375,0.2764706015586853,0.19071781635284424,0.1765110194683075,0.0677083358168602,2.8888890743255615,0.36070138216018677,8192.0,11.0,0.9335375428199768
3000.0,24576000.0,326415.9440544905,27201.328671207542,75.29043984413147,0.10000000149011612,0.0,0.0,0.0,0.0,0.0,0.0,0.0,0.012500000186264515,0.03843999654054642,0.0,0.0,0.0,0.0,0.0,0.0,0.0,0.004804999567568302,240.125,0.005589325446635485,0.012241636402904987,-0.0003588323888834566,0.17266090214252472,31.55550193786621,0.1471884846687317,0.6866432428359985,4000.0,55560.0,0.25,0.19151541590690613,0.09376896172761917,0.5860227942466736,0.8741167187690735,0.06640625,0.033203125,242.0,1331.0,1331.0,96.0,-0.12557725608348846,0.08367729932069778,0.013039816170930862,0.0,0.1411764770746231,0.1779860407114029,0.3442766070365906,0.0442708358168602,3.777778148651123,0.4147312641143799,8192.0,12.0,0.9205991625785828
3250.0,26624000.0,343708.6194224599,26439.124570958455,77.46096110343933,0.9000000357627869,0.0,0.0,0.0,0.0,0.0,0.0,0.0,0.11250000447034836,0.5367600321769714,0.0,0.0,0.0,0.0,0.0,0.0,0.0,0.06709500402212143,227.0,0.005521516781300306,0.012234608642756939,-0.00044440091005526483,0.15138666331768036,29.651750564575195,0.13824795186519623,0.7104843854904175,4000.0,60432.0,0.25,0.19349969923496246,0.09781772643327713,0.6171466112136841,0.8857748508453369,0.095703125,0.0478515625,242.0,1452.0,1452.0,104.0,-0.1778905838727951,0.10352297127246857,0.011801992543041706,0.0,-0.3323529362678528,0.18748687207698822,0.035943228751420975,0.0638020858168602,5.44444465637207,0.3168639540672302,8192.0,13.0,0.9357327222824097
3500.0,28672000.0,463845.2846581869,33131.80604701335,61.81371450424194,0.6000000238418579,0.0,0.0,0.0,0.0,0.0,0.0,0.10000000149011612,0.08750000596046448,0.2903999984264374,0.0,0.0,0.0,0.0,0.0,0.0,0.04455999657511711,0.04186999797821045,229.375,0.005587966181337833,0.012289516627788544,-0.0004114583134651184,0.14533402025699615,30.714126586914062,0.13808573782444,0.713611364364624,4000.0,65304.0,0.2462560534477234,0.18855077028274536,0.08871916681528091,0.6425820589065552,0.8906571269035339,0.05078125,0.025390625,242.0,1573.0,1573.0,112.0,-0.16615575551986694,0.08450641483068466,0.015442756935954094,0.015625,0.30882352590560913,0.1688254177570343,0.00018315021588932723,0.02864583395421505,1.8333333730697632,0.32246315479278564,8192.0,14.0,0.9169682860374451
3750.0,30720000.0,398822.5988750579,26588.173258337192,77.02672839164734,0.699999988079071,0.5,0.0,0.0,0.0,0.0,0.0,0.20000000298023224,0.17500001192092896,0.4328800141811371,0.2584399878978729,0.0,0.0,0.0,0.0,0.0,0.05059999227523804,0.092739999294281,216.75,0.005832482594996691,0.012676229700446129,-0.00037717880331911147,0.12845396995544434,32.28325271606445,0.13981665670871735,0.7077834010124207,4000.0,70176.0,0.25,0.19256971776485443,0.09360536932945251,0.6669342517852783,0.8934794068336487,0.05859375,0.029296875,242.0,1694.0,1694.0,120.0,-0.2351972460746765,0.11250664293766022,0.006621262524276972,0.02734375,0.061764705926179886,0.18467657268047333,-0.05682235583662987,0.0299479179084301,1.095238208770752,0.4431646764278412,8192.0,15.0,0.9394307732582092
4000.0,32768000.0,429069.53054444026,26816.845659027516,76.36990666389465,1.0,0.6000000238418579,0.4000000059604645,0.0,0.0,0.10000000149011612,0.10000000149011612,0.4000000059604645,0.32499998807907104,0.5406399965286255,0.25763997435569763,0.12099998444318771,0.0,0.0,0.03123999945819378,0.026559997349977493,0.10011998564004898,0.13464999198913574,202.0,0.005988338962197304,0.012982197105884552,-0.00038248798227868974,0.12027181684970856,34.06162643432617,0.14245395362377167,0.689805805683136,4000.0,75048.0,0.24609375,0.1863221973180771,0.08257768303155899,0.6872246861457825,0.895259439945221,0.046875,0.0234375,242.0,1815.0,1815.0,128.0,-0.14503128826618195,0.06360191106796265,0.04485546052455902,0.046875,-0.029411764815449715,0.1448933184146881,-0.08969781547784805,0.015625,0.3333333432674408,0.3881051242351532,8192.0,16.0,0.9265629053115845
4250.0,34816000.0,452975.94359612145,26645.643740948322,76.86059379577637,0.800000011920929,0.6000000238418579,0.10000000149011612,0.0,0.0,0.10000000149011612,0.0,0.800000011920929,0.30000001192092896,0.3733999729156494,0.2529599666595459,0.01395999826490879,0.0,0.0,0.016119999811053276,0.0,0.3582799732685089,0.1268399953842163,239.375,0.0055000693537294865,0.012135058641433716,-0.0004572136385831982,0.11024655401706696,32.17500305175781,0.1269264966249466,0.7566315531730652,4000.0,79920.0,0.2490234375,0.19022560119628906,0.08717335760593414,0.7100642323493958,0.8963280320167542,0.005859375,0.0029296875,242.0,1936.0,1936.0,136.0,-0.15292921662330627,0.053445905447006226,0.0006291995523497462,0.0,-0.07058823853731155,0.136873260140419,-0.09111723303794861,0.00390625,0.3333333432674408,0.3518638014793396,8192.0,17.0,0.917877733707428
4500.0,36864000.0,480842.1899585983,26713.454997699904,76.66548562049866,0.9000000357627869,0.0,0.10000000149011612,0.0,0.0,0.10000000149011612,0.0,0.20000000298023224,0.16249999403953552,0.531000018119812,0.0,0.015039998106658459,0.0,0.0,0.04887999966740608,0.0,0.04375999793410301,0.07983499765396118,227.0,0.005796181969344616,0.012594567611813545,-0.0003862448502331972,0.11485681682825089,34.28187561035156,0.13119347393512726,0.7194586396217346,4000.0,84792.0,0.25,0.19369757175445557,0.09122690558433533,0.7265841364860535,0.895287036895752,0.005859375,0.0029296875,242.0,2057.0,2057.0,144.0,-0.14916351437568665,0.07321236282587051,0.0021191725973039865,0.0,-0.05882352963089943,0.14934028685092926,-0.15105314552783966,0.00390625,0.3333333432674408,0.35347187519073486,8192.0,18.0,0.934474766254425
4750.0,38912000.0,507071.2345935783,26687.95971545149,76.73872494697571,1.0,0.0,0.10000000149011612,0.0,0.0,0.6000000238418579,0.0,0.4000000059604645,0.26249998807907104,0.5715999603271484,0.0,0.01467999815940857,0.0,0.0,0.3328799903392792,0.0,0.11739998310804367,0.12956999242305756,208.125,0.005913983564823866,0.012748717330396175,-0.00035060144728049636,0.10977306216955185,36.16462707519531,0.13498051464557648,0.6995521783828735,4000.0,89664.0,0.2469150871038437,0.18711815774440765,0.07922035455703735,0.7385110259056091,0.8914585709571838,0.01171875,0.005859375,242.0,2178.0,2178.0,152.0,-0.1527167409658432,0.0556783601641655,0.0020647007040679455,0.01171875,0.0058823530562222,0.14109385013580322,-0.08708792924880981,0.00390625,0.3333333432674408,0.42448192834854126,8192.0,19.0,0.9273213148117065
5000.0,40960000.0,534449.9339666213,26722.496698331066,76.63954544067383,1.0,0.0,0.0,0.0,0.0,0.5,0.0,0.20000000298023224,0.21250000596046448,0.6158799529075623,0.0,0.0,0.0,0.0,0.178879976272583,0.0,0.06283999979496002,0.10719998925924301,232.25,0.006050521042197943,0.012988840229809284,-0.0003427798510529101,0.10111916810274124,38.65400314331055,0.13830572366714478,0.6865952610969543,4000.0,94536.0,0.25,0.18915164470672607,0.0794275626540184,0.7466537356376648,0.8878384232521057,0.013671875,0.0068359375,242.0,2299.0,2299.0,160.0,-0.1363600790500641,0.03278891742229462,0.00031214707996696234,0.0,0.09705882519483566,0.11697497963905334,-0.11776559054851532,0.00911458395421505,0.7777778506278992,0.4823365807533264,8192.0,20.0,0.9127391576766968
5250.0,43008000.0,560528.6683900758,26691.84135190837,76.7275652885437,0.6000000238418579,0.0,0.0,0.0,0.0,0.20000000298023224,0.0,0.0,0.10000000149011612,0.2965199649333954,0.0,0.0,0.0,0.0,0.09379999339580536,0.0,0.0,0.048789992928504944,250.0,0.005790580529719591,0.01254468783736229,-0.000380786310415715,0.10097714513540268,38.349876403808594,0.12953253090381622,0.7164415717124939,4000.0,99408.0,0.25,0.19175730645656586,0.08467549085617065,0.7561699748039246,0.8869463205337524,0.046875,0.0234375,242.0,2420.0,2420.0,168.0,-0.12569516897201538,0.058714352548122406,0.01468993816524744,0.015625,0.18529412150382996,0.1410529613494873,-0.04368132725358009,0.0260416679084301,1.6666667461395264,0.4425932466983795,8192.0,21.0,0.9113281965255737
5500.0,45056000.0,585709.1423424981,26623.142833749913,76.92555356025696,1.0,0.30000001192092896,0.20000000298023224,0.0,0.0,0.9000000357627869,0.0,0.20000000298023224,0.32499998807907104,0.6079599261283875,0.15276001393795013,0.06139999255537987,0.0,0.0,0.4694399833679199,0.0,0.06787999719381332,0.16992998123168945,207.5,0.0058315712958574295,0.012682863511145115,-0.0004156971990596503,0.09416314959526062,37.208251953125,0.1364290714263916,0.6931347846984863,4000.0,104280.0,0.25,0.19163469970226288,0.08241052180528641,0.7632552981376648,0.8850533962249756,0.06640625,0.033203125,242.0,2541.0,2541.0,176.0,-0.08735485374927521,0.05473889783024788,0.0010626026196405292,0.0,-0.4441176652908325,0.12579789757728577,-0.08076924830675125,0.0442708358168602,3.777778148651123,0.4037376046180725,8192.0,22.0,0.9096975326538086
5750.0,47104000.0,615475.9687607726,26759.824728729247,76.53263878822327,0.9000000357627869,0.20000000298023224,0.30000001192092896,0.0,0.0,0.699999988079071,0.0,0.30000001192092896,0.30000001192092896,0.5907599925994873,0.10999999195337296,0.048719990998506546,0.0,0.0,0.3187600076198578,0.0,0.056999992579221725,0.14065499603748322,210.25,0.005907527171075344,0.012767855077981949,-0.0003901052987203002,0.08629443496465683,40.70050048828125,0.12899017333984375,0.7164746522903442,4000.0,109152.0,0.24434566497802734,0.18793557584285736,0.0822392925620079,0.7739132642745972,0.8832747936248779,0.05859375,0.029296875,242.0,2662.0,2662.0,184.0,-0.12771333754062653,0.0830550491809845,0.03785004839301109,0.03515625,0.12647059559822083,0.15044665336608887,-0.11611723899841309,0.02734375,0.7777777910232544,0.43120092153549194,8192.0,23.0,0.9160563349723816
6000.0,49152000.0,639407.992915097,26641.99970479571,76.87110662460327,0.9000000357627869,0.4000000059604645,0.10000000149011612,0.0,0.0,1.0,0.30000001192092896,0.30000001192092896,0.375,0.565559983253479,0.18399998545646667,0.02295999601483345,0.0,0.0,0.5510799288749695,0.121799997985363,0.10523998737335205,0.1938299834728241,204.25,0.006263998337090015,0.013462834060192108,-0.0003854385868180543,0.08197986334562302,40.877376556396484,0.13028660416603088,0.6976438760757446,4000.0,114024.0,0.25,0.1903303861618042,0.07738474011421204,0.7807745337486267,0.8831842541694641,0.025390625,0.0126953125,242.0,2783.0,2783.0,192.0,-0.08190193772315979,0.030580958351492882,0.001738411607220769,0.0,0.1823529452085495,0.10421191155910492,0.025412091985344887,0.01692708395421505,1.4444445371627808,0.4363294243812561,8192.0,24.0,0.9080687761306763
6250.0,51200000.0,668283.6717400836,26731.346869603345,76.61417174339294,1.0,0.0,0.30000001192092896,0.0,0.0,1.0,0.20000000298023224,0.4000000059604645,0.36250001192092896,0.6720399856567383,0.0,0.13367998600006104,0.0,0.0,0.5661999583244324,0.08875999599695206,0.12747998535633087,0.1985199898481369,217.125,0.005806341301649809,0.01262024324387312,-0.00042704661609604955,0.07673388719558716,40.86150360107422,0.1310141682624817,0.7017361521720886,4000.0,118896.0,0.25,0.1909632831811905,0.07988142967224121,0.7857218384742737,0.8811320066452026,0.01171875,0.005859375,242.0,2904.0,2904.0,200.0,-0.11707861721515656,0.027809016406536102,0.00026885891566053033,0.0,-0.2294117659330368,0.107720747590065,-0.10956961661577225,0.0078125,0.6666666865348816,0.4156709611415863,8192.0,25.0,0.8969104886054993
6500.0,53248000.0,690779.6010444937,26568.446194018987,77.08392071723938,0.9000000357627869,0.20000000298023224,0.5,0.0,0.0,0.30000001192092896,0.0,0.20000000298023224,0.26249998807907104,0.5684399604797363,0.05527999624609947,0.19435998797416687,0.0,0.0,0.21863999962806702,0.0,0.07471999526023865,0.13892999291419983,238.5,0.0060090674087405205,0.012968525290489197,-0.00040178277413360775,0.07341254502534866,41.338626861572266,0.12580110132694244,0.71781325340271,4000.0,123768.0,0.25,0.19408917427062988,0.08671803772449493,0.791994571685791,0.8810384273529053,0.005859375,0.0029296875,242.0,3025.0,3025.0,208.0,-0.1611727625131607,0.04008372873067856,0.00199434463866055,0.0,0.19117647409439087,0.12453393638134003,-0.11849819123744965,0.00390625,0.3333333432674408,0.4406285285949707,8192.0,26.0,0.9003384113311768
6750.0,55296000.0,721141.018211485,26708.92660042537,76.6784839630127,0.699999988079071,0.10000000149011612,0.0,0.0,0.10000000149011612,0.10000000149011612,0.20000000298023224,0.6000000238418579,0.22499999403953552,0.3986799716949463,0.03303999826312065,0.0,0.0,0.022599995136260986,0.041679996997117996,0.07939999550580978,0.247919961810112,0.10291498899459839,210.125,0.0062090144492685795,0.01338493637740612,-0.0004121243255212903,0.07132931798696518,41.8327522277832,0.1267605870962143,0.7218284010887146,4000.0,128640.0,0.24609375,0.19073107838630676,0.08273304998874664,0.7951343059539795,0.8782297372817993,0.01171875,0.005859375,242.0,3146.0,3146.0,216.0,-0.16692085564136505,0.03986268490552902,0.0006875676335766912,0.0,-0.25294119119644165,0.13130424916744232,-0.09368133544921875,0.0078125,0.6666666865348816,0.4381771683692932,8192.0,27.0,0.9029055833816528
7000.0,57344000.0,743330.8199193915,26547.52928283541,77.14465546607971,1.0,0.4000000059604645,0.0,0.0,0.0,0.699999988079071,0.20000000298023224,0.800000011920929,0.38749998807907104,0.7008399963378906,0.18615998327732086,0.0,0.0,0.0,0.32847997546195984,0.07939999550580978,0.3525199890136719,0.20592498779296875,174.0,0.006135797128081322,0.013209069147706032,-0.0003973781713284552,0.07135923951864243,40.81475067138672,0.1246907114982605,0.6993733048439026,4000.0,133512.0,0.2499847412109375,0.1927931010723114,0.0807991698384285,0.7964698076248169,0.8769074082374573,0.017578125,0.0087890625,242.0,3267.0,3267.0,224.0,-0.051982343196868896,0.040123529732227325,0.0004305913462303579,0.0,-0.10000000149011612,0.09897992014884949,-0.008516484871506691,0.01171875,1.0,0.5023236274719238,8192.0,28.0,0.8900260925292969
7250.0,59392000.0,773860.5792211139,26684.847559348756,76.74767470359802,0.800000011920929,0.0,0.0,0.0,0.0,0.30000001192092896,0.10000000149011612,0.699999988079071,0.23750001192092896,0.5199199914932251,0.0,0.0,0.0,0.0,0.15239998698234558,0.015399998985230923,0.26079997420310974,0.11856499314308167,225.0,0.0060631525702774525,0.013140883296728134,-0.0004418405005708337,0.0654483363032341,40.926002502441406,0.1248178631067276,0.723573625087738,4000.0,138384.0,0.25,0.19486558437347412,0.08594927191734314,0.8007446527481079,0.8759307265281677,0.013671875,0.0068359375,242.0,3388.0,3388.0,232.0,-0.11374925822019577,0.0492362454533577,0.0004819341120310128,0.0,0.17058824002742767,0.12802384793758392,-0.020329674705863,0.00911458395421505,0.7777778506278992,0.4138084948062897,8192.0,29.0,0.8765448331832886
7500.0,61440000.0,799108.4231370175,26636.947437900584,76.88568687438965,1.0,0.20000000298023224,0.10000000149011612,0.0,0.0,0.5,0.30000001192092896,0.699999988079071,0.3500000238418579,0.6792399883270264,0.05743999406695366,0.047439999878406525,0.0,0.0,0.28831997513771057,0.11315999180078506,0.27592000365257263,0.18268999457359314,217.25,0.006152224726974964,0.013181831687688828,-0.00037577873445115983,0.06291227787733078,40.98762512207031,0.12828992307186127,0.7053807973861694,4000.0,143256.0,0.25,0.19764581322669983,0.09183995425701141,0.8023157119750977,0.8737104535102844,0.017578125,0.0087890625,242.0,3509.0,3509.0,240.0,-0.15992732346057892,0.06640288978815079,0.007096869871020317,0.0,-0.026470588520169258,0.1504444181919098,-0.12119965255260468,0.01171875,1.0,0.43846115469932556,8192.0,30.0,0.8989822268486023
7750.0,63488000.0,829850.5403831599,26769.372270424512,76.50534272193909,0.9000000357627869,0.30000001192092896,0.4000000059604645,0.9000000357627869,0.0,0.10000000149011612,0.10000000149011612,0.800000011920929,0.4375,0.5774399638175964,0.08183999359607697,0.19551998376846313,0.29951998591423035,0.0,0.056439995765686035,0.024039996787905693,0.38095995783805847,0.20196998119354248,192.0,0.0058539980091154575,0.012601771391928196,-0.0003866420593112707,0.060245074331760406,43.0108757019043,0.12052306532859802,0.730832576751709,4000.0,148128.0,0.25,0.1931818127632141,0.07923399657011032,0.8058764934539795,0.8723406195640564,0.013671875,0.0068359375,242.0,3630.0,3630.0,248.0,-0.12701424956321716,0.033524394035339355,0.0003764317953027785,0.0,0.25,0.11030830442905426,0.004761905409395695,0.00911458395421505,0.7777778506278992,0.39295417070388794,8192.0,31.0,0.8988085389137268
8000.0,65536000.0,910687.5689961743,28458.986531130446,71.96320915222168,1.0,0.20000000298023224,0.800000011920929,0.9000000357627869,0.0,0.800000011920929,0.4000000059604645,0.800000011920929,0.612500011920929,0.7793200016021729,0.08515999466180801,0.2571199834346771,0.2951999604701996,0.0,0.4875199794769287,0.08715998381376266,0.367279976606369,0.29484498500823975,166.625,0.006173082161694765,0.013300753198564053,-0.0004117832286283374,0.06551168859004974,42.28187561035156,0.12264575064182281,0.6853291392326355,4000.0,153000.0,0.25,0.1920570284128189,0.07734008878469467,0.8028040528297424,0.869139552116394,0.033203125,0.0166015625,242.0,3751.0,3751.0,256.0,-0.06767721474170685,0.05446699261665344,0.000285660004010424,0.0,0.1617647111415863,0.12282639741897583,0.06524726748466492,0.0221354179084301,1.8888890743255615,0.4452318847179413,8192.0,32.0,0.8782033920288086
8250.0,67584000.0,878814.7749224663,26630.75075522625,76.90357732772827,1.0,0.699999988079071,0.4000000059604645,0.800000011920929,0.0,0.30000001192092896,0.4000000059604645,0.4000000059604645,0.5,0.7775200009346008,0.2690799832344055,0.1656399965286255,0.28807997703552246,0.0,0.12971998751163483,0.15915998816490173,0.1321599930524826,0.24016998708248138,226.375,0.0060852752067148685,0.013156244531273842,-0.0004241513670422137,0.06869599968194962,43.08537673950195,0.12212961167097092,0.6938608884811401,4000.0,157872.0,0.25,0.19439806044101715,0.08146293461322784,0.8024598956108093,0.8675044178962708,0.005859375,0.0029296875,242.0,3872.0,3872.0,264.0,-0.12669873237609863,0.027281567454338074,0.0004753685207106173,0.0,0.0058823530562222,0.1074242889881134,-0.07124543190002441,0.00390625,0.3333333432674408,0.44153881072998047,8192.0,33.0,0.8869431018829346
8500.0,69632000.0,912736.355671246,26845.186931507233,76.28928065299988,0.800000011920929,0.20000000298023224,0.30000001192092896,1.0,0.0,0.4000000059604645,0.0,0.20000000298023224,0.36250001192092896,0.5105599761009216,0.0822799950838089,0.06707998365163803,0.38944000005722046,0.0,0.08751999586820602,0.0,0.07003998756408691,0.15086498856544495,211.25,0.0063467370346188545,0.013651663437485695,-0.00041287526255473495,0.06621881574392319,44.60675048828125,0.1195908710360527,0.7016077041625977,4000.0,162744.0,0.2490234375,0.19387492537498474,0.08132685720920563,0.80140620470047,0.8652381896972656,0.021484375,0.0107421875,242.0,3993.0,3993.0,272.0,-0.07806836068630219,0.046899326145648956,0.0008440491510555148,0.0,0.3764705955982208,0.11049068719148636,-0.048626381903886795,0.014322916977107525,1.2222223281860352,0.4441947937011719,8192.0,34.0,0.8530829548835754
8750.0,71680000.0,933289.7380490152,26665.42108711472,76.80358743667603,0.699999988079071,0.10000000149011612,0.9000000357627869,1.0,0.0,0.5,0.20000000298023224,0.30000001192092896,0.4625000059604645,0.41631999611854553,0.029799997806549072,0.37943994998931885,0.34407997131347656,0.0,0.2112799882888794,0.0822799950838089,0.10739999264478683,0.19632498919963837,210.875,0.006152943708002567,0.013271513395011425,-0.0004261244321241975,0.05668850615620613,44.793251037597656,0.11972443014383316,0.724534809589386,4000.0,167616.0,0.24589483439922333,0.19265925884246826,0.08296174556016922,0.8063498735427856,0.8659130930900574,0.0234375,0.01171875,242.0,4114.0,4114.0,280.0,-0.08821190148591995,0.032176002860069275,0.00045818492071703076,0.0,0.43529412150382996,0.10912993550300598,0.19803117215633392,0.015625,1.3333333730697632,0.4712633490562439,8192.0,35.0,0.8830486536026001
9000.0,73728000.0,962002.593911482,26722.294275318945,76.64012598991394,1.0,0.4000000059604645,0.699999988079071,0.6000000238418579,0.10000000149011612,0.6000000238418579,0.10000000149011612,0.6000000238418579,0.512499988079071,0.7112800478935242,0.22576001286506653,0.24747996032238007,0.283920019865036,0.05211999639868736,0.24719999730587006,0.03123999945819378,0.18635998666286469,0.24817000329494476,208.25,0.006148152984678745,0.013311194255948067,-0.00045181281166151166,0.055631428956985474,44.41925048828125,0.12070448696613312,0.7169715762138367,4000.0,172488.0,0.2456776648759842,0.1900903731584549,0.0768975093960762,0.8090521693229675,0.8653304576873779,0.0,0.0,242.0,4235.0,4235.0,288.0,-0.08125179260969162,0.013758255168795586,0.00011031561734853312,0.0,0.3117647171020508,0.07786278426647186,-0.016391944140195847,0.0,0.0,0.4296976327896118,8192.0,36.0,0.8879880905151367
9250.0,75776000.0,986024.7553012474,26649.317710844523,76.84999752044678,1.0,0.30000001192092896,0.30000001192092896,1.0,0.0,0.30000001192092896,0.20000000298023224,0.699999988079071,0.4749999940395355,0.7253199815750122,0.06599998474121094,0.1419599950313568,0.4311999976634979,0.0,0.05555998906493187,0.09703999757766724,0.27303996682167053,0.22376500070095062,210.125,0.006090484093874693,0.01314834039658308,-0.0004283603630028665,0.05532599985599518,44.089752197265625,0.11689573526382446,0.7201283574104309,4000.0,177360.0,0.24526898562908173,0.18948976695537567,0.07581814378499985,0.8110471963882446,0.8639922142028809,0.01171875,0.005859375,242.0,4356.0,4356.0,296.0,-0.06456205248832703,0.04574819281697273,0.0028328215703368187,0.01171875,0.38823530077934265,0.09751582145690918,0.005311356391757727,0.00390625,0.3333333432674408,0.402896523475647,8192.0,37.0,0.892449140548706
9500.0,77824000.0,1017542.0526131042,26777.422437186953,76.48234272003174,0.5,0.20000000298023224,0.6000000238418579,1.0,0.699999988079071,0.800000011920929,0.5,0.9000000357627869,0.6499999761581421,0.2746399939060211,0.077239990234375,0.32315999269485474,0.4463200271129608,0.3331599831581116,0.46663999557495117,0.15403997898101807,0.26027998328208923,0.2919349670410156,200.875,0.005988450720906258,0.012944843620061874,-0.0004331253585405648,0.050845917314291,45.57250213623047,0.11698503792285919,0.742064356803894,4000.0,182232.0,0.25,0.1918780654668808,0.07482071965932846,0.8155983090400696,0.8627140522003174,0.005859375,0.0029296875,242.0,4477.0,4477.0,304.0,-0.0847942903637886,0.012298434972763062,0.00015257482300512493,0.0,0.13235294818878174,0.07546095550060272,-0.10059525817632675,0.00390625,0.3333333432674408,0.4074555039405823,8192.0,38.0,0.8869580626487732
9750.0,79872000.0,1065971.9815590312,27332.61491177003,74.92879867553711,0.6000000238418579,0.10000000149011612,0.9000000357627869,1.0,0.4000000059604645,0.30000001192092896,0.30000001192092896,0.6000000238418579,0.5250000357627869,0.3015599846839905,0.08488000184297562,0.45647993683815,0.4851999878883362,0.20847998559474945,0.1693199872970581,0.10631998628377914,0.1600799858570099,0.24653999507427216,150.75,0.006256926339119673,0.013518447056412697,-0.000444523204350844,0.05777382850646973,46.9170036315918,0.12388774752616882,0.706915557384491,4000.0,187104.0,0.25,0.19415557384490967,0.0791950672864914,0.8154841661453247,0.8598989844322205,0.013671875,0.0068359375,242.0,4598.0,4598.0,312.0,-0.0621056891977787,0.032140545547008514,0.00035068547003902495,0.0,0.4264706075191498,0.09186401963233948,0.01904762163758278,0.00911458395421505,0.7777778506278992,0.43111053109169006,8192.0,39.0,0.8934962153434753
10000.0,81920000.0,1084260.6294103884,27106.51573525971,75.55379009246826,0.30000001192092896,0.30000001192092896,0.30000001192092896,1.0,1.0,0.699999988079071,0.800000011920929,0.20000000298023224,0.574999988079071,0.1765199899673462,0.1340399831533432,0.1563599854707718,0.45712000131607056,0.513279914855957,0.3943599760532379,0.28519997000694275,0.07399999350309372,0.27385997772216797,164.375,0.006221104878932238,0.013431000523269176,-0.00043832120718434453,0.05607418343424797,46.724876403808594,0.12216229736804962,0.7110550999641418,4000.0,191976.0,0.24482883512973785,0.18974849581718445,0.07787447422742844,0.8154818415641785,0.8604179620742798,0.01171875,0.005859375,242.0,4719.0,4719.0,320.0,-0.05802040547132492,0.02190878987312317,0.00035015319008380175,0.0,-0.1823529452085495,0.08277054131031036,-0.06868132948875427,0.0078125,0.6666666865348816,0.414695143699646,8192.0,40.0,0.8781028389930725
10250.0,83968000.0,1098466.6574093138,26791.869692910095,76.44110035896301,0.5,0.20000000298023224,1.0,1.0,0.20000000298023224,0.20000000298023224,0.699999988079071,0.0,0.4750000238418579,0.17203998565673828,0.10783999413251877,0.41103991866111755,0.48232004046440125,0.10423999279737473,0.11323999613523483,0.3317199945449829,0.0,0.21530500054359436,219.625,0.005943116266280413,0.01287841796875,-0.0004449250700417906,0.05116657540202141,47.00625228881836,0.11845649033784866,0.7115764617919922,4000.0,196848.0,0.25,0.19551920890808105,0.08250860869884491,0.8175199627876282,0.8580777645111084,0.0234375,0.01171875,242.0,4840.0,4840.0,328.0,-0.0012351027689874172,0.06165437400341034,0.03732072934508324,0.0234375,0.4470588266849518,0.09187643229961395,0.1882326304912567,0.0078125,0.3333333432674408,0.5000743865966797,8192.0,41.0,0.884056031703949
10500.0,86016000.0,1127149.4032820375,26836.890554334223,76.31286478042603,0.9000000357627869,0.800000011920929,0.0,0.9000000357627869,0.4000000059604645,0.6000000238418579,0.5,0.5,0.5750000476837158,0.6364799737930298,0.44359999895095825,0.0,0.3725999891757965,0.15519998967647552,0.3307200074195862,0.2274799793958664,0.2011999636888504,0.2959100008010864,161.25,0.00593147985637188,0.012790203094482422,-0.00041179137770086527,0.05183039605617523,46.9952507019043,0.1207759901881218,0.7157244086265564,4000.0,201720.0,0.24454180896282196,0.19073551893234253,0.0801805779337883,0.818017303943634,0.8571246862411499,0.044921875,0.0224609375,242.0,4961.0,4961.0,336.0,-0.04111464321613312,0.03257155418395996,7.370467210421339e-05,0.0,-0.09705882519483566,0.0795358419418335,-0.03946887329220772,0.0299479179084301,2.555555820465088,0.4161820411682129,8192.0,42.0,0.8769629597663879
10750.0,88064000.0,1144808.177760852,26623.44599443842,76.92467761039734,0.800000011920929,0.800000011920929,0.10000000149011612,1.0,0.5,0.5,0.800000011920929,0.4000000059604645,0.612500011920929,0.4209199845790863,0.5148800015449524,0.05427999421954155,0.48232004046440125,0.18067997694015503,0.27535995841026306,0.31543999910354614,0.11091998964548111,0.2943499684333801,203.875,0.005689758341759443,0.012230662629008293,-0.0003798594116233289,0.04571376368403435,48.600502014160156,0.1212543249130249,0.7117928266525269,4000.0,206592.0,0.24999988079071045,0.1962415874004364,0.08423430472612381,0.8197920918464661,0.8541404008865356,0.0078125,0.00390625,242.0,5082.0,5082.0,344.0,-0.10352975130081177,0.018148252740502357,0.0005862471298314631,0.0,0.20000000298023224,0.09498297423124313,-0.11355313658714294,0.0052083334885537624,0.444444477558136,0.4379069209098816,8192.0,43.0,0.8825584053993225
11000.0,90112000.0,1172867.8972127317,26656.088573016626,76.83047699928284,0.4000000059604645,0.699999988079071,0.4000000059604645,1.0,0.10000000149011612,0.10000000149011612,0.10000000149011612,0.20000000298023224,0.375,0.17247998714447021,0.369519978761673,0.08031997829675674,0.505359947681427,0.02547999657690525,0.02547999657690525,0.021879995241761208,0.07471999526023865,0.15940497815608978,220.0,0.006127770524471998,0.013215843588113785,-0.0004349361697677523,0.04521492123603821,46.868125915527344,0.11976796388626099,0.7389687299728394,4000.0,211464.0,0.25,0.19666066765785217,0.08442038297653198,0.8212488293647766,0.8516246676445007,0.0,0.0,242.0,5203.0,5203.0,352.0,-0.09184606373310089,0.011373525485396385,0.0002952310023829341,0.0,0.12941177189350128,0.08047254383563995,-0.1388278603553772,0.0,0.0,0.41803082823753357,8192.0,44.0,0.8938350081443787
11250.0,92160000.0,1202171.2140646153,26714.915868102562,76.66129326820374,1.0,1.0,0.20000000298023224,1.0,0.0,0.6000000238418579,0.0,0.5,0.5375000238418579,0.6655600070953369,0.4790799617767334,0.04663999006152153,0.49887996912002563,0.0,0.15431998670101166,0.0,0.1687999814748764,0.25165998935699463,196.0,0.006321024149656296,0.013508276082575321,-0.00038660940481349826,0.046504437923431396,46.327003479003906,0.12043265253305435,0.7270386219024658,4000.0,216336.0,0.2455902099609375,0.19214029610157013,0.0814652144908905,0.8206379413604736,0.8494282364845276,0.037109375,0.0185546875,242.0,5324.0,5324.0,360.0,-0.03421645984053612,0.0412592738866806,0.016131673008203506,0.02734375,0.10588235408067703,0.07587401568889618,0.014331504702568054,0.015625,0.5714285969734192,0.40274327993392944,8192.0,45.0,0.8869225382804871
11500.0,94208000.0,1320620.2713687106,28709.1363341024,71.3361759185791,1.0,1.0,0.9000000357627869,1.0,0.9000000357627869,1.0,0.9000000357627869,0.9000000357627869,0.9500000476837158,0.7274800539016724,0.727120041847229,0.4820399284362793,0.43191996216773987,0.4496400058269501,0.35127997398376465,0.2627999782562256,0.4697999954223633,0.4877599775791168,137.375,0.006253287196159363,0.01347392424941063,-0.00043677707435563207,0.04689803719520569,47.842376708984375,0.1178794801235199,0.744329035282135,4000.0,221208.0,0.25,0.19585998356342316,0.08309222757816315,0.8212577700614929,0.8503694534301758,0.0234375,0.01171875,242.0,5445.0,5445.0,368.0,-0.08618243038654327,0.030000606551766396,0.00036441785050556064,0.0,0.31470587849617004,0.10011778026819229,0.013461540453135967,0.015625,1.3333333730697632,0.45838305354118347,8192.0,46.0,0.8773576021194458
11750.0,96256000.0,1265939.924166382,26934.892003540044,76.03520369529724,1.0,0.9000000357627869,0.699999988079071,1.0,0.6000000238418579,0.5,0.5,0.20000000298023224,0.675000011920929,0.7019199728965759,0.6184800267219543,0.3237999677658081,0.4808800220489502,0.2860799729824066,0.06727998703718185,0.2364799827337265,0.05923999473452568,0.3467699885368347,186.125,0.006397471763193607,0.013696899637579918,-0.00040510829421691597,0.045870210975408554,47.124752044677734,0.11856519430875778,0.7249673008918762,4000.0,226080.0,0.25,0.197733536362648,0.08773589134216309,0.8224585056304932,0.8498134016990662,0.01171875,0.005859375,242.0,5566.0,5566.0,376.0,-0.09727667272090912,0.015452084131538868,0.004783404525369406,0.01171875,0.008823529817163944,0.09056390821933746,-0.12953299283981323,0.00390625,0.3333333432674408,0.3801165223121643,8192.0,47.0,0.8763214349746704
12000.0,98304000.0,1284923.6943631275,26769.243632565158,76.50571036338806,1.0,1.0,0.800000011920929,1.0,0.30000001192092896,0.10000000149011612,0.6000000238418579,0.10000000149011612,0.612500011920929,0.7166799902915955,0.6237999796867371,0.23983998596668243,0.472959965467453,0.051239993423223495,0.04887999966740608,0.2417999804019928,0.01431999821215868,0.30118998885154724,181.125,0.0062714540399611,0.01343080960214138,-0.0003960284811910242,0.04792176932096481,48.13987731933594,0.11823015660047531,0.7320703268051147,4000.0,230952.0,0.24609375,0.195309579372406,0.08684053272008896,0.8225820660591125,0.8491796255111694,0.017578125,0.0087890625,242.0,5687.0,5687.0,384.0,-0.04961702600121498,0.03230723366141319,0.007185826078057289,0.0234375,-0.11764705926179886,0.08184219896793365,-0.06259158998727798,0.00390625,0.1666666716337204,0.46330171823501587,8192.0,48.0,0.8728943467140198
12250.0,100352000.0,1299428.8832370734,26518.956800756598,77.22777390480042,0.5,0.6000000238418579,0.800000011920929,0.800000011920929,0.699999988079071,0.5,0.5,0.4000000059604645,0.6000000238418579,0.3714800179004669,0.3861599862575531,0.2895199954509735,0.38095998764038086,0.19491997361183167,0.27031999826431274,0.2242399901151657,0.12279999256134033,0.28004997968673706,140.75,0.006368343718349934,0.013564469292759895,-0.00036734124296344817,0.046549662947654724,46.90037536621094,0.11862455308437347,0.7214508652687073,4000.0,235824.0,0.25,0.19794854521751404,0.08879891782999039,0.8243933916091919,0.8505915999412537,0.041015625,0.0205078125,242.0,5808.0,5808.0,392.0,-0.06848518550395966,0.07927783578634262,0.001401291461661458,0.0,-0.2970588207244873,0.14248168468475342,0.023855315521359444,0.02734375,2.3333334922790527,0.42899972200393677,8192.0,49.0,0.8835861086845398
12500.0,102400000.0,1331979.511660774,26639.59023321548,76.87805938720703,0.6000000238418579,0.4000000059604645,0.5,0.9000000357627869,0.20000000298023224,0.0,0.6000000238418579,0.0,0.4000000059604645,0.2659199833869934,0.23368000984191895,0.162679985165596,0.44099998474121094,0.07255998998880386,0.0,0.3940800130367279,0.0,0.19623999297618866,236.625,0.0064930967055261135,0.013888340443372726,-0.0004110086301807314,0.040064845234155655,47.0467529296875,0.11074764281511307,0.7418732643127441,4000.0,240696.0,0.25,0.19532932341098785,0.08200354129076004,0.8265020847320557,0.8496820330619812,0.033203125,0.0166015625,242.0,5929.0,5929.0,400.0,-0.07806327939033508,0.056677453219890594,0.0005550647620111704,0.0,-0.3117647171020508,0.12395541369915009,-0.05810440704226494,0.0221354179084301,1.8888890743255615,0.44075512886047363,8192.0,50.0,0.890008807182312
12750.0,104448000.0,1366516.5942633608,26794.443024771783,76.43375897407532,1.0,0.9000000357627869,0.4000000059604645,1.0,0.0,0.10000000149011612,0.9000000357627869,0.10000000149011612,0.550000011920929,0.7069600224494934,0.5623199939727783,0.09327998012304306,0.4891599714756012,0.0,0.012519997544586658,0.541439950466156,0.04095999523997307,0.3058299720287323,180.0,0.006116889417171478,0.013135171495378017,-0.00041025420068763196,0.040442269295454025,45.954627990722656,0.11953728646039963,0.718377947807312,4000.0,245568.0,0.24998992681503296,0.19424790143966675,0.07943777740001678,0.8235697150230408,0.846146285533905,0.03515625,0.017578125,242.0,6050.0,6050.0,408.0,-0.08347050845623016,0.04760320857167244,0.0009154635481536388,0.0,0.2647058963775635,0.11774734407663345,-0.06428572535514832,0.0234375,2.0,0.36290642619132996,8192.0,51.0,0.8694314360618591
13000.0,106496000.0,1395295.0254251722,26832.596642791774,76.32507681846619,1.0,0.9000000357627869,0.0,1.0,1.0,0.5,1.0,0.9000000357627869,0.7875000238418579,0.7692400217056274,0.5662800073623657,0.0,0.490960031747818,0.5211999416351318,0.2839999794960022,0.5899600386619568,0.3355199694633484,0.4446449875831604,137.875,0.006219017319381237,0.013171632774174213,-0.00032981103868223727,0.036987993866205215,48.003753662109375,0.1149960532784462,0.7345841526985168,4000.0,250440.0,0.25,0.19699904322624207,0.08573747426271439,0.8234085440635681,0.8441680669784546,0.01171875,0.005859375,242.0,6171.0,6171.0,416.0,-0.12904325127601624,0.04322054237127304,0.0005234662094153464,0.0,0.08529412001371384,0.1288783997297287,-0.037820518016815186,0.0078125,0.6666666865348816,0.47027304768562317,8192.0,52.0,0.8732947111129761
13250.0,108544000.0,1412182.7028749962,26644.956658018797,76.86257576942444,1.0,1.0,1.0,1.0,0.0,0.4000000059604645,0.9000000357627869,1.0,0.7875000238418579,0.7372000217437744,0.6363999843597412,0.53631991147995,0.4960000216960907,0.0,0.227199986577034,0.33803996443748474,0.45639997720718384,0.4284449815750122,156.75,0.006522493902593851,0.013900118879973888,-0.00039062005816958845,0.03694573789834976,48.25600051879883,0.11575069278478622,0.7478200793266296,4000.0,255312.0,0.24860015511512756,0.19708672165870667,0.0882122665643692,0.8253666162490845,0.8425696492195129,0.01171875,0.005859375,242.0,6292.0,6292.0,424.0,-0.1290135532617569,0.029444295912981033,0.0011527736205607653,0.0,0.08235294371843338,0.11254413425922394,-0.1149725466966629,0.0078125,0.6666666865348816,0.3957514464855194,8192.0,53.0,0.8691980838775635
13500.0,110592000.0,1443730.0495824174,26735.741658933654,76.60157799720764,0.6000000238418579,0.5,1.0,1.0,0.20000000298023224,0.30000001192092896,0.9000000357627869,0.10000000149011612,0.574999988079071,0.3591599762439728,0.2818399965763092,0.4995999336242676,0.498879998922348,0.06247999146580696,0.07175999134778976,0.5360400080680847,0.03591999411582947,0.293209969997406,169.875,0.006484968587756157,0.013895895332098007,-0.00042433443013578653,0.03864500671625137,48.948001861572266,0.11223042756319046,0.7502492666244507,4000.0,260184.0,0.243896484375,0.1923592984676361,0.08250071853399277,0.8270642757415771,0.8414507508277893,0.03125,0.015625,242.0,6413.0,6413.0,432.0,-0.11791397631168365,0.06254172325134277,0.062068574130535126,0.0,0.07058823853731155,0.12169669568538666,-0.16304947435855865,0.02083333395421505,1.777777910232544,0.40273988246917725,8192.0,54.0,0.8971160054206848
13750.0,112640000.0,1464011.7923553938,26618.396224643522,76.93927097320557,0.800000011920929,0.6000000238418579,1.0,1.0,0.30000001192092896,0.699999988079071,1.0,1.0,0.800000011920929,0.3161599934101105,0.22919999063014984,0.5377599596977234,0.495279997587204,0.15599998831748962,0.399399995803833,0.5395600199699402,0.4528000056743622,0.39076998829841614,164.25,0.005844665225595236,0.012583311647176743,-0.00040899356827139854,0.037996988743543625,48.956626892089844,0.11159686744213104,0.749654233455658,4000.0,265056.0,0.24761581420898438,0.19096723198890686,0.07389683276414871,0.8317453861236572,0.8395224213600159,0.01171875,0.005859375,242.0,6534.0,6534.0,440.0,-0.07194773852825165,0.014382392168045044,0.00016242240963038057,0.0,0.10000000149011612,0.07653838396072388,-0.09093408286571503,0.0078125,0.6666666865348816,0.4428267478942871,8192.0,55.0,0.8937392830848694
14000.0,114688000.0,1493634.3771996354,26672.042449993492,76.7845208644867,0.800000011920929,0.30000001192092896,1.0,1.0,0.0,0.10000000149011612,1.0,0.5,0.5874999761581421,0.6084799766540527,0.13871999084949493,0.4211199879646301,0.49960002303123474,0.0,0.056439995765686035,0.37755998969078064,0.17743997275829315,0.28491997718811035,193.125,0.006318654399365187,0.013475785031914711,-0.00038205969030968845,0.03717854246497154,48.13675308227539,0.11159192770719528,0.7469643950462341,4000.0,269928.0,0.25,0.19198988378047943,0.07391782104969025,0.8341730833053589,0.8384946584701538,0.025390625,0.0126953125,242.0,6655.0,6655.0,448.0,-0.032782964408397675,0.019049441441893578,7.514495518989861e-05,0.0,0.34705883264541626,0.06839682161808014,-0.010439562611281872,0.01692708395421505,1.4444445371627808,0.4052785038948059,8192.0,56.0,0.905409574508667
14250.0,116736000.0,1529489.7517174373,26833.153538902407,76.32349276542664,1.0,0.9000000357627869,0.5,1.0,0.30000001192092896,0.0,0.9000000357627869,0.0,0.5750000476837158,0.7480000257492065,0.4708799421787262,0.11587997525930405,0.4657600522041321,0.09875999391078949,0.0,0.4082399308681488,0.0,0.2884399890899658,171.0,0.006469051353633404,0.013765198178589344,-0.00037692382466048,0.03662460669875145,47.14500045776367,0.11404740065336227,0.7470628023147583,4000.0,274800.0,0.2398466169834137,0.18454551696777344,0.07180162519216537,0.8339396119117737,0.837798535823822,0.0390625,0.01953125,242.0,6776.0,6776.0,456.0,-0.01703069731593132,0.061179980635643005,6.812004721723497e-05,0.0,0.17352941632270813,0.0885784775018692,-0.02696886844933033,0.0260416679084301,2.222222328186035,0.38805046677589417,8192.0,57.0,0.8963379859924316
14500.0,118784000.0,1550764.9258253141,26737.326307333,76.59703803062439,1.0,1.0,0.4000000059604645,1.0,0.0,0.4000000059604645,0.30000001192092896,0.6000000238418579,0.5875000357627869,0.7379200458526611,0.7336000204086304,0.06735998392105103,0.513279914855957,0.0,0.10407998412847519,0.11351998895406723,0.24143996834754944,0.3138999938964844,177.875,0.006752368062734604,0.014256766065955162,-0.0003364503209013492,0.03956437110900879,48.03550338745117,0.11481993645429611,0.7318528890609741,4000.0,279672.0,0.25,0.19255906343460083,0.07405251264572144,0.8312726020812988,0.8364908695220947,0.033203125,0.0166015625,242.0,6897.0,6897.0,464.0,-0.05668744444847107,0.08097164332866669,0.013561910949647427,0.015625,0.1147058829665184,0.12564021348953247,-0.08241759985685349,0.01692708395421505,1.0833333730697632,0.388841837644577,8192.0,58.0,0.8840881586074829
14750.0,120832000.0,1572789.0828905818,26657.44208289122,76.82657599449158,0.9000000357627869,0.9000000357627869,1.0,1.0,0.6000000238418579,0.699999988079071,1.0,0.699999988079071,0.8500000238418579,0.6699600219726562,0.5183999538421631,0.5067999362945557,0.5096799731254578,0.3127199709415436,0.17259998619556427,0.34911999106407166,0.26871997117996216,0.41349998116493225,140.0,0.0065174889750778675,0.013897906057536602,-0.00039448143797926605,0.03698279708623886,49.00650405883789,0.11470917612314224,0.7497994899749756,4000.0,284544.0,0.24529355764389038,0.19228869676589966,0.08127488940954208,0.8318490982055664,0.8361784815788269,0.01171875,0.005859375,242.0,7018.0,7018.0,472.0,-0.10277919471263885,0.023005429655313492,0.0012608449906110764,0.0,0.1411764770746231,0.11197042465209961,-0.029304035007953644,0.0078125,0.6666666865348816,0.42069143056869507,8192.0,59.0,0.8849818706512451
15000.0,122880000.0,1630986.5562488588,27183.109270814315,75.34090304374695,1.0,1.0,0.0,1.0,0.0,0.699999988079071,0.9000000357627869,0.30000001192092896,0.612500011920929,0.7551999688148499,0.7069600224494934,0.0,0.5067999362945557,0.0,0.28311997652053833,0.2959199547767639,0.07895999401807785,0.32836997509002686,167.0,0.006065468303859234,0.013041992671787739,-0.00041739208973012865,0.03813626617193222,49.03900146484375,0.11417218297719955,0.7533416748046875,4000.0,289416.0,0.25,0.19492800533771515,0.07959761470556259,0.8312283158302307,0.8354405164718628,0.0078125,0.00390625,242.0,7139.0,7139.0,480.0,-0.13457012176513672,0.031150413677096367,0.0002457567607052624,0.0,-0.12647059559822083,0.11294161528348923,-0.15902017056941986,0.0052083334885537624,0.444444477558136,0.3624292016029358,8192.0,60.0,0.8872432112693787
15250.0,124928000.0,1623464.0709319562,26614.165097245183,76.9515027999878,0.800000011920929,1.0,0.0,1.0,0.0,0.0,0.9000000357627869,0.10000000149011612,0.4749999940395355,0.2787199914455414,0.5809599757194519,0.0,0.4851999282836914,0.0,0.0,0.5569199919700623,0.0456399992108345,0.2434299886226654,202.75,0.0061461785808205605,0.013156689703464508,-0.00039578176802024245,0.03638448566198349,49.96025085449219,0.1122106984257698,0.7565651535987854,4000.0,294288.0,0.24631740152835846,0.19238312542438507,0.0793452039361,0.835184633731842,0.8369239568710327,0.005859375,0.0029296875,242.0,7260.0,7260.0,488.0,-0.09336335211992264,0.023095067590475082,0.00025152237503789365,0.0,-0.0235294122248888,0.09352698177099228,-0.09656595438718796,0.00390625,0.3333333432674408,0.388427197933197,8192.0,61.0,0.913100004196167
15500.0,126976000.0,1653598.9337599326,26670.950544515043,76.78766441345215,1.0,0.5,1.0,0.800000011920929,0.10000000149011612,0.20000000298023224,1.0,0.699999988079071,0.6625000238418579,0.669160008430481,0.24799998104572296,0.5413599610328674,0.23479998111724854,0.015399998985230923,0.04951999709010124,0.5165199637413025,0.24963997304439545,0.31554996967315674,184.75,0.0062433346174657345,0.013415735214948654,-0.0004278698470443487,0.03666282445192337,48.96837615966797,0.11018230020999908,0.7646903395652771,4000.0,299160.0,0.25,0.19149470329284668,0.07143246382474899,0.8346551656723022,0.8361085653305054,0.01953125,0.009765625,242.0,7381.0,7381.0,496.0,-0.03184325248003006,0.050324276089668274,0.0003657879133243114,0.0,0.07352941483259201,0.08833564817905426,0.004349817521870136,0.01302083395421505,1.1111111640930176,0.38323941826820374,8192.0,62.0,0.90320885181427
15750.0,129024000.0,1678976.3245750996,26650.417850398408,76.84682512283325,0.6000000238418579,1.0,0.0,1.0,0.0,0.10000000149011612,0.20000000298023224,0.10000000149011612,0.375,0.44123998284339905,0.40383997559547424,0.0,0.5060799717903137,0.0,0.05751999840140343,0.13303999602794647,0.011439996771514416,0.19414499402046204,198.75,0.006407839246094227,0.013652530498802662,-0.0003829023626167327,0.035523805767297745,50.48612594604492,0.11151687800884247,0.753412127494812,4000.0,304032.0,0.2498779594898224,0.19263692200183868,0.07477264851331711,0.8356850743293762,0.8339917659759521,0.01171875,0.005859375,242.0,7502.0,7502.0,504.0,-0.0723065584897995,0.012731763534247875,6.39543286524713e-05,0.0,-0.17058824002742767,0.07627099752426147,-0.08209708333015442,0.0078125,0.6666666865348816,0.3614158034324646,8192.0,63.0,0.8975693583488464
16000.0,131072000.0,1699052.6386283492,26547.697478567956,77.14416670799255,0.4000000059604645,1.0,0.0,1.0,0.20000000298023224,0.9000000357627869,0.20000000298023224,0.5,0.5249999761581421,0.29920002818107605,0.6097599864006042,0.0,0.5139999389648438,0.0459199920296669,0.19223998486995697,0.0934399962425232,0.09895998239517212,0.23168998956680298,192.0,0.006321689113974571,0.013407940976321697,-0.0003504297055769712,0.03185150772333145,48.407501220703125,0.10952533781528473,0.7621654272079468,4000.0,308904.0,0.2466336041688919,0.19111154973506927,0.0772990882396698,0.8371573686599731,0.8314006328582764,0.005859375,0.0029296875,242.0,7623.0,7623.0,512.0,-0.10253649950027466,0.0283412653952837,0.0004499505739659071,0.0,0.479411780834198,0.10917539894580841,0.013598903082311153,0.00390625,0.3333333432674408,0.34429436922073364,8192.0,64.0,0.9052256345748901
16250.0,133120000.0,1730042.1019571414,26616.032337802175,76.9461042881012,1.0,0.9000000357627869,0.800000011920929,0.9000000357627869,0.5,0.30000001192092896,0.800000011920929,1.0,0.7749999761581421,0.760960042476654,0.6537600159645081,0.393919974565506,0.4525199830532074,0.24980001151561737,0.1401599943637848,0.2535199820995331,0.42075997591018677,0.41567498445510864,165.875,0.006209653336554766,0.013300768099725246,-0.000406035193009302,0.034695401787757874,49.45112609863281,0.11494268476963043,0.7414675354957581,4000.0,313776.0,0.24716734886169434,0.19059260189533234,0.07439199090003967,0.8322278261184692,0.8274632692337036,0.015625,0.0078125,242.0,7744.0,7744.0,520.0,-0.04906377196311951,0.02497066557407379,0.014313376508653164,0.015625,0.7735294103622437,0.07900440692901611,-0.08667583763599396,0.0052083334885537624,0.3333333432674408,0.36740779876708984,8192.0,65.0,0.8995006680488586
16500.0,135168000.0,1799876.688021478,27270.858909416333,75.09847807884216,0.9000000357627869,1.0,0.20000000298023224,1.0,0.5,0.0,1.0,0.20000000298023224,0.6000000238418579,0.4697999954223633,0.8560000658035278,0.036559995263814926,0.5190399289131165,0.15043997764587402,0.0,0.37575995922088623,0.05815999582409859,0.3082199990749359,177.625,0.0059870388358831406,0.012820621021091938,-0.00038790685357525945,0.03536462038755417,48.639503479003906,0.11449579149484634,0.7391289472579956,4000.0,318648.0,0.25,0.1943836510181427,0.0776524767279625,0.8305224776268005,0.8254552483558655,0.013671875,0.0068359375,242.0,7865.0,7865.0,528.0,-0.045237183570861816,0.03874261677265167,0.0005545725580304861,0.0,-0.23235294222831726,0.09720899909734726,0.03786630555987358,0.00911458395421505,0.7777778506278992,0.3990016281604767,8192.0,66.0,0.8908588886260986
16750.0,137216000.0,1780517.9266832185,26574.89442810774,77.06521677970886,1.0,0.20000000298023224,0.10000000149011612,0.9000000357627869,0.10000000149011612,0.6000000238418579,0.10000000149011612,0.0,0.375,0.6720399856567383,0.06679999083280563,0.028359998017549515,0.26315999031066895,0.044199999421834946,0.19463999569416046,0.02547999657690525,0.0,0.16183499991893768,200.0,0.006035937927663326,0.012999268248677254,-0.0004293329839129001,0.03436250239610672,50.31550216674805,0.11318106949329376,0.7632064819335938,4000.0,323520.0,0.25,0.19520454108715057,0.07980992645025253,0.8320372700691223,0.8231494426727295,0.0078125,0.00390625,242.0,7986.0,7986.0,536.0,-0.08274795114994049,0.016072671860456467,0.00013959937496110797,0.0,0.5323529243469238,0.07714767754077911,-0.09189561754465103,0.0052083334885537624,0.444444477558136,0.42286229133605957,8192.0,67.0,0.892787754535675
17000.0,139264000.0,1813317.4148605957,26666.43257147935,76.80067420005798,1.0,0.699999988079071,1.0,1.0,0.9000000357627869,1.0,0.30000001192092896,1.0,0.862500011920929,0.7472800016403198,0.43719998002052307,0.3728799521923065,0.5010399222373962,0.4453199505805969,0.36639997363090515,0.11315999180078506,0.4297599792480469,0.4266299605369568,161.5,0.006088008172810078,0.01307362038642168,-0.0004158286319579929,0.03297347202897072,50.26150131225586,0.11668647080659866,0.7444901466369629,4000.0,328392.0,0.24847412109375,0.19204626977443695,0.07627256214618683,0.8307987451553345,0.8223986029624939,0.01953125,0.009765625,242.0,8107.0,8107.0,544.0,-0.0030850772745907307,0.05613165721297264,7.500515494029969e-05,0.0,0.13235294818878174,0.07347948849201202,0.10535716265439987,0.01302083395421505,1.1111111640930176,0.3419824242591858,8192.0,68.0,0.9001563191413879
17250.0,141312000.0,1836628.7262038242,26617.807626142378,76.94097232818604,1.0,1.0,0.800000011920929,1.0,1.0,0.20000000298023224,1.0,1.0,0.875,0.7422400712966919,0.7105600237846375,0.424159973859787,0.5211999416351318,0.5211999416351318,0.10063999146223068,0.3455199897289276,0.4635999798774719,0.47863999009132385,139.0,0.006346018053591251,0.013577750883996487,-0.00040795918903313577,0.03489821031689644,50.329002380371094,0.11496476829051971,0.7375373244285583,4000.0,333264.0,0.25,0.19333116710186005,0.07664604485034943,0.8303852081298828,0.8216122388839722,0.025390625,0.0126953125,242.0,8228.0,8228.0,552.0,-0.03483695536851883,0.026829559355974197,0.007720291614532471,0.0234375,-0.42352941632270813,0.07723924517631531,0.09427657723426819,0.00911458395421505,0.3888889253139496,0.3912205696105957,8192.0,69.0,0.8891199231147766
17500.0,143360000.0,1870929.9987159779,26727.571410228255,76.62499403953552,1.0,1.0,0.0,1.0,0.0,0.20000000298023224,0.699999988079071,1.0,0.612500011920929,0.6432399749755859,0.436240017414093,0.0,0.495279997587204,0.0,0.08623999357223511,0.1985199898481369,0.5017600059509277,0.2951599955558777,194.25,0.0063879466615617275,0.013618228957057,-0.00038685061736032367,0.03431706503033638,51.4691276550293,0.11512782424688339,0.7480000257492065,4000.0,338136.0,0.24607525765895844,0.1915804147720337,0.07835952937602997,0.8306522965431213,0.8193759322166443,0.005859375,0.0029296875,242.0,8349.0,8349.0,560.0,-0.04993882030248642,0.011400488205254078,0.0038023609668016434,0.01171875,-0.07941176742315292,0.06998492777347565,0.05297619849443436,0.0,0.0,0.3569508194923401,8192.0,70.0,0.8981819748878479
17750.0,145408000.0,1897810.2566003762,26729.72192394896,76.6188292503357,1.0,1.0,0.0,0.9000000357627869,0.0,0.0,0.0,1.0,0.48750001192092896,0.7559200525283813,0.526960015296936,0.0,0.3625199496746063,0.0,0.0,0.0,0.355599969625473,0.250124990940094,191.25,0.006420479156076908,0.013608506880700588,-0.00034966744715347886,0.03410697728395462,49.08725357055664,0.1138119101524353,0.7354323863983154,4000.0,343008.0,0.2461165338754654,0.19093191623687744,0.07632061839103699,0.828378438949585,0.8178878426551819,0.017578125,0.0087890625,242.0,8470.0,8470.0,568.0,-0.01233138982206583,0.030726075172424316,5.684384814230725e-05,0.0,0.20588235557079315,0.06996558606624603,0.11767401546239853,0.01171875,1.0,0.423273503780365,8192.0,71.0,0.8827389478683472
18000.0,147456000.0,1909868.2633692075,26525.948102350103,77.20741939544678,1.0,1.0,0.0,1.0,0.4000000059604645,0.0,0.10000000149011612,0.10000000149011612,0.44999998807907104,0.6781600117683411,0.7638400197029114,0.0,0.3973599672317505,0.07887998223304749,0.0,0.03051999770104885,0.01395999826490879,0.2453399896621704,217.0,0.006443697493523359,0.01380181685090065,-0.00042272478458471596,0.0344860777258873,49.029876708984375,0.11430913209915161,0.7331254482269287,4000.0,347880.0,0.2490234375,0.19468875229358673,0.080727718770504,0.8273783326148987,0.8180291056632996,0.046875,0.0234375,242.0,8591.0,8591.0,576.0,-0.029148247092962265,0.03963470086455345,0.04112103581428528,0.0,0.6235294342041016,0.08926042914390564,0.11858976632356644,0.03125,2.6666667461395264,0.3805617690086365,8192.0,72.0,0.8814162611961365
18250.0,149504000.0,1937238.6112961448,26537.51522323486,77.17376637458801,0.9000000357627869,0.6000000238418579,0.0,1.0,0.10000000149011612,0.30000001192092896,0.20000000298023224,0.800000011920929,0.48750001192092896,0.5619600415229797,0.5128800272941589,0.0,0.495279997587204,0.018999993801116943,0.0350399911403656,0.0711199939250946,0.3460399806499481,0.2551650106906891,181.5,0.006280295550823212,0.013383847661316395,-0.00037897919537499547,0.032649166882038116,50.968502044677734,0.11520478874444962,0.741288959980011,4000.0,352752.0,0.2490835189819336,0.19524706900119781,0.08274342864751816,0.8259210586547852,0.8170789480209351,0.01171875,0.005859375,242.0,8712.0,8712.0,584.0,-0.059302687644958496,0.026310482993721962,0.00011003253166563809,0.0,-0.12941177189350128,0.08290708065032959,-0.06309524923563004,0.0078125,0.6666666865348816,0.39946722984313965,8192.0,73.0,0.8821960091590881
18500.0,151552000.0,1965278.7023865206,26557.820302520548,77.11476230621338,1.0,0.9000000357627869,0.0,0.20000000298023224,0.0,0.0,0.0,0.0,0.26250001788139343,0.7753600478172302,0.6213600039482117,0.0,0.06823999434709549,0.0,0.0,0.0,0.0,0.1831200122833252,194.875,0.006418281700462103,0.01371790375560522,-0.0004087827983312309,0.03188740089535713,51.48625183105469,0.11374460905790329,0.7304822206497192,4000.0,357624.0,0.25,0.194911390542984,0.08110356330871582,0.8253486752510071,0.8172785043716431,0.0,0.0,242.0,8833.0,8833.0,592.0,-0.07997281849384308,0.012584863230586052,0.0001862733333837241,0.0,0.40882354974746704,0.07803985476493835,-0.014880955219268799,0.0,0.0,0.41165006160736084,8192.0,74.0,0.8586812615394592
18750.0,153600000.0,2001091.672231069,26681.222296414257,76.75810265541077,1.0,0.699999988079071,1.0,0.6000000238418579,0.9000000357627869,0.4000000059604645,0.9000000357627869,0.4000000059604645,0.7375000715255737,0.7177600264549255,0.5552800297737122,0.3699999749660492,0.30407997965812683,0.46907997131347656,0.057639993727207184,0.5230799913406372,0.1645599901676178,0.3951849937438965,144.625,0.006142010912299156,0.013093157671391964,-0.0003723439876921475,0.03222370892763138,51.0941276550293,0.1118093878030777,0.7429142594337463,4000.0,362496.0,0.25,0.19910572469234467,0.09047659486532211,0.825310468673706,0.8185393810272217,0.005859375,0.0029296875,242.0,8954.0,8954.0,600.0,-0.07294729351997375,0.026281189173460007,0.00041380617767572403,0.0,0.34705883264541626,0.08333908021450043,-0.10796704888343811,0.00390625,0.3333333432674408,0.4262247681617737,8192.0,75.0,0.8607203960418701
19000.0,155648000.0,2023270.944906338,26621.986117188655,76.92889595031738,1.0,0.9000000357627869,0.10000000149011612,1.0,0.4000000059604645,0.5,0.30000001192092896,0.9000000357627869,0.637499988079071,0.7274800539016724,0.4582799971103668,0.016839999705553055,0.4995999336242676,0.07599998265504837,0.17132000625133514,0.11603999137878418,0.41759997606277466,0.3103950023651123,187.25,0.006329002790153027,0.013517298735678196,-0.00039821502286940813,0.031431280076503754,50.304378509521484,0.11132095754146576,0.7566842436790466,4000.0,367368.0,0.24571895599365234,0.19624625146389008,0.08916812390089035,0.8281167149543762,0.8188130259513855,0.044921875,0.0224609375,242.0,9075.0,9075.0,608.0,-0.04837079346179962,0.016570672392845154,0.0048467423766851425,0.01171875,-0.09117647260427475,0.07970135658979416,-0.028388284146785736,0.0260416679084301,2.222222328186035,0.3636915385723114,8192.0,76.0,0.8771592378616333
19250.0,157696000.0,2043356.7615311502,26537.100799105847,77.17497158050537,1.0,1.0,0.0,1.0,0.0,1.0,0.20000000298023224,1.0,0.6499999761581421,0.7480000257492065,0.4153599739074707,0.0,0.49383997917175293,0.0,0.2871999740600586,0.12800000607967377,0.42687997221946716,0.31240999698638916,200.125,0.006125942803919315,0.01304612122476101,-0.0003668347198981792,0.030282750725746155,52.27962875366211,0.11375010758638382,0.7427371144294739,4000.0,372240.0,0.25,0.1964545100927353,0.08448358625173569,0.8276447057723999,0.8162038922309875,0.0,0.0,242.0,9196.0,9196.0,616.0,-0.07838352024555206,0.01642562448978424,0.0004467480175662786,0.0,0.34117648005485535,0.09016726911067963,0.022252751514315605,0.0,0.0,0.4145953059196472,8192.0,77.0,0.9000096917152405
19500.0,159744000.0,2058945.0323037144,26396.731183380954,77.58536410331726,1.0,0.9000000357627869,0.0,1.0,1.0,1.0,1.0,0.5,0.800000011920929,0.6403599977493286,0.5061599612236023,0.0,0.48375996947288513,0.2972799837589264,0.30159997940063477,0.31383997201919556,0.20695999264717102,0.34374499320983887,175.125,0.006090555340051651,0.012990672141313553,-0.00037321526906453073,0.03156550973653793,52.548004150390625,0.11157550662755966,0.7470659613609314,4000.0,377112.0,0.2487688809633255,0.19181346893310547,0.07617006450891495,0.8277164697647095,0.8153442740440369,0.005859375,0.0029296875,242.0,9317.0,9317.0,624.0,-0.030807998031377792,0.030772024765610695,0.00011689178791129962,0.0,0.31470587849617004,0.06757852435112,0.01607143133878708,0.00390625,0.3333333432674408,0.3173401355743408,8192.0,78.0,0.8732267022132874
19750.0,161792000.0,2089122.8250965516,26444.59272274116,77.44494390487671,1.0,1.0,0.10000000149011612,1.0,0.9000000357627869,0.800000011920929,1.0,0.5,0.7875000238418579,0.7750000357627869,0.6731200218200684,0.026919996365904808,0.5039199590682983,0.3243599832057953,0.14479997754096985,0.31167998909950256,0.17059998214244843,0.36629998683929443,169.375,0.006393526215106249,0.013578694313764572,-0.00036408903542906046,0.03173166885972023,52.46562576293945,0.11368852853775024,0.7391395568847656,4000.0,381984.0,0.24609375,0.1921549141407013,0.08131884783506393,0.826161801815033,0.8160164952278137,0.013671875,0.0068359375,242.0,9438.0,9438.0,632.0,-0.08541794121265411,0.027198689058423042,9.474370745010674e-05,0.0,0.43529412150382996,0.09448079019784927,-0.06630037724971771,0.00911458395421505,0.7777778506278992,0.4400184750556946,8192.0,79.0,0.8615104556083679
20000.0,163840000.0,2126193.5076378714,26577.418845473396,77.05789685249329,1.0,1.0,1.0,1.0,0.5,0.30000001192092896,1.0,0.30000001192092896,0.762499988079071,0.6392800211906433,0.33903998136520386,0.33399996161460876,0.5067999362945557,0.2605999708175659,0.042239993810653687,0.36351996660232544,0.1329599916934967,0.32730498909950256,185.75,0.006513128522783518,0.013837751001119614,-0.000376206764485687,0.029540497809648514,52.29387664794922,0.10785706341266632,0.7752248644828796,4000.0,386856.0,0.2472703456878662,0.19588656723499298,0.08649095147848129,0.8319657444953918,0.8167500495910645,0.017578125,0.0087890625,242.0,9559.0,9559.0,640.0,-0.11425280570983887,0.042638134211301804,0.0007238224497996271,0.0,-0.479411780834198,0.1186387911438942,-0.021840663626790047,0.01171875,1.0,0.43557631969451904,8192.0,80.0,0.8775450587272644
20250.0,165888000.0,2165606.809310524,26735.886534697824,76.60116291046143,1.0,1.0,0.10000000149011612,0.9000000357627869,0.699999988079071,0.10000000149011612,0.800000011920929,0.20000000298023224,0.6000000238418579,0.652239978313446,0.34191998839378357,0.028359998017549515,0.3149999678134918,0.16899998486042023,0.015039998106658459,0.1836799681186676,0.027199996635317802,0.21655496954917908,218.75,0.006640980951488018,0.014020063914358616,-0.00033921259455382824,0.029838334769010544,51.86587905883789,0.10834495723247528,0.7676008939743042,4000.0,391728.0,0.25,0.19669702649116516,0.08379845321178436,0.833431601524353,0.8162201046943665,0.04296875,0.021484375,242.0,9680.0,9680.0,648.0,-0.07048198580741882,0.04255106300115585,0.00044090222218073905,0.0,-0.05588235333561897,0.11000937223434448,0.019184984266757965,0.02864583395421505,2.4444446563720703,0.353778213262558,8192.0,81.0,0.8941046595573425
20500.0,167936000.0,2182766.842881441,26619.107840017572,76.93721413612366,1.0,1.0,0.9000000357627869,1.0,0.9000000357627869,0.0,1.0,1.0,0.8500000238418579,0.6601600050926208,0.43911996483802795,0.29555997252464294,0.47655993700027466,0.22859998047351837,0.0,0.5723199844360352,0.34335997700691223,0.37695997953414917,168.5,0.006355666555464268,0.013467471115291119,-0.00034993444569408894,0.028134074062108994,53.205501556396484,0.11164803057909012,0.7503206133842468,4000.0,396600.0,0.24996274709701538,0.19329872727394104,0.07549001276493073,0.8339495062828064,0.8165340423583984,0.046875,0.0234375,242.0,9801.0,9801.0,656.0,-0.030455471947789192,0.039559800177812576,0.003598971990868449,0.01171875,0.2235294133424759,0.07979770004749298,0.04235348850488663,0.02734375,2.3333334922790527,0.36664533615112305,8192.0,82.0,0.8957297205924988
20750.0,169984000.0,2210030.9042024827,26626.87836388533,76.91476154327393,1.0,1.0,1.0,1.0,0.9000000357627869,0.0,0.800000011920929,1.0,0.8374999761581421,0.6875200271606445,0.5676400065422058,0.47655993700027466,0.4405599534511566,0.45323997735977173,0.0,0.27296000719070435,0.39879995584487915,0.4121599793434143,177.75,0.006160503253340721,0.013093991205096245,-0.00035836396273225546,0.0281287282705307,51.007625579833984,0.10917540639638901,0.7580659985542297,4000.0,401472.0,0.2490234375,0.19238333404064178,0.07514076679944992,0.8322147727012634,0.8135111331939697,0.013671875,0.0068359375,242.0,9922.0,9922.0,664.0,-0.00011297408491373062,0.06165565550327301,9.898841381072998e-05,0.0,0.31470587849617004,0.08727120608091354,0.09748170524835587,0.00911458395421505,0.7777778506278992,0.38465189933776855,8192.0,83.0,0.8842289447784424
21000.0,172032000.0,2249061.717222004,26774.544252642907,76.49056434631348,1.0,0.800000011920929,1.0,1.0,0.9000000357627869,0.10000000149011612,0.0,0.6000000238418579,0.675000011920929,0.6976000070571899,0.3391999900341034,0.4304799735546112,0.5067999362945557,0.2761199474334717,0.015039998106658459,0.0,0.18239998817443848,0.3059549927711487,180.625,0.0064430455677211285,0.013550583273172379,-0.00030509891803376377,0.0271470807492733,52.1983757019043,0.10950354486703873,0.7499916553497314,4000.0,406344.0,0.24773089587688446,0.19152095913887024,0.07592567801475525,0.8329727053642273,0.8123915195465088,0.01171875,0.005859375,242.0,10043.0,10043.0,672.0,-0.05965445190668106,0.024831140413880348,0.0001267587358597666,0.0,-0.21764706075191498,0.07380944490432739,-0.10334251075983047,0.0078125,0.6666666865348816,0.3489212691783905,8192.0,84.0,0.892065167427063
21250.0,174080000.0,2262266.414899579,26614.898998818575,76.94938087463379,1.0,1.0,0.9000000357627869,1.0,0.5,0.0,0.5,1.0,0.737500011920929,0.5244399905204773,0.5147199630737305,0.21059997379779816,0.5067999362945557,0.2605999708175659,0.0,0.16627998650074005,0.3023199737071991,0.31071996688842773,187.5,0.006445810664445162,0.013599175028502941,-0.00032436425681225955,0.02941272407770157,52.00537872314453,0.11225087195634842,0.7518669962882996,4000.0,411216.0,0.25,0.19321440160274506,0.07544887065887451,0.8333077430725098,0.812001645565033,0.0,0.0,242.0,10164.0,10164.0,680.0,-0.0672355368733406,0.046488747000694275,3.8808044337201864e-05,0.0,0.3294117748737335,0.09485112130641937,0.003113553626462817,0.0,0.0,0.28898823261260986,8192.0,85.0,0.9024535417556763
21500.0,176128000.0,2303181.466930748,26781.179848031952,76.47161221504211,1.0,1.0,0.0,1.0,0.800000011920929,0.6000000238418579,1.0,1.0,0.800000011920929,0.6641200184822083,0.5975199937820435,0.0,0.48375993967056274,0.1937599629163742,0.06431998312473297,0.325359970331192,0.4182399809360504,0.3433849811553955,181.125,0.0062895300798118114,0.01330261304974556,-0.0003334566717967391,0.028319524601101875,52.45850372314453,0.11041869968175888,0.7601283192634583,4000.0,416088.0,0.2497243881225586,0.19215846061706543,0.07261596620082855,0.8323526978492737,0.808910071849823,0.01953125,0.009765625,242.0,10285.0,10285.0,688.0,-0.07753284275531769,0.03187613934278488,0.00019298744155094028,0.0,-0.15882353484630585,0.09526383876800537,0.07170330733060837,0.01302083395421505,1.1111111640930176,0.42956191301345825,8192.0,86.0,0.8900991678237915
21750.0,178176000.0,2322862.0705374284,26699.564029165842,76.70537233352661,0.9000000357627869,0.9000000357627869,0.0,1.0,0.9000000357627869,0.10000000149011612,0.800000011920929,0.30000001192092896,0.612500011920929,0.511199951171875,0.5061599612236023,0.0,0.5067999362945557,0.22499994933605194,0.0179199930280447,0.37087997794151306,0.08543998748064041,0.2779249846935272,191.875,0.006110024638473988,0.012937400490045547,-0.000330588489305228,0.028086751699447632,52.44712829589844,0.113762266933918,0.7615031003952026,4000.0,420960.0,0.24117091298103333,0.18966242671012878,0.08063246309757233,0.8306848406791687,0.8064601421356201,0.01171875,0.005859375,242.0,10406.0,10406.0,696.0,-0.09086886048316956,0.038624107837677,0.00019065095693804324,0.0,0.364705890417099,0.10369301587343216,-0.002106227446347475,0.0078125,0.6666666865348816,0.39563626050949097,8192.0,87.0,0.8987267017364502
22000.0,180224000.0,2342037.436380328,26614.061777049184,76.95180153846741,1.0,1.0,1.0,1.0,1.0,0.0,0.9000000357627869,1.0,0.862500011920929,0.751960039138794,0.7832800149917603,0.30375996232032776,0.5067999362945557,0.44631996750831604,0.0,0.32868000864982605,0.41895994544029236,0.442469984292984,163.0,0.006482724566012621,0.013669591397047043,-0.00032522488618269563,0.026846183463931084,51.53050231933594,0.10848839581012726,0.7727907299995422,4000.0,425832.0,0.25,0.1934795081615448,0.07520709931850433,0.8339386582374573,0.8057720065116882,0.013671875,0.0068359375,242.0,10527.0,10527.0,704.0,0.06770682334899902,0.0877322405576706,0.01473912037909031,0.015625,0.061764705926179886,0.06710405647754669,0.18195973336696625,0.00390625,0.25,0.3208135664463043,8192.0,88.0,0.9136896133422852
22250.0,182272000.0,2374150.653218284,26675.850036160493,76.77356100082397,0.20000000298023224,0.5,0.800000011920929,1.0,1.0,0.0,1.0,1.0,0.6875,0.10676000267267227,0.291920006275177,0.23695997893810272,0.5067999362945557,0.39232000708580017,0.0,0.42615994811058044,0.3228399455547333,0.28546997904777527,199.125,0.00656590610742569,0.013886583968997002,-0.00034935559961013496,0.02803061343729496,51.11300277709961,0.1146043986082077,0.7420921325683594,4000.0,430704.0,0.24925413727760315,0.190720334649086,0.07110556215047836,0.8337894678115845,0.803037166595459,0.01171875,0.005859375,242.0,10648.0,10648.0,712.0,0.015702232718467712,0.048088476061820984,0.0035130337346345186,0.01171875,-0.1352941244840622,0.05283714830875397,0.06776557862758636,0.00390625,0.3333333432674408,0.37092840671539307,8192.0,89.0,0.9024719595909119
22500.0,184320000.0,2392159.0663043996,26579.545181159992,77.05173230171204,0.9000000357627869,1.0,1.0,1.0,1.0,0.0,1.0,1.0,0.862500011920929,0.5763599276542664,0.7667199969291687,0.47079992294311523,0.4952799379825592,0.5211999416351318,0.0,0.3354400098323822,0.39159998297691345,0.4446749687194824,149.75,0.005907315760850906,0.012545914389193058,-0.0003390977217350155,0.02654414437711239,52.06787872314453,0.11154390126466751,0.7531307339668274,4000.0,435576.0,0.25,0.19307541847229004,0.07446402311325073,0.8331987857818604,0.8006352186203003,0.005859375,0.0029296875,242.0,10769.0,10769.0,720.0,-0.034997813403606415,0.0144272455945611,5.983428854960948e-05,0.0,0.04117647185921669,0.06062652915716171,0.014514654874801636,0.00390625,0.3333333432674408,0.4391987919807434,8192.0,90.0,0.8974596261978149
22750.0,186368000.0,2441019.9520589137,26824.39507757048,76.34841322898865,1.0,1.0,1.0,1.0,1.0,0.10000000149011612,1.0,0.9000000357627869,0.875,0.614080011844635,0.7501600384712219,0.47223997116088867,0.5067999362945557,0.5211999416351318,0.011439996771514416,0.34839996695518494,0.31247997283935547,0.4420999586582184,142.75,0.006445982959121466,0.013717842288315296,-0.0003875085385516286,0.025429852306842804,50.65900421142578,0.10998225212097168,0.756492555141449,4000.0,440448.0,0.2499246895313263,0.1941189169883728,0.07661287486553192,0.8376372456550598,0.8024960160255432,0.033203125,0.0166015625,242.0,10890.0,10890.0,728.0,0.060100581496953964,0.07796745002269745,0.03360496088862419,0.01171875,0.2852941155433655,0.07153643667697906,0.17683152854442596,0.0182291679084301,1.5555557012557983,0.3597060739994049,8192.0,91.0,0.8947440385818481
23000.0,188416000.0,2457915.290104295,26716.470544611904,76.65683221817017,1.0,1.0,0.0,1.0,0.30000001192092896,0.10000000149011612,0.800000011920929,0.30000001192092896,0.5625,0.6652000546455383,0.7127200365066528,0.0,0.4895199239253998,0.07211999595165253,0.012159997597336769,0.421999990940094,0.11999998241662979,0.3117150068283081,200.625,0.006202240474522114,0.013077400624752045,-0.00031089098774828017,0.02556881494820118,51.03712844848633,0.1079254001379013,0.7680329084396362,4000.0,445320.0,0.24852612614631653,0.19353067874908447,0.07816339284181595,0.8405174016952515,0.8006555438041687,0.017578125,0.0087890625,242.0,11011.0,11011.0,736.0,-0.10130752623081207,0.03896741569042206,0.00020989542827010155,0.0,-0.09705882519483566,0.10452187806367874,-0.07536631077528,0.01171875,1.0,0.33730024099349976,8192.0,92.0,0.9085342884063721
23250.0,190464000.0,2461838.3022078234,26471.379593632508,77.3665759563446,0.800000011920929,0.9000000357627869,0.0,1.0,0.4000000059604645,0.10000000149011612,1.0,0.4000000059604645,0.574999988079071,0.5544800162315369,0.6436800360679626,0.0,0.49671992659568787,0.0968799814581871,0.021519994363188744,0.321399986743927,0.17787998914718628,0.2890700101852417,180.5,0.005980294663459063,0.012724388390779495,-0.00035401599598117173,0.027883823961019516,53.42525100708008,0.11107224225997925,0.7521738409996033,4000.0,450192.0,0.24875867366790771,0.19161823391914368,0.0727057233452797,0.8386517763137817,0.7983099818229675,0.01953125,0.009765625,242.0,11132.0,11132.0,744.0,-0.08787883073091507,0.03049580752849579,0.0037059166934341192,0.01171875,0.0470588244497776,0.09769982099533081,-0.0644688755273819,0.00911458395421505,0.7777778506278992,0.4473852217197418,8192.0,93.0,0.8886466026306152
23500.0,192512000.0,2497473.0983360256,26568.86274825559,77.08271217346191,1.0,0.30000001192092896,0.0,1.0,1.0,0.4000000059604645,1.0,0.4000000059604645,0.637499988079071,0.6936400532722473,0.0825599953532219,0.0,0.5067999362945557,0.24111996591091156,0.06447998434305191,0.3447999656200409,0.14763997495174408,0.26012998819351196,185.125,0.005539366044104099,0.011781333014369011,-0.0003268562431912869,0.024443767964839935,51.63637924194336,0.11038517951965332,0.7582268714904785,4000.0,455064.0,0.25,0.1950336992740631,0.08107483386993408,0.8403385281562805,0.7997801303863525,0.013671875,0.0068359375,242.0,11253.0,11253.0,752.0,-0.05401788279414177,0.029996437951922417,0.00011620725126704201,0.0,0.15294118225574493,0.08288826793432236,-0.01753663271665573,0.00911458395421505,0.7777778506278992,0.38133203983306885,8192.0,94.0,0.8854004144668579
23750.0,194560000.0,2534734.8326313696,26681.41929085652,76.75753593444824,1.0,0.800000011920929,1.0,1.0,1.0,0.699999988079071,1.0,0.800000011920929,0.9125000238418579,0.6976000070571899,0.30319997668266296,0.5427999496459961,0.43191996216773987,0.4657599627971649,0.0944799855351448,0.2475999891757965,0.2916799783706665,0.3843799829483032,168.75,0.006269546225667,0.01317143440246582,-0.0002891555486712605,0.02701517380774021,53.791751861572266,0.10942564159631729,0.7618842124938965,4000.0,459936.0,0.25,0.19717539846897125,0.0847143679857254,0.8390153646469116,0.7992157936096191,0.005859375,0.0029296875,242.0,11374.0,11374.0,760.0,-0.02871209755539894,0.026895303279161453,0.00016276471433229744,0.0,0.12352941185235977,0.0924331396818161,0.17582421004772186,0.00390625,0.3333333432674408,0.3590472936630249,8192.0,95.0,0.8960990905761719
24000.0,196608000.0,2552816.3671967024,26591.837158298986,77.01611542701721,0.699999988079071,1.0,1.0,1.0,1.0,1.0,0.9000000357627869,1.0,0.9500000476837158,0.4285599887371063,0.7875999808311462,0.5427999496459961,0.45207998156547546,0.5211999416351318,0.16767998039722443,0.33299994468688965,0.40599995851516724,0.4548649787902832,141.625,0.006457117386162281,0.013644418679177761,-0.00033932243240997195,0.025769364088773727,52.817378997802734,0.11144116520881653,0.7496474981307983,4000.0,464808.0,0.24084091186523438,0.18878088891506195,0.07834526151418686,0.8393523097038269,0.7985050678253174,0.0390625,0.01953125,242.0,11495.0,11495.0,768.0,-0.023579547181725502,0.014930092729628086,6.83783509884961e-05,0.0,0.10588235408067703,0.061779122799634933,0.01675824448466301,0.0260416679084301,2.222222328186035,0.4821895956993103,8192.0,96.0,0.8967915177345276
24250.0,198656000.0,2577416.271834171,26571.301771486294,77.07563662528992,1.0,1.0,0.9000000357627869,1.0,1.0,0.30000001192092896,1.0,1.0,0.8999999761581421,0.6846400499343872,0.7300000190734863,0.4323599338531494,0.5067999362945557,0.28071996569633484,0.03647999092936516,0.3692799508571625,0.40599995851516724,0.4307849407196045,151.625,0.006298566237092018,0.013319473713636398,-0.00033473302028141916,0.026437368243932724,54.08062744140625,0.11764068901538849,0.725631058216095,4000.0,469680.0,0.24609375,0.19286885857582092,0.08257874101400375,0.8359701037406921,0.7948088645935059,0.005859375,0.0029296875,242.0,11616.0,11616.0,776.0,-0.03438486158847809,0.026005424559116364,0.06142101436853409,0.0,0.20000000298023224,0.06317225098609924,-0.033653851598501205,0.00390625,0.3333333432674408,0.42884987592697144,8192.0,97.0,0.8736518025398254
24500.0,200704000.0,2606253.5676846467,26594.424160047416,77.0086236000061,0.9000000357627869,1.0,1.0,1.0,1.0,0.0,1.0,1.0,0.862500011920929,0.6224400401115417,0.7141600251197815,0.505359947681427,0.5067999362945557,0.40599995851516724,0.0,0.38152000308036804,0.4056399464607239,0.44273996353149414,139.5,0.006194985471665859,0.013075048103928566,-0.0003196172183379531,0.022921059280633926,53.947628021240234,0.1073773205280304,0.766329288482666,4000.0,474552.0,0.23980674147605896,0.19132375717163086,0.08850279450416565,0.8368746042251587,0.7974927425384521,0.013671875,0.0068359375,242.0,11737.0,11737.0,784.0,-0.034548498690128326,0.01842082478106022,0.03429907560348511,0.01171875,0.3176470696926117,0.06490346789360046,0.02536630444228649,0.0052083334885537624,0.444444477558136,0.34664255380630493,8192.0,98.0,0.8915567994117737
24750.0,202752000.0,2639350.812669941,26660.109218888294,76.81889009475708,0.20000000298023224,1.0,1.0,1.0,1.0,0.10000000149011612,1.0,1.0,0.7875000238418579,0.14851999282836914,0.5557599663734436,0.531279981136322,0.48879995942115784,0.5211999416351318,0.009999996982514858,0.3548799753189087,0.4092399775981903,0.3774600028991699,170.25,0.0060086920857429504,0.012727156281471252,-0.0003327227314002812,0.022163793444633484,53.905128479003906,0.10309721529483795,0.7901002168655396,4000.0,479424.0,0.24216042459011078,0.1895335167646408,0.07955630868673325,0.8400731086730957,0.7961469888687134,0.0,0.0,242.0,11858.0,11858.0,792.0,-0.04959225654602051,0.015787219628691673,7.711797661613673e-05,0.0,0.07941176742315292,0.06903921812772751,-0.02000916190445423,0.0,0.0,0.3881514072418213,8192.0,99.0,0.9062554240226746
25000.0,204800000.0,2642306.837686352,26423.06837686352,77.50803089141846,0.0,0.9000000357627869,1.0,1.0,1.0,0.30000001192092896,1.0,1.0,0.7749999761581421,0.0,0.6422399878501892,0.5427999496459961,0.5067999362945557,0.5211999416351318,0.08183999359607697,0.3548799753189087,0.40599995851516724,0.38196998834609985,164.625,0.006442868150770664,0.013590282760560513,-0.00033040804555639625,0.021864918991923332,52.14487838745117,0.1125815361738205,0.7502368688583374,4000.0,484296.0,0.24981307983398438,0.19305220246315002,0.07448475807905197,0.8384350538253784,0.7933567762374878,0.03125,0.015625,242.0,11979.0,11979.0,800.0,-0.041973650455474854,0.025408856570720673,0.006974761374294758,0.0234375,0.0941176488995552,0.0717027485370636,-0.04468865320086479,0.01302083395421505,0.5555555820465088,0.4056870937347412,8192.0,100.0,0.8971419334411621
25250.0,206848000.0,2678577.551126892,26520.569813137543,77.22307682037354,1.0,1.0,1.0,1.0,1.0,0.30000001192092896,1.0,1.0,0.9125000238418579,0.7120000123977661,0.7112800478935242,0.34839996695518494,0.5067999362945557,0.4585599899291992,0.03431999310851097,0.3505600094795227,0.4092399775981903,0.44139498472213745,151.0,0.00647283298894763,0.013654404319822788,-0.0003315486537758261,0.02282031998038292,54.70650100708008,0.1100640669465065,0.751825213432312,4000.0,489168.0,0.25,0.1934579461812973,0.07693059742450714,0.838456392288208,0.7920464277267456,0.0390625,0.01953125,242.0,12100.0,12100.0,808.0,-0.04674442112445831,0.05545699968934059,0.0005511917406693101,0.0,0.42352941632270813,0.10479795932769775,0.078342504799366,0.0260416679084301,2.222222328186035,0.39045584201812744,8192.0,101.0,0.8929160833358765
25500.0,208896000.0,2705967.2129819025,26529.090323351986,77.19827461242676,0.800000011920929,1.0,1.0,1.0,1.0,0.5,1.0,1.0,0.9125000238418579,0.5080400705337524,0.758080005645752,0.4549599587917328,0.4506399631500244,0.44847995042800903,0.06943999230861664,0.37143999338150024,0.40959998965263367,0.4338349997997284,150.375,0.0064956811256706715,0.01377227995544672,-0.00036604495835490525,0.024413827806711197,53.19412612915039,0.11346489191055298,0.7394996881484985,4000.0,494040.0,0.25,0.19369983673095703,0.07832817733287811,0.8356513977050781,0.7924433350563049,0.013671875,0.0068359375,242.0,12221.0,12221.0,816.0,-0.10773057490587234,0.037810150533914566,0.0001508310087956488,0.0,-0.1558823585510254,0.11395248770713806,0.06630037724971771,0.00911458395421505,0.7777778506278992,0.4161120653152466,8192.0,102.0,0.875070333480835
25750.0,210944000.0,2745875.4495774107,26658.984947353503,76.82212972640991,1.0,1.0,1.0,1.0,1.0,0.30000001192092896,1.0,1.0,0.9125000238418579,0.6608800292015076,0.723520040512085,0.4636000096797943,0.5024799704551697,0.4477599263191223,0.05231999233365059,0.3152799606323242,0.4160799980163574,0.44773998856544495,140.25,0.006381126120686531,0.013379925861954689,-0.0002850141027010977,0.02382252737879753,54.0097541809082,0.11046318709850311,0.7651817798614502,4000.0,498912.0,0.25,0.1974484771490097,0.08565554767847061,0.8370830416679382,0.7920606732368469,0.0234375,0.01171875,242.0,12342.0,12342.0,824.0,-0.0905449315905571,0.019431371241807938,0.003111790167167783,0.01171875,0.17352941632270813,0.0969921201467514,-0.04949634522199631,0.01171875,1.0,0.36078503727912903,8192.0,103.0,0.8879342675209045
26000.0,212992000.0,2766779.1128872903,26603.645316223945,76.98193144798279,0.699999988079071,0.800000011920929,1.0,1.0,1.0,0.20000000298023224,1.0,0.800000011920929,0.8125,0.370959997177124,0.6048799753189087,0.5197599530220032,0.4995999336242676,0.5211999416351318,0.02359999530017376,0.3872799575328827,0.32263997197151184,0.40623995661735535,153.25,0.006414636038243771,0.013569742441177368,-0.0003449561190791428,0.025280091911554337,52.40287780761719,0.10562393814325333,0.7529890537261963,4000.0,503784.0,0.24999964237213135,0.1952286958694458,0.07939371466636658,0.8392082452774048,0.7922742962837219,0.037109375,0.0185546875,242.0,12463.0,12463.0,832.0,-0.025390420109033585,0.023414598777890205,0.0003057681315112859,0.0,0.1147058829665184,0.07553474605083466,0.14693225920200348,0.02473958395421505,2.1111111640930176,0.3747991919517517,8192.0,104.0,0.9060265421867371
26250.0,215040000.0,2799505.268791597,26661.95494087235,76.81357216835022,0.20000000298023224,1.0,1.0,1.0,1.0,0.5,1.0,0.6000000238418579,0.7875000238418579,0.09703999012708664,0.7120000720024109,0.45639991760253906,0.5039199590682983,0.4427199363708496,0.055759984999895096,0.3944799602031708,0.2752799987792969,0.36719998717308044,165.5,0.006425573490560055,0.013696769252419472,-0.0003957534790970385,0.027057869359850883,54.13262939453125,0.11130540817975998,0.7529121041297913,4000.0,508656.0,0.25,0.19285741448402405,0.07524080574512482,0.8368358612060547,0.7914089560508728,0.005859375,0.0029296875,242.0,12584.0,12584.0,840.0,-0.09913457185029984,0.02494920790195465,0.00041116002830676734,0.0,-0.1617647111415863,0.09455431997776031,-0.1228937953710556,0.00390625,0.3333333432674408,0.32994088530540466,8192.0,105.0,0.887825608253479
26500.0,217088000.0,2813366.6378282085,26541.19469649253,77.16306757926941,0.699999988079071,0.5,1.0,1.0,1.0,0.6000000238418579,1.0,1.0,0.8500000238418579,0.454120010137558,0.39056000113487244,0.48951998353004456,0.49383994936943054,0.5211999416351318,0.07079998403787613,0.37432000041007996,0.4564000070095062,0.4063449800014496,181.75,0.006609369534999132,0.013984980061650276,-0.0003594083245843649,0.02371278777718544,53.63762664794922,0.10870975255966187,0.7455084919929504,4000.0,513528.0,0.2412170171737671,0.1904330849647522,0.08233626186847687,0.8387824296951294,0.792256772518158,0.03515625,0.017578125,242.0,12705.0,12705.0,848.0,0.013451183214783669,0.041994091123342514,0.037998225539922714,0.0234375,0.24705882370471954,0.07730035483837128,0.17719782888889313,0.015625,0.6666666865348816,0.40924906730651855,8192.0,106.0,0.8789644241333008
26750.0,219136000.0,2836742.8183600325,26511.615124860116,77.24916005134583,0.5,0.5,1.0,1.0,1.0,0.699999988079071,1.0,0.6000000238418579,0.7875000238418579,0.3020000159740448,0.34015998244285583,0.5197599530220032,0.5067999362945557,0.5211999416351318,0.4199199676513672,0.48736000061035156,0.24647998809814453,0.41795995831489563,135.125,0.006438863463699818,0.013625073246657848,-0.0003494949487503618,0.024177908897399902,55.079254150390625,0.10848367214202881,0.7676485776901245,4000.0,518400.0,0.24757321178913116,0.194636732339859,0.0820731520652771,0.8407444953918457,0.7929639220237732,0.005859375,0.0029296875,242.0,12826.0,12826.0,856.0,-0.06825999915599823,0.016636744141578674,0.000433605833677575,0.0,-0.21470588445663452,0.07889622449874878,-0.06771979480981827,0.00390625,0.3333333432674408,0.3562406897544861,8192.0,107.0,0.8963401317596436
27000.0,221184000.0,2877802.643704291,26646.320775039734,76.85864090919495,1.0,1.0,1.0,1.0,1.0,1.0,0.4000000059604645,0.9000000357627869,0.9125000238418579,0.5402799844741821,0.8272000551223755,0.3426399528980255,0.355599969625473,0.4131999611854553,0.21879994869232178,0.23799999058246613,0.42083999514579773,0.4195699989795685,138.75,0.005975298583507538,0.012708772905170918,-0.0003562040510587394,0.022883890196681023,53.0733757019043,0.1078529804944992,0.7739284038543701,4000.0,523272.0,0.24593420326709747,0.19049547612667084,0.07595119625329971,0.8449047207832336,0.7922009229660034,0.0,0.0,242.0,12947.0,12947.0,864.0,-0.05746949464082718,0.02391131781041622,3.8172060158103704e-05,0.0,-0.21764706075191498,0.06872612237930298,-0.06611722707748413,0.0,0.0,0.30665451288223267,8192.0,108.0,0.915774941444397
27250.0,223232000.0,2913691.366145281,26731.113450874138,76.6148407459259,0.699999988079071,0.6000000238418579,1.0,1.0,1.0,0.0,1.0,1.0,0.7875000238418579,0.3853599727153778,0.4257600009441376,0.4851999282836914,0.5067999362945557,0.5211999416351318,0.0,0.4477599263191223,0.40959998965263367,0.3977099657058716,158.5,0.006592272315174341,0.01390781532973051,-0.00033828936284407973,0.02334626577794552,55.46975326538086,0.10860598087310791,0.7586877346038818,4000.0,528144.0,0.24847412109375,0.1891116201877594,0.06876883655786514,0.8474441170692444,0.7916098833084106,0.01171875,0.005859375,242.0,13068.0,13068.0,872.0,-0.03643973171710968,0.026251187548041344,0.004050272051244974,0.01171875,0.2911764681339264,0.08003062754869461,0.08209708333015442,0.00390625,0.3333333432674408,0.37061333656311035,8192.0,109.0,0.926594078540802
27500.0,225280000.0,2947888.12023926,26798.982911266,76.42081069946289,1.0,0.4000000059604645,0.0,1.0,0.30000001192092896,0.800000011920929,0.30000001192092896,0.9000000357627869,0.5875000357627869,0.6399999856948853,0.3071199953556061,0.0,0.46935996413230896,0.08795998990535736,0.26791998744010925,0.15491999685764313,0.44460001587867737,0.2964850068092346,161.75,0.006328443996608257,0.013392734341323376,-0.00034598971251398325,0.021933553740382195,53.31612777709961,0.1099420040845871,0.7549445629119873,4000.0,533016.0,0.25,0.1889750063419342,0.06364675611257553,0.8464551568031311,0.7916930913925171,0.041015625,0.0205078125,242.0,13189.0,13189.0,880.0,-0.07679881155490875,0.03052566386759281,0.0047255163080990314,0.01171875,-0.16470588743686676,0.09850500524044037,-0.05956960842013359,0.0234375,2.0,0.37283363938331604,8192.0,110.0,0.9114251136779785
27750.0,227328000.0,2953923.552561636,26611.923896951674,76.95798349380493,1.0,0.4000000059604645,0.10000000149011612,1.0,0.800000011920929,0.9000000357627869,0.9000000357627869,0.5,0.7000000476837158,0.5532399415969849,0.27183997631073,0.024039996787905693,0.5067999362945557,0.25063997507095337,0.31247997283935547,0.450359970331192,0.2393600046634674,0.32609498500823975,181.375,0.006456975359469652,0.013549183495342731,-0.00029603490838781,0.021580908447504044,53.35612869262695,0.10500854253768921,0.7786926031112671,4000.0,537888.0,0.24482524394989014,0.18694406747817993,0.06845647096633911,0.8496915698051453,0.7907742261886597,0.017578125,0.0087890625,242.0,13310.0,13310.0,888.0,-0.15327781438827515,0.03752437233924866,0.000609756913036108,0.0,0.15000000596046448,0.12564557790756226,-0.09752748906612396,0.01171875,1.0,0.32092341780662537,8192.0,111.0,0.9171456098556519
28000.0,229376000.0,2984450.7137840306,26646.881373071705,76.85702395439148,1.0,1.0,1.0,1.0,1.0,1.0,1.0,1.0,1.0,0.5899600386619568,0.7141600847244263,0.3627999722957611,0.5067999362945557,0.5046399235725403,0.15111997723579407,0.565839946269989,0.4700799882411957,0.48317497968673706,138.125,0.006553562358021736,0.013859504833817482,-0.00035166461020708084,0.024525515735149384,54.53325271606445,0.10825590789318085,0.7597717642784119,4000.0,542760.0,0.25,0.19032804667949677,0.06806815415620804,0.8469144701957703,0.7885932922363281,0.0,0.0,242.0,13431.0,13431.0,896.0,-0.06350190937519073,0.012566737830638885,0.00033259871997870505,0.0,-0.2823529541492462,0.07491715997457504,-0.025641029700636864,0.0,0.0,0.35547971725463867,8192.0,112.0,0.8912518620491028
28250.0,231424000.0,3176319.7490983126,28109.024328303654,72.85916352272034,1.0,1.0,0.699999988079071,1.0,1.0,1.0,1.0,1.0,0.9624999761581421,0.701200008392334,0.730720043182373,0.19419996440410614,0.4981599450111389,0.30159997940063477,0.47439995408058167,0.612280011177063,0.40887996554374695,0.49017998576164246,130.0,0.00625629723072052,0.013219492509961128,-0.00032931219902820885,0.02413727343082428,55.97650146484375,0.11527182906866074,0.7466278672218323,4000.0,547632.0,0.2413930892944336,0.1889192759990692,0.07962575554847717,0.8431819081306458,0.785048246383667,0.025390625,0.0126953125,242.0,13552.0,13552.0,904.0,-0.057102981954813004,0.019562911242246628,0.0015703554963693023,0.0,-0.39411765336990356,0.07688022404909134,-0.05906594544649124,0.01692708395421505,1.4444445371627808,0.43200165033340454,8192.0,113.0,0.8858397603034973
28500.0,233472000.0,3193047.5729137,28009.189236085087,73.11886048316956,1.0,0.5,0.30000001192092896,1.0,0.9000000357627869,0.9000000357627869,0.20000000298023224,1.0,0.7250000238418579,0.6925600171089172,0.40064001083374023,0.04187999293208122,0.46935996413230896,0.30131998658180237,0.2851199805736542,0.0984799936413765,0.47835999727249146,0.3459649980068207,187.375,0.006505484692752361,0.013696222566068172,-0.00032078364165499806,0.02184249646961689,52.76100158691406,0.1063569113612175,0.7716444730758667,4000.0,552504.0,0.25,0.19608654081821442,0.08133874833583832,0.8446191549301147,0.7848981022834778,0.0078125,0.00390625,242.0,13673.0,13673.0,912.0,-0.04861804097890854,0.02252374403178692,0.00043486541835591197,0.0,-0.10882353037595749,0.06492443382740021,-0.1210165023803711,0.0052083334885537624,0.444444477558136,0.42937058210372925,8192.0,114.0,0.8923034071922302
28750.0,235520000.0,3233555.4794734144,28117.87373455143,72.8362329006195,0.5,1.0,1.0,1.0,1.0,0.20000000298023224,0.9000000357627869,1.0,0.8250000476837158,0.18175998330116272,0.6558400392532349,0.3195999562740326,0.4808799922466278,0.5211999416351318,0.019999993965029716,0.3265199661254883,0.40959998965263367,0.3644249737262726,153.875,0.006454878021031618,0.013564247637987137,-0.0003056521818507463,0.0215937327593565,54.96312713623047,0.10826816409826279,0.7528538107872009,4000.0,557376.0,0.2490234375,0.1944175660610199,0.07967149466276169,0.8442842364311218,0.7860692739486694,0.029296875,0.0146484375,242.0,13794.0,13794.0,920.0,-0.05769341439008713,0.02937903068959713,0.004696231335401535,0.01171875,0.2705882489681244,0.09350114315748215,-0.06387364119291306,0.015625,1.3333333730697632,0.40367746353149414,8192.0,115.0,0.8931863307952881
29000.0,237568000.0,3264702.3290921017,28143.98559562157,72.76865577697754,0.0,0.6000000238418579,1.0,1.0,1.0,0.699999988079071,1.0,1.0,0.7875000238418579,0.0,0.4192800223827362,0.5125599503517151,0.48375993967056274,0.5211999416351318,0.5034400224685669,0.3483999967575073,0.40959998965263367,0.3997799754142761,154.25,0.006411360111087561,0.013433934189379215,-0.0002847962314262986,0.02081054076552391,55.23687744140625,0.10666324943304062,0.7561488151550293,4000.0,562248.0,0.24847412109375,0.19310016930103302,0.07753195613622665,0.8466035723686218,0.7883172035217285,0.060546875,0.0302734375,242.0,13915.0,13915.0,928.0,0.09231879562139511,0.09381204098463058,0.09982933104038239,0.0234375,0.2029411792755127,0.08473832905292511,0.21648354828357697,0.0325520858168602,1.3888890743255615,0.36390459537506104,8192.0,116.0,0.889633297920227
29250.0,239616000.0,3378941.554473284,28879.842345925506,70.91451454162598,1.0,0.800000011920929,1.0,1.0,1.0,0.9000000357627869,0.800000011920929,1.0,0.9375,0.6266800165176392,0.5393600463867188,0.24903996288776398,0.5039199590682983,0.47943994402885437,0.39024001359939575,0.28304001688957214,0.40959998965263367,0.4351649880409241,173.75,0.006938745733350515,0.01453752163797617,-0.00031036941800266504,0.019646069034934044,54.18150329589844,0.10968895256519318,0.7417933344841003,4000.0,567120.0,0.24084091186523438,0.18935687839984894,0.08042372763156891,0.8444920778274536,0.7892307639122009,0.02734375,0.013671875,242.0,14036.0,14036.0,936.0,-0.09282791614532471,0.05118383467197418,0.0038250114303082228,0.01171875,0.026470588520169258,0.11898155510425568,-0.06277474015951157,0.014322916977107525,1.2222223281860352,0.37086746096611023,8192.0,117.0,0.8840861916542053
29500.0,241664000.0,3781207.4604617176,32044.131020862016,63.9118595123291,0.9000000357627869,1.0,1.0,1.0,1.0,1.0,1.0,1.0,0.987500011920929,0.5619600415229797,0.7112800478935242,0.5427999496459961,0.5039199590682983,0.5211999416351318,0.5636799931526184,0.34804001450538635,0.39951997995376587,0.5190500020980835,127.625,0.006421525496989489,0.013531254604458809,-0.0003245873667765409,0.01951434090733528,52.3753776550293,0.11002092063426971,0.7515950798988342,4000.0,571992.0,0.243896484375,0.19125747680664062,0.08099011331796646,0.8414974212646484,0.787930965423584,0.03125,0.015625,242.0,14157.0,14157.0,944.0,-0.15454328060150146,0.07659248262643814,0.015627117827534676,0.015625,0.19411765038967133,0.14922894537448883,0.023855315521359444,0.015625,1.0,0.405706524848938,8192.0,118.0,0.8899869918823242
29750.0,243712000.0,4406331.701499788,37027.99749159486,55.30949926376343,1.0,0.800000011920929,1.0,1.0,1.0,1.0,0.9000000357627869,1.0,0.9624999761581421,0.701200008392334,0.6308000087738037,0.43192002177238464,0.47655996680259705,0.5211999416351318,0.3383199870586395,0.28044000267982483,0.4787200093269348,0.4823949933052063,151.0,0.006478034425526857,0.013676928356289864,-0.0003401937719900161,0.020235978066921234,54.05575180053711,0.10592174530029297,0.754288375377655,4000.0,576864.0,0.24944494664669037,0.19414977729320526,0.07689845561981201,0.8446894884109497,0.7879696488380432,0.013671875,0.0068359375,242.0,14278.0,14278.0,952.0,-0.14024880528450012,0.050549495965242386,0.0005595049588009715,0.0,-0.23529411852359772,0.12632037699222565,-0.186263769865036,0.00911458395421505,0.7777778506278992,0.3684750199317932,8192.0,119.0,0.9145774841308594
30000.0,245760000.0,4813553.811031131,40112.94842525943,51.05583310127258,1.0,1.0,1.0,1.0,1.0,0.9000000357627869,1.0,1.0,0.987500011920929,0.6990399956703186,0.5867199897766113,0.33111998438835144,0.49239999055862427,0.5211999416351318,0.4730399549007416,0.3483999967575073,0.4859199523925781,0.49222996830940247,142.625,0.0063905250281095505,0.013417580164968967,-0.00029793460271321237,0.020330503582954407,53.902626037597656,0.10439074784517288,0.7601873874664307,4000.0,581736.0,0.24609375,0.18646658957004547,0.0657794252038002,0.8449657559394836,0.786838710308075,0.01953125,0.009765625,242.0,14399.0,14399.0,960.0,-0.05380481481552124,0.01881728321313858,0.0038660136051476,0.01171875,0.4588235318660736,0.07535532116889954,0.09203298389911652,0.00911458395421505,0.7777778506278992,0.3904539942741394,8192.0,120.0,0.9023434519767761
