num_updates,num_env_steps,sps,steps_per_second,time_delta,solve_rate/SixteenRooms,solve_rate/SixteenRooms2,solve_rate/Labyrinth,solve_rate/LabyrinthFlipped,solve_rate/Labyrinth2,solve_rate/StandardMaze,solve_rate/StandardMaze2,solve_rate/StandardMaze3,solve_rate/mean,return/SixteenRooms,return/SixteenRooms2,return/Labyrinth,return/LabyrinthFlipped,return/Labyrinth2,return/StandardMaze,return/StandardMaze2,return/StandardMaze3,return/mean,eval_ep_lengths/mean,agent/loss,agent/critic_loss,agent/actor_loss,agent/entropy,level/mean_num_blocks,train/learnability,train/success_rate,level_sampler/size,level_sampler/episode_count,level_sampler/max_score,level_sampler/weighted_score,level_sampler/mean_score,level_sampler/mean_p,level_sampler/mean_max_return,sfl/topk_learnability,sfl/population_learnability,branch/num_dr_updates,branch/num_replay_updates,branch/num_mutation_updates,branch/num_sfl_updates,oracle/bias,oracle/brier,oracle/control_brier,oracle/control_learnability,oracle/control_rank_corr,oracle/predicted_learnability,oracle/rank_corr,oracle/selected_learnability,oracle/selection_gain,oracle/loss,oracle/observations,branch/num_oracle_inserts,oracle/buffer_mean_p
250.0,2048000.0,18468.202018178345,18468.202018178345,110.89330720901489,0.0,0.0,0.0,0.0,0.0,0.0,0.0,0.0,0.0,0.0,0.0,0.0,0.0,0.0,0.0,0.0,0.0,0.0,250.0,-0.0001879096234915778,0.003391433507204056,1.3612537763663113e-08,1.8836398124694824,23.309001922607422,0.0546562522649765,0.10137500613927841,1968.0,1968.0,0.25,nan,0.05554497241973877,0.10251525044441223,0.1783307045698166,0.12109375,0.060546875,242.0,0.0,0.0,8.0,0.390625,0.189453125,0.2109375,0.0390625,0.6705882549285889,0.25,0.6839745044708252,0.0677083358168602,1.7333334684371948,0.368932843208313,2000.0,1.0,0.13132229447364807
500.0,4096000.0,32363.120991138563,16181.560495569282,126.56381320953369,0.0,0.0,0.0,0.0,0.0,0.0,0.0,0.0,0.0,0.0,0.0,0.0,0.0,0.0,0.0,0.0,0.0,0.0,250.0,0.0003727820294443518,0.00414452888071537,-4.7789224481675774e-05,1.6516932249069214,25.253875732421875,0.13297422230243683,0.26340606808662415,2963.0,6840.0,0.25,nan,0.08946267515420914,0.13295727968215942,0.24047532677650452,0.109375,0.0546875,242.0,121.0,121.0,16.0,0.03574509173631668,0.031686194241046906,0.023610074073076248,0.0625,0.08529412001371384,0.11263664811849594,-0.07316850870847702,0.0520833358168602,0.8333333730697632,0.48322856426239014,6904.0,2.0,0.18077805638313293
750.0,6144000.0,81629.70941122643,27209.903137075475,75.26671409606934,0.20000000298023224,0.0,0.0,0.0,0.0,0.0,0.0,0.0,0.02500000037252903,0.07939999550580978,0.0,0.0,0.0,0.0,0.0,0.0,0.0,0.009924999438226223,250.0,0.002279398264363408,0.006606491282582283,-0.00012599513866007328,0.8978524208068848,25.91400146484375,0.1692642867565155,0.3780101537704468,3958.0,11712.0,0.24609375,nan,0.13375979661941528,0.2108481526374817,0.36100250482559204,0.21484375,0.130859375,242.0,242.0,242.0,24.0,-0.1286538541316986,0.08884204924106598,0.061247773468494415,0.09765625,-0.05882352963089943,0.1264953762292862,-0.012820514850318432,0.1419270932674408,1.4533333778381348,0.6170673370361328,8192.0,3.0,0.32161080837249756
1000.0,8192000.0,106946.99332984327,26736.74833246082,76.59869384765625,0.30000001192092896,0.0,0.0,0.0,0.0,0.0,0.0,0.0,0.03750000149011612,0.12647999823093414,0.0,0.0,0.0,0.0,0.0,0.0,0.0,0.015809999778866768,250.0,0.004560945089906454,0.01110938098281622,-0.0003120566834695637,0.6816883683204651,26.777751922607422,0.16380029916763306,0.51409512758255,4000.0,16584.0,0.25,0.23603615164756775,0.19436627626419067,0.25560593605041504,0.44832050800323486,0.203125,0.125,242.0,363.0,363.0,32.0,-0.18676447868347168,0.16173329949378967,0.1693912297487259,0.109375,-0.5676470994949341,0.2061687707901001,0.08044873178005219,0.1302083432674408,1.1904762983322144,0.6298081874847412,8192.0,4.0,0.467115581035614
1250.0,10240000.0,133821.88954182973,26764.37790836595,76.51961898803711,0.5,0.0,0.0,0.0,0.0,0.0,0.0,0.0,0.0625,0.20551998913288116,0.0,0.0,0.0,0.0,0.0,0.0,0.0,0.025689998641610146,246.625,0.005748430732637644,0.012797506526112556,-0.0001328909129370004,0.5174322128295898,27.354625701904297,0.1548929661512375,0.5955058932304382,4000.0,21456.0,0.2499426156282425,0.24358299374580383,0.21822252869606018,0.30695098638534546,0.5544726848602295,0.185546875,0.0927734375,242.0,484.0,484.0,40.0,-0.30449968576431274,0.15594515204429626,0.1391538679599762,0.10546875,0.550000011920929,0.24629443883895874,0.017719782888889313,0.0885416716337204,0.839506208896637,0.5217889547348022,8192.0,5.0,0.7452325820922852
1500.0,12288000.0,159614.10389576678,26602.35064929446,76.98567795753479,0.30000001192092896,0.0,0.0,0.0,0.0,0.0,0.0,0.0,0.03750000149011612,0.1502399891614914,0.0,0.0,0.0,0.0,0.0,0.0,0.0,0.018779998645186424,250.0,0.00573876453563571,0.012702450156211853,-0.0001974578044610098,0.4150019586086273,27.178251266479492,0.1531195193529129,0.6049472689628601,4000.0,26328.0,0.25,0.2245299220085144,0.1729300618171692,0.3576761484146118,0.6494792103767395,0.14453125,0.072265625,242.0,605.0,605.0,48.0,-0.21767181158065796,0.15320828557014465,0.09426942467689514,0.05859375,0.21764706075191498,0.22321876883506775,-0.09271979331970215,0.0768229216337204,1.3111112117767334,0.5053431987762451,8192.0,6.0,0.8557834625244141
1750.0,14336000.0,183880.94107392058,26268.705867702938,77.96349048614502,0.20000000298023224,0.0,0.0,0.0,0.0,0.0,0.0,0.0,0.02500000037252903,0.1074800044298172,0.0,0.0,0.0,0.0,0.0,0.0,0.0,0.01343500055372715,250.0,0.005884935613721609,0.012816507369279861,-0.00017679987649898976,0.3465183675289154,28.00950050354004,0.15347328782081604,0.6360815763473511,4000.0,31200.0,0.2481536865234375,0.20570220053195953,0.1317553073167801,0.404859721660614,0.72264564037323,0.123046875,0.0615234375,242.0,726.0,726.0,56.0,-0.25795820355415344,0.14215508103370667,0.056927286088466644,0.01171875,-0.2970588207244873,0.20938020944595337,-0.0026556781958788633,0.078125,6.6666669845581055,0.5006611347198486,8192.0,7.0,0.8831287026405334
2000.0,16384000.0,219758.998384839,27469.874798104876,74.55439877510071,0.0,0.0,0.0,0.0,0.0,0.0,0.0,0.0,0.0,0.0,0.0,0.0,0.0,0.0,0.0,0.0,0.0,0.0,250.0,0.005745631642639637,0.012639692053198814,-0.000261880224570632,0.312334269285202,27.835500717163086,0.15599912405014038,0.6271858215332031,4000.0,36072.0,0.25,0.20230357348918915,0.12200827896595001,0.4475767910480499,0.779071569442749,0.162109375,0.0810546875,242.0,847.0,847.0,64.0,-0.17182770371437073,0.1198016032576561,0.011380127631127834,0.03515625,-0.2558823525905609,0.20222720503807068,-0.03411172702908516,0.0963541716337204,2.740741014480591,0.5235934257507324,8192.0,8.0,0.8877121806144714
2250.0,18432000.0,253571.30923780106,28174.58991531123,72.6896116733551,0.6000000238418579,0.0,0.0,0.0,0.0,0.0,0.0,0.0,0.07500000298023224,0.21731996536254883,0.0,0.0,0.0,0.0,0.0,0.0,0.0,0.027164995670318604,250.0,0.0058021931909024715,0.012656217440962791,-0.0002535089151933789,0.2724071443080902,28.168376922607422,0.1511686146259308,0.6401496529579163,4000.0,40944.0,0.25,0.20192144811153412,0.12024449557065964,0.4858103096485138,0.8173295259475708,0.115234375,0.0576171875,242.0,968.0,968.0,72.0,-0.12285585701465607,0.12940455973148346,0.005094726104289293,0.01171875,-0.0941176488995552,0.2000795155763626,0.1575091928243637,0.0729166716337204,6.222222805023193,0.45863664150238037,8192.0,9.0,0.8747689127922058
2500.0,20480000.0,269761.5828662468,26976.15828662468,75.91889023780823,0.699999988079071,0.0,0.0,0.0,0.0,0.0,0.0,0.0,0.08749999850988388,0.3194800019264221,0.0,0.0,0.0,0.0,0.0,0.0,0.0,0.039935000240802765,227.875,0.00584282074123621,0.01275655347853899,-0.000303232460282743,0.23222312331199646,27.227876663208008,0.14798013865947723,0.6670935153961182,4000.0,45816.0,0.2481536865234375,0.20027431845664978,0.12146364897489548,0.5235032439231873,0.8434129953384399,0.087890625,0.0439453125,242.0,1089.0,1089.0,80.0,-0.2957424819469452,0.16524265706539154,0.040134236216545105,0.046875,0.08235294371843338,0.20373299717903137,-0.33653852343559265,0.04296875,0.9166666865348816,0.4016801118850708,8192.0,10.0,0.8943597674369812
2750.0,22528000.0,295795.9642066439,26890.542200603995,76.16060638427734,0.30000001192092896,0.0,0.0,0.0,0.10000000149011612,0.10000000149011612,0.0,0.0,0.0625,0.1412399858236313,0.0,0.0,0.0,0.027279997244477272,0.04095999523997307,0.0,0.0,0.02618499845266342,243.0,0.0059697371907532215,0.013042258098721504,-0.0003207882691640407,0.23060327768325806,27.53325080871582,0.15050461888313293,0.6660634279251099,4000.0,50688.0,0.25,0.19847343862056732,0.11185970157384872,0.5551872849464417,0.8617635369300842,0.11328125,0.056640625,242.0,1210.0,1210.0,88.0,-0.1583082675933838,0.12914519011974335,0.012607363983988762,0.0,-0.21470588445663452,0.20379775762557983,0.20206047594547272,0.0755208358168602,6.44444465637207,0.41926318407058716,8192.0,11.0,0.8961014747619629
3000.0,24576000.0,324510.37771501136,27042.531476250944,75.73255491256714,0.5,0.10000000149011612,0.0,0.0,0.10000000149011612,0.30000001192092896,0.10000000149011612,0.20000000298023224,0.16250000894069672,0.20227999985218048,0.03303999826312065,0.0,0.0,0.026559997349977493,0.17615999281406403,0.04095999523997307,0.07471999526023865,0.06921499967575073,250.0,0.006023704074323177,0.013096190057694912,-0.0003177919425070286,0.20659983158111572,29.844751358032227,0.1535464972257614,0.6794335842132568,4000.0,55560.0,0.25,0.19837194681167603,0.11130636930465698,0.583550214767456,0.8731369376182556,0.1484375,0.07421875,242.0,1331.0,1331.0,96.0,-0.21213363111019135,0.12261029332876205,0.020844830200076103,0.05078125,0.3705882430076599,0.20034551620483398,0.0436355397105217,0.08203125,1.6153846979141235,0.40756821632385254,8192.0,12.0,0.9128895401954651
3250.0,26624000.0,344704.6492574934,26515.74225057641,77.23713636398315,0.5,0.10000000149011612,0.0,0.0,0.4000000059604645,0.20000000298023224,0.10000000149011612,0.0,0.16250000894069672,0.28040000796318054,0.04455999657511711,0.0,0.0,0.11595999449491501,0.03295999392867088,0.017559994012117386,0.0,0.06142999604344368,241.25,0.005800981540232897,0.012823658995330334,-0.0004209026519674808,0.18994563817977905,27.70075225830078,0.13998699188232422,0.7074541449546814,4000.0,60432.0,0.25,0.19548684358596802,0.10123123228549957,0.6116742491722107,0.8812094330787659,0.078125,0.0390625,242.0,1452.0,1452.0,104.0,-0.18474826216697693,0.11853311955928802,0.0018094000406563282,0.0,0.47647058963775635,0.1876508891582489,0.07257327437400818,0.0520833358168602,4.44444465637207,0.43718886375427246,8192.0,13.0,0.9170229434967041
3500.0,28672000.0,375158.46295976854,26797.033068554898,76.42637133598328,0.9000000357627869,0.20000000298023224,0.0,0.0,0.10000000149011612,0.0,0.0,0.0,0.15000000596046448,0.4395599365234375,0.1035199910402298,0.0,0.0,0.015039998106658459,0.0,0.0,0.0,0.06976498663425446,245.0,0.00576018076390028,0.012508231215178967,-0.0003202238876838237,0.1737109124660492,29.40850067138672,0.1420627236366272,0.7115352153778076,4000.0,65304.0,0.25,0.19476480782032013,0.09815454483032227,0.6383681893348694,0.8864930868148804,0.09765625,0.048828125,242.0,1573.0,1573.0,112.0,-0.18506315350532532,0.07851316779851913,0.006616874132305384,0.0234375,0.3294117748737335,0.18128640949726105,0.16291211545467377,0.0572916679084301,2.4444446563720703,0.33283132314682007,8192.0,14.0,0.9295150637626648
3750.0,30720000.0,401406.915877928,26760.461058528534,76.53081893920898,0.6000000238418579,0.4000000059604645,0.0,0.0,0.30000001192092896,0.30000001192092896,0.0,0.20000000298023224,0.22499999403953552,0.3559199869632721,0.13143998384475708,0.0,0.0,0.0926399901509285,0.12215999513864517,0.0,0.1265600025653839,0.1035899966955185,250.0,0.005837500561028719,0.012768274173140526,-0.00038840711931698024,0.1582295298576355,29.96900177001953,0.13686078786849976,0.7185546159744263,4000.0,70176.0,0.25,0.19203267991542816,0.09109512716531754,0.6644631028175354,0.8918086886405945,0.1171875,0.05859375,242.0,1694.0,1694.0,120.0,-0.1386391669511795,0.06505095958709717,0.007551091723144054,0.0234375,0.0,0.167974054813385,0.11011906713247299,0.0703125,3.0,0.42693766951560974,8192.0,15.0,0.9381561875343323
4000.0,32768000.0,431063.1551818193,26941.447198863705,76.01670336723328,0.699999988079071,0.4000000059604645,0.0,0.0,0.10000000149011612,0.10000000149011612,0.0,0.0,0.16250000894069672,0.40911999344825745,0.17103998363018036,0.0,0.0,0.020799994468688965,0.04851999878883362,0.0,0.0,0.0811849981546402,228.5,0.005685369949787855,0.012419827282428741,-0.0003721645043697208,0.1523798704147339,28.682376861572266,0.13513809442520142,0.7313057780265808,4000.0,75048.0,0.243896484375,0.18558698892593384,0.08223500102758408,0.6866001486778259,0.8949539065361023,0.048828125,0.0244140625,242.0,1815.0,1815.0,128.0,-0.13347706198692322,0.07546062767505646,0.015154089778661728,0.015625,0.2617647051811218,0.14683929085731506,0.028800372034311295,0.02734375,1.75,0.401327520608902,8192.0,16.0,0.926689624786377
4250.0,34816000.0,456488.0161198921,26852.236242346597,76.26925301551819,0.699999988079071,0.30000001192092896,0.0,0.10000000149011612,0.5,0.20000000298023224,0.10000000149011612,0.10000000149011612,0.25,0.40299996733665466,0.11135999113321304,0.0,0.024759996682405472,0.19363997876644135,0.08551999926567078,0.030879998579621315,0.0405999980866909,0.11121998727321625,230.375,0.005810886155813932,0.012675612233579159,-0.000376395124476403,0.15052472054958344,30.80350112915039,0.14254413545131683,0.6962946057319641,4000.0,79920.0,0.25,0.1918967068195343,0.08678342401981354,0.7020678520202637,0.8942981958389282,0.056640625,0.0283203125,242.0,1936.0,1936.0,136.0,-0.11004173755645752,0.05743741616606712,0.00407760264351964,0.01171875,0.11764705926179886,0.14408162236213684,0.07971613109111786,0.0338541679084301,2.8888890743255615,0.4241727590560913,8192.0,17.0,0.9193020462989807
4500.0,36864000.0,482167.9998054349,26787.11110030194,76.45467972755432,0.800000011920929,0.20000000298023224,0.0,0.0,0.30000001192092896,0.30000001192092896,0.0,0.0,0.20000000298023224,0.5577200055122375,0.06895999610424042,0.0,0.0,0.06671999394893646,0.06995999068021774,0.0,0.0,0.0954200029373169,222.875,0.0057408506982028484,0.012508639134466648,-0.0003887216153088957,0.12474771589040756,32.398250579833984,0.13824161887168884,0.7133916020393372,4000.0,84792.0,0.2455902099609375,0.18984630703926086,0.08932975679636002,0.7181545495986938,0.8938573598861694,0.044921875,0.0224609375,242.0,2057.0,2057.0,144.0,-0.15399672091007233,0.04623014107346535,0.0012722567189484835,0.0,0.34705883264541626,0.14020822942256927,-0.1398351937532425,0.0299479179084301,2.555555820465088,0.40907523036003113,8192.0,18.0,0.9256724715232849
4750.0,38912000.0,511626.5030001115,26927.710684216396,76.05548143386841,0.6000000238418579,0.0,0.0,0.6000000238418579,0.0,0.20000000298023224,0.10000000149011612,0.0,0.1875,0.3105599880218506,0.0,0.0,0.22019998729228973,0.0,0.08803999423980713,0.05931999906897545,0.0,0.0847650021314621,250.0,0.005591258406639099,0.01225818507373333,-0.00041691199294291437,0.12092221528291702,33.392250061035156,0.13540999591350555,0.7218335866928101,4000.0,89664.0,0.25,0.19082902371883392,0.08415667712688446,0.7324231863021851,0.8927552700042725,0.041015625,0.0205078125,242.0,2178.0,2178.0,152.0,-0.08310198783874512,0.040526919066905975,0.0007502459920942783,0.0,0.14705882966518402,0.12250404804944992,0.10073261708021164,0.02734375,2.3333334922790527,0.4069913923740387,8192.0,19.0,0.9200536608695984
5000.0,40960000.0,532622.1253858083,26631.106269290416,76.90255069732666,0.699999988079071,0.10000000149011612,0.0,0.0,0.0,0.30000001192092896,0.10000000149011612,0.10000000149011612,0.16249999403953552,0.4451199471950531,0.03483999893069267,0.0,0.0,0.0,0.09947999566793442,0.05067999288439751,0.05787999555468559,0.0859999880194664,233.25,0.006060803774744272,0.013095151633024216,-0.0003772370400838554,0.10953500866889954,34.360626220703125,0.13484910130500793,0.717008113861084,4000.0,94536.0,0.2490234375,0.19056512415409088,0.08336663991212845,0.7455764412879944,0.8915355801582336,0.037109375,0.0185546875,242.0,2299.0,2299.0,160.0,-0.1735146939754486,0.05542436242103577,0.0013890077825635672,0.0,0.1411764770746231,0.14131972193717957,-0.10462456196546555,0.02473958395421505,2.1111111640930176,0.42371270060539246,8192.0,20.0,0.921724259853363
5250.0,43008000.0,559974.0236133336,26665.429695873027,76.8035626411438,0.800000011920929,0.10000000149011612,0.0,0.4000000059604645,0.699999988079071,0.800000011920929,0.10000000149011612,0.4000000059604645,0.4125000238418579,0.5264000296592712,0.06976000219583511,0.0,0.20775997638702393,0.1671999841928482,0.34567996859550476,0.0179199930280447,0.13575999438762665,0.18380999565124512,219.0,0.005858753342181444,0.012772384099662304,-0.00042606255738064647,0.1013762429356575,34.08775329589844,0.1330157071352005,0.7139075398445129,4000.0,99408.0,0.25,0.19158487021923065,0.08356504887342453,0.7554268836975098,0.889998197555542,0.04296875,0.021484375,242.0,2420.0,2420.0,168.0,-0.1138920783996582,0.03254740685224533,0.0009678340284153819,0.0,0.38235294818878174,0.1245998814702034,0.023122714832425117,0.02864583395421505,2.4444446563720703,0.4263407588005066,8192.0,21.0,0.9262320399284363
5500.0,45056000.0,588132.6910154251,26733.30413706478,76.60856246948242,0.6000000238418579,0.0,0.0,0.699999988079071,0.800000011920929,1.0,0.10000000149011612,0.9000000357627869,0.512499988079071,0.2626799941062927,0.0,0.0,0.3029199540615082,0.3550399839878082,0.5121999979019165,0.03771999478340149,0.5227199792861938,0.24915997684001923,218.25,0.00585035840049386,0.012710494920611382,-0.0004170093161519617,0.08787982910871506,33.32350158691406,0.13350418210029602,0.7210379838943481,4000.0,104280.0,0.25,0.1905658096075058,0.08071524649858475,0.7618072628974915,0.8856123685836792,0.056640625,0.0283203125,242.0,2541.0,2541.0,176.0,-0.0972781628370285,0.03488881140947342,0.00702287582680583,0.0234375,-0.3117647171020508,0.1204397976398468,0.010897438041865826,0.0299479179084301,1.277777910232544,0.40090131759643555,8192.0,22.0,0.9007147550582886
5750.0,47104000.0,618150.0570454817,26876.089436760074,76.20156216621399,0.9000000357627869,0.30000001192092896,0.0,0.0,1.0,0.5,0.0,0.9000000357627869,0.45000001788139343,0.6278400421142578,0.15095999836921692,0.0,0.0,0.47151994705200195,0.23611998558044434,0.0,0.45576000213623047,0.24277499318122864,202.0,0.006000980269163847,0.012922361493110657,-0.00036690698470920324,0.09329304844141006,34.75887680053711,0.12900376319885254,0.7304725646972656,4000.0,109152.0,0.25,0.19359637796878815,0.08766090869903564,0.7714486122131348,0.8842515349388123,0.04296875,0.021484375,242.0,2662.0,2662.0,184.0,-0.12353576719760895,0.045097384601831436,0.0035634443629533052,0.01171875,0.2294117659330368,0.13039468228816986,-0.08585166186094284,0.02473958395421505,2.1111111640930176,0.397524356842041,8192.0,23.0,0.9084724187850952
6000.0,49152000.0,639612.0882243998,26650.503676016662,76.84657764434814,0.800000011920929,0.699999988079071,0.0,0.4000000059604645,0.699999988079071,0.9000000357627869,0.0,0.6000000238418579,0.512499988079071,0.3737599849700928,0.4451200067996979,0.0,0.17175999283790588,0.2982400059700012,0.407880038022995,0.0,0.30263999104499817,0.24992498755455017,189.125,0.006039573345333338,0.013054710812866688,-0.0003989708493463695,0.08881096541881561,34.941375732421875,0.12962181866168976,0.718506932258606,4000.0,114024.0,0.24761581420898438,0.19176791608333588,0.08572258055210114,0.7787360548973083,0.8824260830879211,0.03515625,0.017578125,242.0,2783.0,2783.0,192.0,-0.11251050978899002,0.024623721837997437,0.006004903931170702,0.0234375,0.07647059112787247,0.1121063083410263,-0.22788465023040771,0.015625,0.6666666865348816,0.3908798098564148,8192.0,24.0,0.9108626246452332
6250.0,51200000.0,670198.4844673008,26807.93937869203,76.39527869224548,0.800000011920929,0.4000000059604645,0.0,0.5,0.30000001192092896,0.6000000238418579,0.0,0.699999988079071,0.4125000238418579,0.4626799523830414,0.15447998046875,0.0,0.17671997845172882,0.15095999836921692,0.3055199980735779,0.0,0.33135998249053955,0.19771498441696167,221.0,0.005802476778626442,0.012641198001801968,-0.00043422140879556537,0.08390103280544281,36.876251220703125,0.1308192014694214,0.729788064956665,4000.0,118896.0,0.24847412109375,0.19108031690120697,0.08090457320213318,0.7846044898033142,0.8806153535842896,0.01171875,0.005859375,242.0,2904.0,2904.0,200.0,-0.08540840446949005,0.02828732505440712,0.0005114887026138604,0.0,-0.12352941185235977,0.09185213595628738,-0.13896521925926208,0.0078125,0.6666666865348816,0.4820100665092468,8192.0,25.0,0.8933022022247314
6500.0,53248000.0,692271.140511812,26625.81309660815,76.91783881187439,0.699999988079071,0.4000000059604645,0.0,0.800000011920929,1.0,0.5,0.0,0.4000000059604645,0.4750000238418579,0.3846399784088135,0.24303999543190002,0.0,0.40039998292922974,0.4772799611091614,0.1849999874830246,0.0,0.20559997856616974,0.23699498176574707,172.25,0.006081105675548315,0.013101267628371716,-0.00039773943717591465,0.0717884823679924,37.138877868652344,0.1252947747707367,0.7355498671531677,4000.0,123768.0,0.25,0.19539304077625275,0.08826988190412521,0.791101336479187,0.8795875310897827,0.015625,0.0078125,242.0,3025.0,3025.0,208.0,-0.10208471119403839,0.022445032373070717,0.0018342321272939444,0.0,0.10294117778539658,0.09895841777324677,-0.07912089675664902,0.010416666977107525,0.888888955116272,0.3840363621711731,8192.0,26.0,0.9017219543457031
6750.0,55296000.0,722060.4477072249,26742.97954471203,76.58084607124329,1.0,0.699999988079071,0.6000000238418579,1.0,1.0,0.9000000357627869,0.10000000149011612,1.0,0.7875000238418579,0.7674400210380554,0.4480000138282776,0.15863998234272003,0.5420799255371094,0.5179600119590759,0.24695996940135956,0.03879999741911888,0.5600799918174744,0.4099949896335602,137.875,0.005861175712198019,0.012701607309281826,-0.0004172842891421169,0.0723431408405304,36.36187744140625,0.12275850027799606,0.7471944093704224,4000.0,128640.0,0.25,0.19508138298988342,0.08723748475313187,0.7982437014579773,0.8769083619117737,0.013671875,0.0068359375,242.0,3146.0,3146.0,216.0,-0.11047402024269104,0.02197335660457611,0.0012337937951087952,0.0,-0.25882354378700256,0.10228979587554932,-0.1773352026939392,0.00911458395421505,0.7777778506278992,0.34910210967063904,8192.0,27.0,0.9126977920532227
7000.0,57344000.0,747351.2193793562,26691.11497783415,76.72965335845947,1.0,0.30000001192092896,0.6000000238418579,1.0,1.0,0.5,0.0,1.0,0.675000011920929,0.7818400263786316,0.18912000954151154,0.20975998044013977,0.49887996912002563,0.5262399911880493,0.12595997750759125,0.0,0.6320800185203552,0.37048500776290894,184.125,0.00603319751098752,0.012976112775504589,-0.00039272286812774837,0.0621357299387455,37.827125549316406,0.1268845796585083,0.7246946692466736,4000.0,133512.0,0.25,0.19256682693958282,0.07983526587486267,0.7981540560722351,0.8739566206932068,0.072265625,0.0361328125,242.0,3267.0,3267.0,224.0,-0.029011324048042297,0.03379099816083908,0.015655402094125748,0.015625,-0.0882352963089943,0.09978735446929932,0.05215202271938324,0.04296875,2.75,0.46360576152801514,8192.0,28.0,0.8963463306427002
7250.0,59392000.0,776689.2137459505,26782.386680894844,76.46816635131836,0.9000000357627869,0.4000000059604645,0.9000000357627869,0.9000000357627869,1.0,1.0,0.20000000298023224,0.699999988079071,0.75,0.7099200487136841,0.13683998584747314,0.3999600112438202,0.4222799241542816,0.5222799777984619,0.35739997029304504,0.07939999550580978,0.2186799794435501,0.35584497451782227,164.625,0.006032788660377264,0.01289435476064682,-0.00035849862615577877,0.055890802294015884,38.33062744140625,0.12051070481538773,0.7432562708854675,4000.0,138384.0,0.25,0.19673368334770203,0.08927704393863678,0.8026698231697083,0.8705499768257141,0.005859375,0.0029296875,242.0,3388.0,3388.0,232.0,-0.07978106290102005,0.027000119909644127,0.034705910831689835,0.01171875,-0.15882353484630585,0.09784238785505295,-0.023717952892184258,0.0,0.0,0.4801153540611267,8192.0,29.0,0.8805981874465942
7500.0,61440000.0,801395.1788644316,26713.172628814387,76.66629600524902,0.10000000149011612,0.0,1.0,1.0,1.0,0.800000011920929,0.699999988079071,0.6000000238418579,0.6499999761581421,0.06831999868154526,0.0,0.4787200093269348,0.5168799757957458,0.5237199664115906,0.39607998728752136,0.28275999426841736,0.2266799956560135,0.3116450011730194,193.625,0.005963413044810295,0.01288093812763691,-0.00041673402301967144,0.06032194942235947,38.47100067138672,0.12079265713691711,0.7467661499977112,4000.0,143256.0,0.25,0.19882166385650635,0.09447155147790909,0.8064219355583191,0.8678093552589417,0.017578125,0.0087890625,242.0,3509.0,3509.0,240.0,-0.15504172444343567,0.05249194800853729,0.05885760113596916,0.0,0.28823530673980713,0.14069662988185883,-0.07907510548830032,0.01171875,1.0,0.45291954278945923,8192.0,30.0,0.8982319831848145
7750.0,63488000.0,839506.3768070892,27080.85086474481,75.62539339065552,0.20000000298023224,0.0,1.0,1.0,1.0,0.800000011920929,0.0,1.0,0.625,0.0934399962425232,0.0,0.3919599652290344,0.5424399375915527,0.535599946975708,0.2311999648809433,0.0,0.4427199959754944,0.27966997027397156,197.75,0.005802521016448736,0.012657747603952885,-0.0004613001365214586,0.06505246460437775,37.05500030517578,0.12042227387428284,0.7554283738136292,4000.0,148128.0,0.25,0.19423368573188782,0.0823812261223793,0.8117902874946594,0.86825031042099,0.01171875,0.005859375,242.0,3630.0,3630.0,248.0,-0.12091098725795746,0.020251501351594925,0.0006273359758779407,0.0,0.13823530077934265,0.1075003519654274,-0.07348902523517609,0.0078125,0.6666666865348816,0.42907339334487915,8192.0,31.0,0.9076770544052124
8000.0,65536000.0,848278.4878004941,26508.70274376544,77.2576470375061,0.20000000298023224,0.20000000298023224,0.800000011920929,1.0,1.0,0.5,0.10000000149011612,1.0,0.6000000238418579,0.10964000225067139,0.06319998949766159,0.28303998708724976,0.5427999496459961,0.5244399905204773,0.18787997961044312,0.05427999421954155,0.6569199562072754,0.30277496576309204,192.75,0.006129388231784105,0.013156485743820667,-0.0003905537014361471,0.05830107629299164,38.498626708984375,0.12277980148792267,0.7331565022468567,4000.0,153000.0,0.25,0.19273287057876587,0.07981819659471512,0.8148596286773682,0.8657166957855225,0.056640625,0.0283203125,242.0,3751.0,3751.0,256.0,-0.053490135818719864,0.022320523858070374,0.02246476337313652,0.05078125,0.4647058844566345,0.08842416107654572,-0.0922619178891182,0.02083333395421505,0.41025644540786743,0.4294583201408386,8192.0,32.0,0.910050630569458
8250.0,67584000.0,878794.9135792695,26630.148896341503,76.90531539916992,0.30000001192092896,0.30000001192092896,1.0,0.9000000357627869,1.0,1.0,0.6000000238418579,1.0,0.762499988079071,0.2056799978017807,0.12863998115062714,0.5082399249076843,0.48851996660232544,0.5409999489784241,0.2792799472808838,0.21731999516487122,0.6353200078010559,0.375499963760376,187.875,0.00625339150428772,0.01346592977643013,-0.0004264994931872934,0.05307349935173988,38.855125427246094,0.12263275682926178,0.7400283217430115,4000.0,157872.0,0.25,0.19293740391731262,0.07887081056833267,0.8147037029266357,0.863645613193512,0.033203125,0.0166015625,242.0,3872.0,3872.0,264.0,-0.08390019834041595,0.030997544527053833,0.00031072794809006155,0.0,-0.09117647260427475,0.10617668926715851,-0.07944140583276749,0.0221354179084301,1.8888890743255615,0.4530658423900604,8192.0,33.0,0.9040228724479675
8500.0,69632000.0,898608.0368384471,26429.64814230727,77.48873496055603,0.699999988079071,0.6000000238418579,1.0,1.0,1.0,0.699999988079071,0.699999988079071,1.0,0.8374999761581421,0.4688799977302551,0.2824799716472626,0.47835999727249146,0.5255199670791626,0.5298399329185486,0.19383996725082397,0.2550399899482727,0.6839200258255005,0.4272349774837494,170.0,0.006218906957656145,0.013324076309800148,-0.00039017785456962883,0.052952785044908524,39.60987854003906,0.12362521141767502,0.7335622310638428,4000.0,162744.0,0.24995741248130798,0.19378875195980072,0.08186335861682892,0.8139292597770691,0.8609168529510498,0.017578125,0.0087890625,242.0,3993.0,3993.0,272.0,-0.08509169518947601,0.02906660921871662,0.0005354373133741319,0.0,0.13823530077934265,0.09580802172422409,-0.20888282358646393,0.01171875,1.0,0.40915435552597046,8192.0,34.0,0.8859119415283203
8750.0,71680000.0,938319.3848095948,26809.12528027414,76.3918993473053,0.5,0.0,1.0,0.9000000357627869,1.0,0.5,0.6000000238418579,0.9000000357627869,0.675000011920929,0.21559999883174896,0.0,0.4628799855709076,0.4345199763774872,0.531279981136322,0.12703998386859894,0.12587997317314148,0.5777999758720398,0.30937498807907104,191.25,0.00603877380490303,0.012921546585857868,-0.0003689341538120061,0.05306529626250267,40.31050109863281,0.11952120065689087,0.7321742177009583,4000.0,167616.0,0.25,0.19767233729362488,0.0900600329041481,0.8170180916786194,0.8598417043685913,0.041015625,0.0205078125,242.0,4114.0,4114.0,280.0,-0.09553763270378113,0.056090958416461945,0.03748288378119469,0.0234375,-0.2029411792755127,0.1282234489917755,-0.07518316060304642,0.01953125,0.8333333730697632,0.3842986822128296,8192.0,35.0,0.8768976926803589
9000.0,73728000.0,957997.4116462548,26611.039212395965,76.96054196357727,0.0,1.0,0.9000000357627869,1.0,1.0,0.4000000059604645,0.6000000238418579,0.800000011920929,0.7125000357627869,0.0,0.6590800285339355,0.44675999879837036,0.40887996554374695,0.5136399269104004,0.16527998447418213,0.1903200000524521,0.2189599722623825,0.32536497712135315,172.625,0.006037584505975246,0.012982113286852837,-0.0004002352070529014,0.053236790001392365,40.80125045776367,0.12337668240070343,0.7212584614753723,4000.0,172488.0,0.25,0.19823314249515533,0.09074461460113525,0.8187887072563171,0.8583144545555115,0.0234375,0.01171875,242.0,4235.0,4235.0,288.0,-0.16011181473731995,0.04506176710128784,0.002170098712667823,0.0,-0.3176470696926117,0.13916711509227753,-0.13035716116428375,0.015625,1.3333333730697632,0.4071063995361328,8192.0,36.0,0.8858211040496826
9250.0,75776000.0,988644.6130163621,26720.124676117895,76.64634895324707,0.9000000357627869,0.800000011920929,1.0,1.0,1.0,0.9000000357627869,0.6000000238418579,0.6000000238418579,0.8500000238418579,0.48528000712394714,0.3312799632549286,0.49383997917175293,0.5024799704551697,0.5190399289131165,0.32255998253822327,0.3055199682712555,0.16871999204158783,0.3910899758338928,154.875,0.005750749260187149,0.012492453679442406,-0.00043701319373212755,0.058464329689741135,40.892127990722656,0.12217176705598831,0.7417465448379517,4000.0,177360.0,0.25,0.19608469307422638,0.08508694916963577,0.8211745023727417,0.8578264713287354,0.01171875,0.005859375,242.0,4356.0,4356.0,296.0,-0.10224886983633041,0.04839654266834259,0.0005050074541941285,0.0,0.1764705926179886,0.11955871433019638,-0.052701473236083984,0.0078125,0.6666666865348816,0.44064027070999146,8192.0,37.0,0.8995794057846069
9500.0,77824000.0,1015969.4940651268,26736.039317503335,76.6007251739502,0.4000000059604645,0.6000000238418579,0.9000000357627869,1.0,0.699999988079071,0.699999988079071,0.699999988079071,0.800000011920929,0.7250000238418579,0.2423199862241745,0.28175997734069824,0.4294799864292145,0.4578399658203125,0.2993199825286865,0.16647997498512268,0.3137199878692627,0.5415200591087341,0.34155499935150146,166.75,0.006288228556513786,0.01358603872358799,-0.00045376838534139097,0.05102171748876572,41.510250091552734,0.11907130479812622,0.730060875415802,4000.0,182232.0,0.243896484375,0.18870413303375244,0.07741617411375046,0.8228879570960999,0.8580395579338074,0.01953125,0.009765625,242.0,4477.0,4477.0,304.0,-0.042590975761413574,0.031876809895038605,0.0004073317104484886,0.0,0.026470588520169258,0.08860740065574646,0.047435905784368515,0.01302083395421505,1.1111111640930176,0.41095465421676636,8192.0,38.0,0.8910853862762451
9750.0,79872000.0,1045721.505115136,26813.37192602913,76.37980055809021,0.9000000357627869,0.9000000357627869,1.0,0.6000000238418579,1.0,1.0,1.0,1.0,0.925000011920929,0.64656001329422,0.3160799443721771,0.48520001769065857,0.12623998522758484,0.5370399355888367,0.4628799855709076,0.46143999695777893,0.5507199764251709,0.44826996326446533,147.625,0.005906947422772646,0.01271379180252552,-0.00040363482548855245,0.046313900500535965,40.891502380371094,0.11391586065292358,0.7535721659660339,4000.0,187104.0,0.24392595887184143,0.19109772145748138,0.08199621737003326,0.8271797299385071,0.8571195602416992,0.048828125,0.0244140625,242.0,4598.0,4598.0,312.0,-0.02690296620130539,0.07445260882377625,0.000502736191265285,0.0,0.03529411926865578,0.12405182421207428,0.1545329988002777,0.0325520858168602,2.777778148651123,0.43668389320373535,8192.0,39.0,0.9013572335243225
10000.0,81920000.0,1069619.3272718724,26740.483181796808,76.58799529075623,0.699999988079071,0.800000011920929,0.9000000357627869,1.0,1.0,0.800000011920929,0.9000000357627869,0.9000000357627869,0.875,0.431799978017807,0.36799997091293335,0.39420002698898315,0.4578399658203125,0.5276799201965332,0.2722399830818176,0.3081599771976471,0.3981599807739258,0.39475998282432556,147.875,0.005964016541838646,0.012915692292153835,-0.00044448889093473554,0.049340661615133286,40.54900360107422,0.11743955314159393,0.7456498146057129,4000.0,191976.0,0.25,0.19442971050739288,0.08027312159538269,0.8287779688835144,0.8558226823806763,0.037109375,0.0185546875,242.0,4719.0,4719.0,320.0,-0.13141335546970367,0.04872901737689972,0.0014754731673747301,0.0,-0.3499999940395355,0.13225054740905762,-0.10068683326244354,0.02473958395421505,2.1111111640930176,0.32835447788238525,8192.0,40.0,0.9154500961303711
10250.0,83968000.0,1099506.4720024322,26817.231024449564,76.36880922317505,0.4000000059604645,1.0,0.9000000357627869,1.0,1.0,1.0,0.9000000357627869,0.9000000357627869,0.8875000476837158,0.23943999409675598,0.4477599561214447,0.440280020236969,0.4873599708080292,0.5348799824714661,0.24903996288776398,0.482759952545166,0.49967995285987854,0.42264997959136963,176.875,0.006052309647202492,0.013112345710396767,-0.00045172160025686026,0.05214130878448486,41.30287551879883,0.12039241939783096,0.7308197021484375,4000.0,196848.0,0.25,0.1919925957918167,0.07496091723442078,0.828143835067749,0.8537353277206421,0.0078125,0.00390625,242.0,4840.0,4840.0,328.0,-0.09694622457027435,0.03730839118361473,0.00037968094693496823,0.0,-0.19411765038967133,0.11459024250507355,0.025412091985344887,0.0052083334885537624,0.444444477558136,0.448172926902771,8192.0,41.0,0.8813667297363281
10500.0,86016000.0,1117461.4939127464,26606.22604554158,76.9744644165039,1.0,0.9000000357627869,1.0,1.0,1.0,1.0,0.800000011920929,1.0,0.9624999761581421,0.7444000244140625,0.5918399691581726,0.49960002303123474,0.2670399844646454,0.5427999496459961,0.21519994735717773,0.3039200007915497,0.6976000070571899,0.4828000068664551,136.75,0.005774988327175379,0.01258717942982912,-0.00046841459698043764,0.0501866452395916,41.78487777709961,0.1158943772315979,0.7461108565330505,4000.0,201720.0,0.25,0.19627775251865387,0.08477078378200531,0.83005690574646,0.8522838354110718,0.013671875,0.0068359375,242.0,4961.0,4961.0,336.0,-0.0593700036406517,0.04513121396303177,0.0010449591791257262,0.0,-0.1823529452085495,0.10999807715415955,0.045833341777324677,0.00911458395421505,0.7777778506278992,0.36698663234710693,8192.0,42.0,0.8969172835350037
10750.0,88064000.0,1147541.7198016257,26687.016739572693,76.74143648147583,0.699999988079071,0.800000011920929,1.0,1.0,0.9000000357627869,0.800000011920929,0.30000001192092896,1.0,0.8125,0.5361999869346619,0.4857199788093567,0.4477600157260895,0.5211999416351318,0.48851996660232544,0.17395995557308197,0.15779998898506165,0.6853599548339844,0.4370649456977844,144.0,0.006063572131097317,0.013030489906668663,-0.00040731116314418614,0.04436114802956581,41.727752685546875,0.11838744580745697,0.7300496101379395,4000.0,206592.0,0.25,0.1949411779642105,0.08077721297740936,0.8298285603523254,0.8481847047805786,0.005859375,0.0029296875,242.0,5082.0,5082.0,344.0,-0.09109970927238464,0.014711474999785423,0.0007603656267747283,0.0,-0.1823529452085495,0.08731356263160706,-0.08589745312929153,0.00390625,0.3333333432674408,0.47048091888427734,8192.0,43.0,0.8870733976364136
11000.0,90112000.0,1176549.7249993302,26739.766477257508,76.59004807472229,1.0,0.699999988079071,1.0,0.20000000298023224,1.0,1.0,0.6000000238418579,0.800000011920929,0.7875000238418579,0.7062399983406067,0.29175999760627747,0.4787200093269348,0.06823999434709549,0.501759946346283,0.4455999433994293,0.2824799716472626,0.33847999572753906,0.3891599774360657,181.75,0.005961595568805933,0.012814613059163094,-0.00040157223702408373,0.04413900524377823,41.466251373291016,0.11800764501094818,0.7295467853546143,4000.0,211464.0,0.25,0.1940634399652481,0.08100150525569916,0.8311013579368591,0.847132682800293,0.029296875,0.0146484375,242.0,5203.0,5203.0,352.0,-0.16400164365768433,0.06212995573878288,0.007484940811991692,0.0234375,0.17058824002742767,0.14447051286697388,-0.13608060777187347,0.01171875,0.5,0.4054916203022003,8192.0,44.0,0.9042171239852905
11250.0,92160000.0,1209738.8283078074,26883.08507350683,76.18173265457153,1.0,0.9000000357627869,0.5,1.0,1.0,1.0,1.0,1.0,0.925000011920929,0.7429599761962891,0.32759997248649597,0.23899999260902405,0.4830399453639984,0.535599946975708,0.26775994896888733,0.4974399507045746,0.7134400010108948,0.4758549630641937,155.875,0.005465080961585045,0.011817933060228825,-0.00040085965883918107,0.043025825172662735,43.21750259399414,0.11290895193815231,0.7572382688522339,4000.0,216336.0,0.24766916036605835,0.1907099187374115,0.0740811675786972,0.8332663774490356,0.8439086079597473,0.017578125,0.0087890625,242.0,5324.0,5324.0,360.0,-0.07979029417037964,0.028689535334706306,0.003234387841075659,0.01171875,-0.0058823530562222,0.09594778716564178,-0.03608059138059616,0.0078125,0.6666666865348816,0.4169892370700836,8192.0,45.0,0.9130415320396423
11500.0,94208000.0,1224327.4420975298,26615.813958641953,76.94673562049866,1.0,0.800000011920929,0.9000000357627869,1.0,1.0,1.0,0.30000001192092896,0.6000000238418579,0.8250000476837158,0.5701600313186646,0.3100399971008301,0.4028399586677551,0.2763999402523041,0.45135995745658875,0.28071996569633484,0.13259999454021454,0.3192000091075897,0.34291496872901917,203.375,0.005765081383287907,0.012493286281824112,-0.0004388578236103058,0.04270470514893532,43.02587890625,0.11408362537622452,0.7404141426086426,4000.0,221208.0,0.2490234375,0.1900244653224945,0.0714530348777771,0.8355119824409485,0.8408783078193665,0.02734375,0.013671875,242.0,5445.0,5445.0,368.0,-0.043975621461868286,0.034454744309186935,0.00021265336545184255,0.0,-0.15882353484630585,0.09357701987028122,0.03159341216087341,0.0182291679084301,1.5555557012557983,0.356919527053833,8192.0,46.0,0.9264359474182129
11750.0,96256000.0,1277178.2078262805,27174.004421835754,75.36614656448364,1.0,0.9000000357627869,1.0,1.0,0.9000000357627869,1.0,0.20000000298023224,1.0,0.875,0.6774399876594543,0.2887199819087982,0.4275999963283539,0.2994399666786194,0.4517999589443207,0.2285199612379074,0.043039996176958084,0.29079997539520264,0.33841997385025024,178.875,0.005926920101046562,0.012791438028216362,-0.00042710252455435693,0.041695717722177505,42.91737747192383,0.11433292925357819,0.749165952205658,4000.0,226080.0,0.2490835189819336,0.18944627046585083,0.06714923679828644,0.8369197249412537,0.8387867212295532,0.025390625,0.0126953125,242.0,5566.0,5566.0,376.0,-0.027535514906048775,0.026376333087682724,0.01394733414053917,0.015625,0.24117647111415863,0.08300831913948059,0.26043960452079773,0.01171875,0.75,0.3814815878868103,8192.0,47.0,0.8929117918014526
12000.0,98304000.0,1277424.6890448523,26613.01435510109,76.95483016967773,1.0,0.20000000298023224,1.0,0.9000000357627869,1.0,0.9000000357627869,1.0,0.30000001192092896,0.7875000238418579,0.6976000070571899,0.03367999196052551,0.4196799695491791,0.2617199420928955,0.4888000190258026,0.48023995757102966,0.48951998353004456,0.12359998375177383,0.3743549883365631,172.0,0.005945237819105387,0.012680846266448498,-0.00035880287759937346,0.03638264536857605,43.11937713623047,0.10891585052013397,0.7494922876358032,4000.0,230952.0,0.2457973062992096,0.19097498059272766,0.07753158360719681,0.838148295879364,0.8383079171180725,0.005859375,0.0029296875,242.0,5687.0,5687.0,384.0,-0.08314728736877441,0.03876446932554245,0.003726201830431819,0.01171875,-0.0058823530562222,0.10755375772714615,-0.0327381007373333,0.0,0.0,0.3752381205558777,8192.0,48.0,0.9123060703277588
12250.0,100352000.0,1302374.5178093438,26579.071792027422,77.05310463905334,0.800000011920929,0.6000000238418579,1.0,0.9000000357627869,1.0,1.0,0.9000000357627869,1.0,0.9000000357627869,0.5818399786949158,0.24215999245643616,0.39664000272750854,0.3445199728012085,0.5021199584007263,0.4517199695110321,0.4647599160671234,0.39663997292518616,0.4225499629974365,191.5,0.0059271701611578465,0.012745323590934277,-0.0004065687826368958,0.038923539221286774,43.65837860107422,0.11033577471971512,0.743433952331543,4000.0,235824.0,0.24761581420898438,0.18935661017894745,0.06967155635356903,0.8361287117004395,0.8359953165054321,0.01171875,0.005859375,242.0,5808.0,5808.0,392.0,-0.0729743093252182,0.030022794380784035,0.06593837589025497,0.01171875,0.364705890417099,0.08740782737731934,-0.07261905819177628,0.00390625,0.3333333432674408,0.41052353382110596,8192.0,49.0,0.9086004495620728
12500.0,102400000.0,1352418.609387758,27048.372187755158,75.71620154380798,0.9000000357627869,0.30000001192092896,0.9000000357627869,0.0,1.0,1.0,1.0,1.0,0.7625000476837158,0.6069599986076355,0.07715999335050583,0.41652002930641174,0.0,0.4635999798774719,0.5715999603271484,0.47223997116088867,0.6025599837303162,0.40132999420166016,145.25,0.006219199392944574,0.013409405015408993,-0.00044190423795953393,0.04359908401966095,42.66887664794922,0.11740369349718094,0.7271987795829773,4000.0,240696.0,0.2497243881225586,0.19166438281536102,0.07317755371332169,0.8338617086410522,0.8343949317932129,0.033203125,0.0166015625,242.0,5929.0,5929.0,400.0,-0.039197176694869995,0.0555226169526577,0.00045506481546908617,0.0,0.5088235139846802,0.10586905479431152,0.10434983670711517,0.0221354179084301,1.8888890743255615,0.42767298221588135,8192.0,50.0,0.8899925351142883
12750.0,104448000.0,1359830.242924415,26663.338096557156,76.8095874786377,0.800000011920929,0.20000000298023224,1.0,1.0,1.0,1.0,1.0,1.0,0.875,0.6012799739837646,0.058879997581243515,0.49528002738952637,0.5370399355888367,0.5427999496459961,0.4729599952697754,0.5240799784660339,0.5435199737548828,0.4719799757003784,134.25,0.005984371528029442,0.012918566353619099,-0.0004311456868890673,0.043765921145677567,44.085750579833984,0.11716965585947037,0.7200709581375122,4000.0,245568.0,0.25,0.19442491233348846,0.07900390774011612,0.8314332962036133,0.830330491065979,0.0078125,0.00390625,242.0,6050.0,6050.0,408.0,-0.06844352185726166,0.03947287052869797,0.0003320108517073095,0.0,0.2558823525905609,0.11909916251897812,0.2201923429965973,0.0052083334885537624,0.444444477558136,0.46833908557891846,8192.0,51.0,0.8816316723823547
13000.0,106496000.0,1398505.4049539617,26894.334710653107,76.14986658096313,1.0,0.800000011920929,1.0,0.9000000357627869,1.0,1.0,0.0,1.0,0.8374999761581421,0.4347999691963196,0.2823199927806854,0.41176000237464905,0.35027995705604553,0.4830399453639984,0.49275994300842285,0.0,0.6263200044631958,0.385159969329834,154.0,0.005570900626480579,0.011975758709013462,-0.0003793722135014832,0.03760693594813347,44.3228759765625,0.11268050968647003,0.7363070249557495,4000.0,250440.0,0.24983882904052734,0.19534751772880554,0.08284710347652435,0.8329874873161316,0.830588161945343,0.0078125,0.00390625,242.0,6171.0,6171.0,416.0,-0.08639298379421234,0.02446749247610569,0.00034732097992673516,0.0,-0.2911764681339264,0.0982498750090599,-0.011584251187741756,0.0052083334885537624,0.444444477558136,0.41910162568092346,8192.0,52.0,0.8814253211021423
13250.0,108544000.0,1419070.1172506455,26774.90787265369,76.48952555656433,1.0,0.800000011920929,1.0,1.0,0.800000011920929,0.4000000059604645,1.0,0.9000000357627869,0.862500011920929,0.8156799674034119,0.44575998187065125,0.46647998690605164,0.47943994402885437,0.3514399528503418,0.16095998883247375,0.5442399382591248,0.3887999951839447,0.4565999507904053,145.25,0.006286637857556343,0.013454834930598736,-0.0003987031814176589,0.04207592085003853,44.45075225830078,0.11050749570131302,0.7528496980667114,4000.0,255312.0,0.25,0.19495433568954468,0.08104381710290909,0.8355122208595276,0.8301206231117249,0.025390625,0.0126953125,242.0,6292.0,6292.0,424.0,-0.10706022381782532,0.047576721757650375,0.0006497493013739586,0.0,0.4382353127002716,0.1219039112329483,0.008287547156214714,0.01692708395421505,1.4444445371627808,0.3173232674598694,8192.0,53.0,0.90580815076828
13500.0,110592000.0,1459258.62405417,27023.307852855,75.78642892837524,0.800000011920929,0.699999988079071,1.0,0.9000000357627869,1.0,1.0,1.0,1.0,0.925000011920929,0.4594399929046631,0.39615997672080994,0.5125599503517151,0.26099997758865356,0.5168799757957458,0.5960800051689148,0.4427199363708496,0.6889600157737732,0.48422497510910034,140.625,0.0056632100604474545,0.012197460047900677,-0.0003929998492822051,0.04251989349722862,45.93537902832031,0.11520543694496155,0.7366083264350891,4000.0,260184.0,0.25,0.19191581010818481,0.07214833050966263,0.8343243598937988,0.8263890743255615,0.01171875,0.005859375,242.0,6413.0,6413.0,432.0,-0.07064252346754074,0.010705436579883099,0.007165347225964069,0.0234375,-0.38235294818878174,0.07189347594976425,-0.1061355471611023,0.0,0.0,0.4002571403980255,8192.0,54.0,0.8913062214851379
13750.0,112640000.0,1466657.7571509432,26666.504675471693,76.80046653747559,0.800000011920929,0.9000000357627869,1.0,1.0,1.0,1.0,1.0,1.0,0.9624999761581421,0.5861600041389465,0.43991994857788086,0.4859199523925781,0.3728799819946289,0.5298399329185486,0.5201199650764465,0.48447999358177185,0.5320000052452087,0.49391496181488037,131.5,0.006066745612770319,0.01313686277717352,-0.000456721696536988,0.044964633882045746,46.33700180053711,0.12023080885410309,0.7320289611816406,4000.0,265056.0,0.24859921634197235,0.19255602359771729,0.07746879756450653,0.8321536183357239,0.826404333114624,0.01171875,0.005859375,242.0,6534.0,6534.0,440.0,-0.061189375817775726,0.01109199970960617,0.00012006009637843817,0.0,-0.07941176742315292,0.06413464993238449,-0.013644690625369549,0.0078125,0.6666666865348816,0.3982745409011841,8192.0,55.0,0.8727943301200867
14000.0,114688000.0,1500521.1473152407,26795.020487772155,76.4321117401123,1.0,0.30000001192092896,0.800000011920929,0.0,0.0,1.0,1.0,1.0,0.637499988079071,0.6579999923706055,0.17183999717235565,0.32551997900009155,0.0,0.0,0.48663997650146484,0.562239944934845,0.501039981842041,0.33815997838974,194.875,0.005989094264805317,0.012847368605434895,-0.0003944767522625625,0.040113549679517746,44.01612854003906,0.11099878698587418,0.7495099306106567,4000.0,269928.0,0.2490234375,0.19632139801979065,0.0848967507481575,0.8326897621154785,0.8268788456916809,0.013671875,0.0068359375,242.0,6655.0,6655.0,448.0,-0.13414746522903442,0.027330592274665833,0.004747495055198669,0.01171875,-0.19411765038967133,0.11409460008144379,-0.07660257816314697,0.0052083334885537624,0.444444477558136,0.4570540189743042,8192.0,56.0,0.8776719570159912
14250.0,116736000.0,1532913.476617696,26893.218888029754,76.15302610397339,0.9000000357627869,0.9000000357627869,1.0,0.699999988079071,0.5,1.0,1.0,1.0,0.875,0.7502400279045105,0.41183996200561523,0.40095996856689453,0.28419995307922363,0.18355999886989594,0.5384799838066101,0.48951998353004456,0.48951998353004456,0.44353997707366943,156.375,0.0061838673427701,0.01331917941570282,-0.0004347653593868017,0.04095710441470146,45.22537612915039,0.11456172913312912,0.7389180064201355,4000.0,274800.0,0.2459777593612671,0.19341759383678436,0.08343555778265,0.8310816884040833,0.8262242674827576,0.017578125,0.0087890625,242.0,6776.0,6776.0,456.0,-0.0439128577709198,0.018404243513941765,0.000636247918009758,0.0,0.24705882370471954,0.08701176941394806,0.16923080384731293,0.01171875,1.0,0.39003580808639526,8192.0,57.0,0.8721652626991272
14500.0,118784000.0,1555391.6883533518,26817.098075057787,76.36918783187866,0.9000000357627869,1.0,0.699999988079071,0.9000000357627869,0.699999988079071,0.800000011920929,1.0,0.9000000357627869,0.862500011920929,0.36719998717308044,0.6810399889945984,0.30796000361442566,0.42659997940063477,0.20283997058868408,0.27619999647140503,0.48951998353004456,0.39527997374534607,0.3933299779891968,149.5,0.006123553495854139,0.013037260621786118,-0.000355643656803295,0.03943322226405144,45.531002044677734,0.1192096546292305,0.729537844657898,4000.0,279672.0,0.25,0.19653698801994324,0.08455146104097366,0.8304028511047363,0.8244612216949463,0.005859375,0.0029296875,242.0,6897.0,6897.0,464.0,-0.008406450971961021,0.02629866637289524,0.0001920656650327146,0.0,-0.12352941185235977,0.0748681128025055,0.23113557696342468,0.00390625,0.3333333432674408,0.4197525382041931,8192.0,58.0,0.9019618630409241
14750.0,120832000.0,1585831.5891603215,26878.50151119189,76.1947238445282,0.5,0.9000000357627869,1.0,0.9000000357627869,1.0,1.0,1.0,1.0,0.9125000238418579,0.35600003600120544,0.4939199388027191,0.42184001207351685,0.47555994987487793,0.45207998156547546,0.4459599554538727,0.46000000834465027,0.6623200178146362,0.47095999121665955,160.75,0.006276289466768503,0.013443739153444767,-0.000404969701776281,0.04061044752597809,43.905128479003906,0.11495484411716461,0.7429885864257812,4000.0,284544.0,0.25,0.19190913438796997,0.07292476296424866,0.8305613994598389,0.8219372630119324,0.01953125,0.009765625,242.0,7018.0,7018.0,472.0,-0.00012359162792563438,0.02375183440744877,2.319117083970923e-05,0.0,0.09705882519483566,0.0598108246922493,0.08580587804317474,0.01302083395421505,1.1111111640930176,0.4503445029258728,8192.0,59.0,0.8786353468894958
15000.0,122880000.0,1617717.2192133223,26961.953653555374,75.9588873386383,0.9000000357627869,0.699999988079071,1.0,1.0,0.9000000357627869,1.0,0.9000000357627869,1.0,0.925000011920929,0.6343199610710144,0.3216399848461151,0.49960002303123474,0.5283999443054199,0.48851996660232544,0.5752000212669373,0.4057199954986572,0.6659199595451355,0.5149149894714355,125.75,0.005971892736852169,0.01275354903191328,-0.00036812087637372315,0.036761507391929626,45.22125244140625,0.11322052776813507,0.7425456643104553,4000.0,289416.0,0.25,0.19587188959121704,0.08238349109888077,0.8329837322235107,0.8214027881622314,0.005859375,0.0029296875,242.0,7139.0,7139.0,480.0,-0.03369579464197159,0.015066573396325111,5.441803659778088e-05,0.0,-0.16764706373214722,0.06442586332559586,0.08782052993774414,0.00390625,0.3333333432674408,0.40673595666885376,8192.0,60.0,0.8951511383056641
15250.0,124928000.0,1631958.651492011,26753.420516262475,76.55095911026001,0.699999988079071,0.9000000357627869,1.0,0.5,1.0,0.9000000357627869,0.6000000238418579,1.0,0.824999988079071,0.3176799714565277,0.4212000072002411,0.4679199755191803,0.15619997680187225,0.4974399507045746,0.40967997908592224,0.22775998711585999,0.6889600157737732,0.39835497736930847,152.375,0.005516609642654657,0.011874543502926826,-0.000385482853744179,0.03517938405275345,46.74962615966797,0.11209245771169662,0.7588495016098022,4000.0,294288.0,0.24847412109375,0.19330471754074097,0.0778702050447464,0.8365875482559204,0.8203950524330139,0.005859375,0.0029296875,242.0,7260.0,7260.0,488.0,-0.07801036536693573,0.01756029576063156,0.0002668244414962828,0.0,-0.052941177040338516,0.08742330968379974,0.008882785215973854,0.00390625,0.3333333432674408,0.3510110676288605,8192.0,61.0,0.9097112417221069
15500.0,126976000.0,1662565.5998273026,26815.574190762945,76.37352776527405,0.9000000357627869,0.9000000357627869,1.0,0.6000000238418579,1.0,1.0,0.9000000357627869,1.0,0.9125000238418579,0.5511599779129028,0.38016000390052795,0.48447999358177185,0.1327199935913086,0.531279981136322,0.4405599534511566,0.39923998713493347,0.4787200093269348,0.4247899651527405,141.125,0.005919806193560362,0.012693504802882671,-0.00038758537266403437,0.03936043381690979,47.55350112915039,0.11884485930204391,0.7450389266014099,4000.0,299160.0,0.25,0.1915166825056076,0.07289021462202072,0.8359947204589844,0.8185968399047852,0.017578125,0.0087890625,242.0,7381.0,7381.0,496.0,-0.05517309904098511,0.02515067160129547,0.004124395549297333,0.01171875,-0.05000000074505806,0.07204565405845642,-0.1319597363471985,0.0078125,0.6666666865348816,0.40222012996673584,8192.0,62.0,0.8973612189292908
15750.0,129024000.0,1682555.928080302,26707.236953655585,76.68333506584167,0.9000000357627869,1.0,0.699999988079071,1.0,1.0,0.9000000357627869,1.0,1.0,0.9375,0.5097600221633911,0.7393600344657898,0.30291998386383057,0.5283999443054199,0.30087995529174805,0.21455995738506317,0.5723199844360352,0.5550400018692017,0.4654049873352051,157.25,0.005659603979438543,0.01216723769903183,-0.00038708708598278463,0.036928195506334305,47.12712860107422,0.1178276315331459,0.7397225499153137,4000.0,304032.0,0.2425764501094818,0.1897815763950348,0.08068531006574631,0.8346683979034424,0.817568838596344,0.005859375,0.0029296875,242.0,7502.0,7502.0,504.0,-0.07631443440914154,0.008909394964575768,0.0003840231220237911,0.0,0.47058823704719543,0.07363834977149963,-0.06158426031470299,0.00390625,0.3333333432674408,0.41469907760620117,8192.0,63.0,0.8764920830726624
16000.0,131072000.0,1709884.0557161204,26716.93837056438,76.65548992156982,0.800000011920929,1.0,1.0,1.0,1.0,1.0,1.0,1.0,0.9750000238418579,0.48895999789237976,0.7026399970054626,0.47223997116088867,0.37143999338150024,0.5269599556922913,0.4376799762248993,0.5593599677085876,0.26559996604919434,0.4781099855899811,157.5,0.005834865849465132,0.012518423609435558,-0.0003890054940711707,0.03534054756164551,46.156375885009766,0.11117759346961975,0.7628520727157593,4000.0,308904.0,0.2490234375,0.1973460465669632,0.08860734850168228,0.8362330198287964,0.8178582787513733,0.01171875,0.005859375,242.0,7623.0,7623.0,512.0,-0.04136480763554573,0.022598711773753166,0.003881469601765275,0.01171875,0.6323529481887817,0.08123913407325745,0.2051740288734436,0.00390625,0.3333333432674408,0.35930299758911133,8192.0,64.0,0.891545832157135
16250.0,133120000.0,1774312.997697831,27297.12304150509,75.02622151374817,0.800000011920929,0.30000001192092896,0.9000000357627869,1.0,1.0,1.0,0.30000001192092896,1.0,0.7875000238418579,0.6185600161552429,0.1401599943637848,0.4496400058269501,0.4880799353122711,0.5427999496459961,0.4758399426937103,0.12755998969078064,0.6472000479698181,0.43623000383377075,149.375,0.006109395530074835,0.013022431172430515,-0.00036675017327070236,0.03507031500339508,45.86300277709961,0.1155691146850586,0.7447487115859985,4000.0,313776.0,0.24983960390090942,0.19577784836292267,0.08233104646205902,0.8362758159637451,0.8165865540504456,0.02734375,0.013671875,242.0,7744.0,7744.0,520.0,-0.05767370015382767,0.017189908772706985,0.01514935027807951,0.015625,0.3441176414489746,0.07504855841398239,-0.117994524538517,0.01302083395421505,0.8333333730697632,0.35208776593208313,8192.0,65.0,0.8954861164093018
16500.0,135168000.0,1769940.275665099,26817.27690401665,76.3686785697937,0.5,1.0,1.0,1.0,1.0,1.0,0.20000000298023224,1.0,0.8374999761581421,0.41072002053260803,0.5377599596977234,0.48447999358177185,0.4880799353122711,0.4923999309539795,0.38475996255874634,0.07399999350309372,0.36639997363090515,0.40482497215270996,172.125,0.006252341438084841,0.013416226021945477,-0.0004200156545266509,0.03575615957379341,47.445377349853516,0.11249767243862152,0.7399485111236572,4000.0,318648.0,0.2488914579153061,0.19387708604335785,0.07981297373771667,0.8357383012771606,0.8147981762886047,0.0078125,0.00390625,242.0,7865.0,7865.0,528.0,-0.04543834552168846,0.014983054250478745,2.8463127819122747e-05,0.0,-0.3029411733150482,0.06695566326379776,-0.03511905297636986,0.0052083334885537624,0.444444477558136,0.42905354499816895,8192.0,66.0,0.8784103393554688
16750.0,137216000.0,1791705.0558495526,26741.866505217204,76.5840334892273,0.9000000357627869,1.0,0.9000000357627869,1.0,0.699999988079071,1.0,1.0,1.0,0.9375,0.5342399477958679,0.4779999852180481,0.39924001693725586,0.4880799353122711,0.3158799707889557,0.25227996706962585,0.4635999798774719,0.64000004529953,0.446414977312088,176.375,0.00612559262663126,0.013133791275322437,-0.0004084113461431116,0.032891761511564255,46.29887771606445,0.10169202089309692,0.7816219329833984,4000.0,323520.0,0.25,0.19613654911518097,0.08131688088178635,0.8428967595100403,0.8170122504234314,0.0,0.0,242.0,7986.0,7986.0,536.0,-0.05761056765913963,0.015200613997876644,0.001569931162521243,0.0,0.03529411926865578,0.0792631208896637,0.06405679136514664,0.0,0.0,0.36306944489479065,8192.0,67.0,0.9005603194236755
17000.0,139264000.0,1823169.2753024234,26811.312872094462,76.38566637039185,0.699999988079071,1.0,0.9000000357627869,0.699999988079071,0.9000000357627869,1.0,0.699999988079071,0.9000000357627869,0.8500000238418579,0.3896799683570862,0.614080011844635,0.41363999247550964,0.3309999406337738,0.304919958114624,0.2580399513244629,0.35871997475624084,0.4435199797153473,0.38919997215270996,169.125,0.00575152225792408,0.012393000535666943,-0.000411438726587221,0.03353869915008545,46.630126953125,0.11032956093549728,0.7730754017829895,4000.0,328392.0,0.25,0.19270369410514832,0.07311411201953888,0.8476898670196533,0.8155803680419922,0.0234375,0.01171875,242.0,8107.0,8107.0,544.0,-0.044764067977666855,0.027427706867456436,0.004970942158252001,0.01171875,0.2852941155433655,0.07665352523326874,0.011996339075267315,0.01171875,1.0,0.3996520936489105,8192.0,68.0,0.9298989772796631
17250.0,141312000.0,1837836.1390731158,26635.30636337849,76.89042401313782,1.0,1.0,1.0,0.0,0.0,1.0,0.699999988079071,0.800000011920929,0.6875,0.8329600691795349,0.5039200186729431,0.48375996947288513,0.0,0.0,0.37143996357917786,0.2640399932861328,0.27799996733665466,0.34176498651504517,173.625,0.006120627745985985,0.013135919347405434,-0.0004125515406485647,0.03477998450398445,47.04450225830078,0.1133202537894249,0.7473768591880798,4000.0,333264.0,0.24847412109375,0.18843398988246918,0.06445819139480591,0.8435375094413757,0.812070369720459,0.01171875,0.005859375,242.0,8228.0,8228.0,552.0,-0.031216345727443695,0.027437884360551834,6.24019157839939e-05,0.0,0.17941176891326904,0.07052265107631683,0.06304946541786194,0.0078125,0.6666666865348816,0.3884018063545227,8192.0,69.0,0.9212290048599243
17500.0,143360000.0,1886080.1944570073,26944.00277795725,76.00949335098267,0.800000011920929,0.9000000357627869,1.0,1.0,1.0,1.0,0.9000000357627869,1.0,0.9500000476837158,0.3787999749183655,0.5191199779510498,0.49960002303123474,0.5283999443054199,0.539199948310852,0.23751996457576752,0.452519953250885,0.6904000043869019,0.4806950092315674,127.0,0.005976063199341297,0.0127169294282794,-0.0003501177707221359,0.0322837233543396,48.01062774658203,0.11073122918605804,0.7614902853965759,4000.0,338136.0,0.24997150897979736,0.1902458369731903,0.066104955971241,0.8462284207344055,0.8086665272712708,0.013671875,0.0068359375,242.0,8349.0,8349.0,560.0,-0.019808221608400345,0.023839030414819717,0.06232962757349014,0.0,-0.07647059112787247,0.04798389971256256,-0.005494506563991308,0.00911458395421505,0.7777778506278992,0.3243634104728699,8192.0,70.0,0.9215051531791687
17750.0,145408000.0,1865594.8823120752,26275.984257916552,77.94189476966858,1.0,0.800000011920929,1.0,1.0,0.9000000357627869,1.0,0.30000001192092896,1.0,0.875,0.7199200391769409,0.4371199607849121,0.49960002303123474,0.5283999443054199,0.43163996934890747,0.265239953994751,0.15779998898506165,0.704800009727478,0.4680649936199188,149.125,0.005947498604655266,0.012688769027590752,-0.00036402069963514805,0.03286541998386383,47.83500289916992,0.1133631244301796,0.7518430948257446,4000.0,343008.0,0.25,0.19042447209358215,0.06812850385904312,0.8450442552566528,0.8057243824005127,0.01171875,0.005859375,242.0,8470.0,8470.0,568.0,-0.04055134952068329,0.03447753190994263,0.0004513041058089584,0.0,0.1764705926179886,0.07216055691242218,-0.005128206219524145,0.0078125,0.6666666865348816,0.3545559048652649,8192.0,71.0,0.9092628359794617
18000.0,147456000.0,1910257.0851146406,26531.348404370012,77.19170427322388,0.699999988079071,0.6000000238418579,1.0,1.0,0.9000000357627869,1.0,1.0,1.0,0.8999999761581421,0.19023998081684113,0.34943997859954834,0.4196799695491791,0.5283999443054199,0.2897999882698059,0.2195199579000473,0.5211999416351318,0.6832000017166138,0.4001849591732025,158.375,0.0056870863772928715,0.01218592468649149,-0.0003751434269361198,0.030732983723282814,47.450626373291016,0.10959988832473755,0.7712865471839905,4000.0,347880.0,0.24847412109375,0.19140209257602692,0.07279344648122787,0.8472175598144531,0.8038045167922974,0.0,0.0,242.0,8591.0,8591.0,576.0,-0.07827775180339813,0.024617843329906464,0.0013813166879117489,0.0,0.2088235318660736,0.09462286531925201,0.04592491686344147,0.0,0.0,0.4455567002296448,8192.0,72.0,0.9180620908737183
18250.0,149504000.0,1949989.9482285809,26712.191071624395,76.66911315917969,0.5,1.0,1.0,1.0,1.0,0.800000011920929,0.800000011920929,0.9000000357627869,0.875,0.23071999847888947,0.40887996554374695,0.35127997398376465,0.3671199679374695,0.4477599561214447,0.33235999941825867,0.42271995544433594,0.3434400260448456,0.3630349636077881,181.0,0.005655369255691767,0.01213365513831377,-0.00038149746251292527,0.029960589483380318,48.42662811279297,0.10826699435710907,0.7787492871284485,4000.0,352752.0,0.25,0.1904260814189911,0.06787616014480591,0.8524051904678345,0.8038341999053955,0.013671875,0.0068359375,242.0,8712.0,8712.0,584.0,-0.019122522324323654,0.03250450640916824,0.004114171490073204,0.01171875,0.1764705926179886,0.0717754140496254,0.05572345480322838,0.0052083334885537624,0.444444477558136,0.3146156668663025,8192.0,73.0,0.9325357675552368
18500.0,151552000.0,1977750.5008764553,26726.3581199521,76.62847256660461,0.5,1.0,1.0,1.0,0.800000011920929,0.9000000357627869,0.699999988079071,1.0,0.862500011920929,0.2991200089454651,0.6839200258255005,0.5060799717903137,0.5283999443054199,0.4342399537563324,0.2789999544620514,0.3439600169658661,0.6868000030517578,0.47018998861312866,141.375,0.005635172128677368,0.012079039588570595,-0.00037528492975980043,0.029062436893582344,48.99125289916992,0.11170938611030579,0.7626401782035828,4000.0,357624.0,0.25,0.18846023082733154,0.06107708811759949,0.8555190563201904,0.8031781315803528,0.005859375,0.0029296875,242.0,8833.0,8833.0,592.0,-0.0026276917196810246,0.026691067963838577,7.661751442356035e-05,0.0,-0.25882354378700256,0.07284039258956909,0.2783883213996887,0.00390625,0.3333333432674408,0.34278398752212524,8192.0,74.0,0.9320442080497742
18750.0,153600000.0,1998237.6616174055,26643.168821565407,76.86773347854614,0.800000011920929,1.0,0.800000011920929,1.0,1.0,1.0,1.0,1.0,0.949999988079071,0.43387994170188904,0.7048000693321228,0.3888799846172333,0.5269599556922913,0.4808799922466278,0.33219999074935913,0.5276799201965332,0.6616000533103943,0.5071099996566772,136.25,0.005623737815767527,0.012031134217977524,-0.0003661563678178936,0.025673063471913338,47.36600112915039,0.10904071480035782,0.7598879933357239,4000.0,362496.0,0.2492983192205429,0.1876736879348755,0.060910917818546295,0.8564061522483826,0.8031196594238281,0.017578125,0.0087890625,242.0,8954.0,8954.0,600.0,0.0113636814057827,0.03153925761580467,1.7902737454278395e-05,0.0,0.16470588743686676,0.053415149450302124,0.19317768514156342,0.01171875,1.0,0.38213613629341125,8192.0,75.0,0.9195743799209595
19000.0,155648000.0,2026291.3553349474,26661.72835967036,76.8142249584198,0.9000000357627869,1.0,1.0,1.0,1.0,1.0,1.0,1.0,0.987500011920929,0.64656001329422,0.7559199929237366,0.29799994826316833,0.5283999443054199,0.5132799744606018,0.35847997665405273,0.5543199777603149,0.6796000599861145,0.5418199896812439,131.25,0.005892065353691578,0.012501757591962814,-0.0003320012183394283,0.026811853051185608,48.73137664794922,0.10779337584972382,0.7725925445556641,4000.0,367368.0,0.234375,0.18012449145317078,0.0671919733285904,0.8594524264335632,0.8028496503829956,0.005859375,0.0029296875,242.0,9075.0,9075.0,608.0,-0.04469132795929909,0.02064066007733345,0.00011279295722488314,0.0,0.3176470696926117,0.0665740892291069,-0.02280220203101635,0.00390625,0.3333333432674408,0.3512500822544098,8192.0,76.0,0.9419177770614624
19250.0,157696000.0,2042841.310524723,26530.40663019121,77.19444441795349,0.699999988079071,1.0,1.0,1.0,1.0,1.0,1.0,1.0,0.9624999761581421,0.4285599887371063,0.6925600171089172,0.47728005051612854,0.5283999443054199,0.5427999496459961,0.23895995318889618,0.5550400018692017,0.6651999950408936,0.5160999894142151,135.5,0.005938537884503603,0.012720511294901371,-0.0003940089954994619,0.027709031477570534,48.421627044677734,0.1117168664932251,0.7654286623001099,4000.0,372240.0,0.2490234375,0.18521568179130554,0.05671950802206993,0.8601277470588684,0.7990663647651672,0.01171875,0.005859375,242.0,9196.0,9196.0,616.0,-0.0353422537446022,0.015264758840203285,0.00018444523448124528,0.0,-0.14411765336990356,0.06114758178591728,0.042674001306295395,0.0078125,0.6666666865348816,0.3762017488479614,8192.0,77.0,0.9144690632820129
19500.0,159744000.0,2063679.6036049156,26457.430815447635,77.40736484527588,0.9000000357627869,1.0,1.0,1.0,0.9000000357627869,1.0,1.0,1.0,0.9750000238418579,0.6512400507926941,0.7552000284194946,0.48663994669914246,0.5283999443054199,0.3099599778652191,0.22599995136260986,0.5427999496459961,0.6904000043869019,0.523829996585846,142.375,0.0058615365996956825,0.012363445945084095,-0.00029544756398536265,0.02473868988454342,49.18850326538086,0.10535082221031189,0.7738392949104309,4000.0,377112.0,0.2488812804222107,0.1905250996351242,0.07112367451190948,0.8613366484642029,0.7969118356704712,0.0078125,0.00390625,242.0,9317.0,9317.0,624.0,-0.10208514332771301,0.02505479007959366,0.00011377924238331616,0.0,-0.2617647051811218,0.09072425961494446,-0.13122713565826416,0.0052083334885537624,0.444444477558136,0.4244544804096222,8192.0,78.0,0.9287062287330627
19750.0,161792000.0,2095865.2396291816,26529.939742141538,77.19580292701721,1.0,0.800000011920929,0.4000000059604645,1.0,1.0,1.0,0.800000011920929,1.0,0.875,0.6572799682617188,0.6120800375938416,0.18903999030590057,0.20583997666835785,0.5427999496459961,0.26559996604919434,0.3471199572086334,0.3447999656200409,0.39556998014450073,146.625,0.006140545010566711,0.013018018566071987,-0.000343442166922614,0.025022203102707863,50.04962921142578,0.10782551020383835,0.7553808689117432,4000.0,381984.0,0.25,0.19043421745300293,0.06557993590831757,0.8588036298751831,0.7949303984642029,0.03125,0.015625,242.0,9438.0,9438.0,632.0,-0.036792363971471786,0.027592472732067108,0.007253408897668123,0.0234375,-0.30588236451148987,0.075954869389534,-0.04748169332742691,0.01302083395421505,0.5555555820465088,0.34753841161727905,8192.0,79.0,0.9107964038848877
20000.0,163840000.0,2146599.66484177,26832.495810522127,76.32536363601685,0.4000000059604645,0.0,1.0,1.0,0.9000000357627869,1.0,1.0,0.9000000357627869,0.7750000357627869,0.30928000807762146,0.0,0.40887999534606934,0.5283999443054199,0.39348000288009644,0.26559996604919434,0.5125599503517151,0.46511998772621155,0.360414981842041,179.5,0.0059071751311421394,0.012521481141448021,-0.0003280437958892435,0.025521159172058105,50.14712905883789,0.1079578623175621,0.7550303339958191,4000.0,386856.0,0.24998992681503296,0.19111458957195282,0.0702090635895729,0.8585543632507324,0.7932445406913757,0.017578125,0.0087890625,242.0,9559.0,9559.0,640.0,-0.0012337975203990936,0.04700770974159241,0.062443047761917114,0.01171875,0.07941176742315292,0.07395453006029129,0.0654762014746666,0.0078125,0.6666666865348816,0.40720856189727783,8192.0,80.0,0.9197447896003723
20250.0,165888000.0,2172269.4163585673,26818.140942698363,76.36621809005737,1.0,0.4000000059604645,1.0,1.0,1.0,1.0,0.9000000357627869,0.699999988079071,0.875,0.5039200186729431,0.1069599911570549,0.495279997587204,0.26055997610092163,0.4931199550628662,0.36315998435020447,0.4597199559211731,0.2024799883365631,0.3606500029563904,187.375,0.006085350178182125,0.012920168228447437,-0.00034881752799265087,0.025916077196598053,49.460628509521484,0.1085641086101532,0.7520986795425415,4000.0,391728.0,0.24848364293575287,0.18982023000717163,0.06821741908788681,0.8545361161231995,0.7904925346374512,0.005859375,0.0029296875,242.0,9680.0,9680.0,648.0,-0.03389330953359604,0.03404373675584793,0.03400571644306183,0.01171875,0.34705883264541626,0.08397464454174042,0.05966118350625038,0.0,0.0,0.36386746168136597,8192.0,81.0,0.91017085313797
20500.0,167936000.0,2201282.729458861,26844.911334864162,76.29006385803223,1.0,0.5,1.0,1.0,0.9000000357627869,1.0,0.6000000238418579,1.0,0.875,0.40815994143486023,0.2544799745082855,0.47727999091148376,0.5283999443054199,0.4093199670314789,0.28863999247550964,0.15575997531414032,0.4074400067329407,0.3661849796772003,170.125,0.005967117380350828,0.012689207680523396,-0.00035078954533673823,0.026696426793932915,49.926002502441406,0.11412561684846878,0.7439833879470825,4000.0,396600.0,0.24039259552955627,0.1854134052991867,0.0712691992521286,0.8504868745803833,0.7870750427246094,0.0,0.0,242.0,9801.0,9801.0,656.0,-0.03525424376130104,0.015933873131871223,0.0002242806804133579,0.0,-0.0470588244497776,0.06139905005693436,0.04075092449784279,0.0,0.0,0.369477242231369,8192.0,82.0,0.8941638469696045
20750.0,169984000.0,2220312.8728767512,26750.757504539168,76.55857968330383,1.0,0.9000000357627869,1.0,0.6000000238418579,0.10000000149011612,1.0,0.699999988079071,0.5,0.7250000238418579,0.7184800505638123,0.3959999978542328,0.49960002303123474,0.20327997207641602,0.05427999421954155,0.2810799777507782,0.1895199865102768,0.160879984498024,0.3128899931907654,195.625,0.005616222508251667,0.011971361935138702,-0.0003420296998228878,0.027428744360804558,50.91975402832031,0.10915539413690567,0.7602689862251282,4000.0,401472.0,0.2490234375,0.19224780797958374,0.07432994246482849,0.8492650389671326,0.7876698970794678,0.0234375,0.01171875,242.0,9922.0,9922.0,664.0,-0.05321284756064415,0.00962600577622652,3.8062706153141335e-05,0.0,0.026470588520169258,0.06518637388944626,0.007463371381163597,0.015625,1.3333333730697632,0.34967780113220215,8192.0,83.0,0.8875908851623535
21000.0,172032000.0,2258991.3468852267,26892.75412958603,76.15434217453003,1.0,1.0,0.30000001192092896,0.800000011920929,0.10000000149011612,1.0,0.0,0.10000000149011612,0.5375000238418579,0.583840012550354,0.550000011920929,0.09371999651193619,0.28303998708724976,0.015399998985230923,0.44991999864578247,0.0,0.012159997597336769,0.24851000308990479,196.875,0.006199680734425783,0.013170539401471615,-0.0003578270261641592,0.027761803939938545,49.334251403808594,0.11106745898723602,0.7528526186943054,4000.0,406344.0,0.24609375,0.19172656536102295,0.07913152128458023,0.8469862341880798,0.7886790037155151,0.076171875,0.0380859375,242.0,10043.0,10043.0,672.0,-0.016958963125944138,0.053822822868824005,0.01547472458332777,0.015625,-0.15882353484630585,0.08639748394489288,-0.10151100903749466,0.0455729179084301,2.9166667461395264,0.43810003995895386,8192.0,84.0,0.8925364017486572
21250.0,174080000.0,2275326.373676628,26768.545572666208,76.50770545005798,1.0,0.4000000059604645,1.0,0.10000000149011612,1.0,1.0,0.10000000149011612,1.0,0.699999988079071,0.6940000057220459,0.06519999355077744,0.4059999883174896,0.05283999443054199,0.349839985370636,0.4880799353122711,0.026559997349977493,0.505359947681427,0.32348498702049255,179.0,0.005860650446265936,0.012487075291574001,-0.00035559924435801804,0.027287915349006653,50.5722541809082,0.10647687315940857,0.7564378976821899,4000.0,411216.0,0.24983882904052734,0.19282200932502747,0.07373970746994019,0.8467667698860168,0.7895302772521973,0.025390625,0.0126953125,242.0,10164.0,10164.0,680.0,-0.05560331791639328,0.023233851417899132,0.000329102884279564,0.0,-0.2617647051811218,0.081147700548172,-0.023168502375483513,0.01692708395421505,1.4444445371627808,0.39949291944503784,8192.0,85.0,0.8869890570640564
21500.0,176128000.0,2305881.261243438,26812.572805156255,76.38207697868347,0.699999988079071,0.699999988079071,1.0,0.5,0.800000011920929,0.6000000238418579,0.20000000298023224,0.800000011920929,0.6625000238418579,0.29679998755455017,0.42208001017570496,0.49455997347831726,0.13675998151302338,0.29527994990348816,0.2651999890804291,0.027199996635317802,0.23191995918750763,0.2712249755859375,198.875,0.005599275231361389,0.01200121734291315,-0.00037668386357836425,0.02464955672621727,50.16550064086914,0.10935958474874496,0.764485776424408,4000.0,416088.0,0.25,0.19312983751296997,0.0754099115729332,0.8447448015213013,0.7863243818283081,0.0,0.0,242.0,10285.0,10285.0,688.0,-0.02780139446258545,0.016856921836733818,1.9545352188288234e-05,0.0,0.0470588244497776,0.04191102832555771,-0.06987180560827255,0.0,0.0,0.3793359696865082,8192.0,86.0,0.8943549394607544
21750.0,178176000.0,2326656.4021192254,26743.177035853165,76.58028054237366,0.5,0.800000011920929,1.0,1.0,1.0,1.0,0.800000011920929,0.5,0.824999988079071,0.17455998063087463,0.32047998905181885,0.5190399289131165,0.5283999443054199,0.47367992997169495,0.31887999176979065,0.4169599711894989,0.17312000691890717,0.36563995480537415,169.75,0.005476092919707298,0.011702997609972954,-0.0003467680362518877,0.028637651354074478,50.73612594604492,0.11328543722629547,0.7553387880325317,4000.0,420960.0,0.25,0.1925346404314041,0.07354063540697098,0.8438135385513306,0.7845883369445801,0.01171875,0.005859375,242.0,10406.0,10406.0,696.0,-0.016360905021429062,0.01165511179715395,0.00013384973863139749,0.0,-0.21764706075191498,0.041119687259197235,0.0347069650888443,0.0078125,0.6666666865348816,0.3808205723762512,8192.0,87.0,0.9056814312934875
22000.0,180224000.0,2350347.071522111,26708.489449114895,76.67973899841309,0.699999988079071,0.800000011920929,1.0,1.0,0.699999988079071,1.0,1.0,1.0,0.8999999761581421,0.2867199778556824,0.20239996910095215,0.4967200458049774,0.5283999443054199,0.2957199811935425,0.2468799650669098,0.5269599556922913,0.6414400339126587,0.40315499901771545,172.25,0.0056087179109454155,0.011987254023551941,-0.000357910234015435,0.02699875272810459,51.413753509521484,0.10895708203315735,0.7492236495018005,4000.0,425832.0,0.25,0.19235949218273163,0.07295200973749161,0.8413991928100586,0.7863008379936218,0.03515625,0.017578125,242.0,10527.0,10527.0,704.0,0.01758904941380024,0.024817772209644318,0.003933093510568142,0.01171875,0.4735294282436371,0.045869238674640656,0.21758244931697845,0.01953125,1.6666667461395264,0.36398953199386597,8192.0,88.0,0.8942323327064514
22250.0,182272000.0,2385517.9609174477,26803.57259457806,76.40772485733032,0.800000011920929,0.800000011920929,1.0,1.0,1.0,1.0,0.20000000298023224,1.0,0.8500000238418579,0.4716799855232239,0.4349599778652191,0.4247199594974518,0.5283999443054199,0.42472001910209656,0.2853999733924866,0.10423999279737473,0.5320000052452087,0.40076497197151184,148.875,0.005663582123816013,0.012063492089509964,-0.0003427816554903984,0.025382179766893387,51.58525085449219,0.10789274424314499,0.7621614336967468,4000.0,430704.0,0.25,0.1940445601940155,0.07508527487516403,0.8400681614875793,0.7853040099143982,0.005859375,0.0029296875,242.0,10648.0,10648.0,712.0,-0.06125776097178459,0.01045020017772913,8.125560998450965e-05,0.0,0.03235294297337532,0.06493811309337616,-0.03914836049079895,0.00390625,0.3333333432674408,0.3354165256023407,8192.0,89.0,0.8852978348731995
22500.0,184320000.0,2418985.425043444,26877.615833816046,76.19723463058472,1.0,0.9000000357627869,1.0,1.0,1.0,1.0,1.0,1.0,0.987500011920929,0.7616800665855408,0.5198399424552917,0.5190399289131165,0.5283999443054199,0.535599946975708,0.23895995318889618,0.557919979095459,0.6904000043869019,0.5439800024032593,125.5,0.005981006659567356,0.012721563689410686,-0.000354660558514297,0.025115178897976875,50.63212585449219,0.10360142588615417,0.7886746525764465,4000.0,435576.0,0.2473006397485733,0.19287648797035217,0.07895004749298096,0.8440569043159485,0.786873459815979,0.01171875,0.005859375,242.0,10769.0,10769.0,720.0,-0.08033040165901184,0.02012680657207966,2.5415489290026017e-05,0.0,-0.008823529817163944,0.08820366859436035,-0.07948719710111618,0.0078125,0.6666666865348816,0.35315999388694763,8192.0,90.0,0.9124251008033752
22750.0,186368000.0,2436727.750660649,26777.2280292379,76.48289799690247,0.699999988079071,0.6000000238418579,1.0,0.0,0.0,1.0,1.0,1.0,0.6625000238418579,0.5588800311088562,0.20687997341156006,0.45855996012687683,0.0,0.0,0.2598399817943573,0.5643999576568604,0.5240799784660339,0.3215799927711487,183.25,0.0058791800402104855,0.012575388886034489,-0.00038245145697146654,0.02606298215687275,51.38675308227539,0.1105358898639679,0.7503178715705872,4000.0,440448.0,0.25,0.19079722464084625,0.06812265515327454,0.8424661159515381,0.7883901000022888,0.02734375,0.013671875,242.0,10890.0,10890.0,728.0,0.030402887612581253,0.050567977130413055,1.7991080312640406e-05,0.0,-0.6235294342041016,0.05951256304979324,0.1535714566707611,0.0182291679084301,1.5555557012557983,0.38740700483322144,8192.0,91.0,0.9006187915802002
23000.0,188416000.0,2457181.694003747,26708.496673953767,76.6797182559967,1.0,0.5,1.0,0.699999988079071,0.0,1.0,0.4000000059604645,0.9000000357627869,0.6875,0.6781600117683411,0.16303996741771698,0.3779199719429016,0.3569199740886688,0.0,0.5442399978637695,0.22575998306274414,0.5580000281333923,0.36300498247146606,175.375,0.0059085749089717865,0.012596379034221172,-0.00036406851722858846,0.02554657682776451,51.624752044677734,0.10883252322673798,0.7602251768112183,4000.0,445320.0,0.24731701612472534,0.19141101837158203,0.07562283426523209,0.8445740342140198,0.7885247468948364,0.0,0.0,242.0,11011.0,11011.0,736.0,-0.10157496482133865,0.020270196720957756,0.00024565961211919785,0.0,-0.020588235929608345,0.0945022776722908,-0.10050368309020996,0.0,0.0,0.352277010679245,8192.0,92.0,0.8990227580070496
23250.0,190464000.0,2481452.994328827,26682.29026160029,76.75503039360046,1.0,1.0,0.9000000357627869,0.0,0.0,1.0,0.9000000357627869,0.4000000059604645,0.6500000357627869,0.7141599655151367,0.5392000079154968,0.35099998116493225,0.0,0.0,0.26631996035575867,0.4625999629497528,0.1321599930524826,0.30817997455596924,188.0,0.0054871332831680775,0.011691042222082615,-0.00033422274282202125,0.024164525792002678,50.95587921142578,0.10463088005781174,0.7652485370635986,4000.0,450192.0,0.25,0.1925073266029358,0.07373671233654022,0.8484346270561218,0.7908611297607422,0.0078125,0.00390625,242.0,11132.0,11132.0,744.0,-0.06089707463979721,0.032900746911764145,0.015410594642162323,0.015625,0.17352941632270813,0.09809217602014542,0.0932692438364029,0.0,0.0,0.3544355630874634,8192.0,93.0,0.9026119709014893
23500.0,192512000.0,2508247.4387264275,26683.483390706675,76.7515983581543,0.30000001192092896,0.4000000059604645,0.20000000298023224,0.0,0.0,1.0,0.699999988079071,0.6000000238418579,0.4000000059604645,0.1934400051832199,0.1623999923467636,0.02359999530017376,0.0,0.0,0.25047996640205383,0.3633999526500702,0.2587199807167053,0.15650497376918793,207.75,0.006092986557632685,0.013021034188568592,-0.00039273512084037066,0.024795426055788994,49.83150100708008,0.10769455134868622,0.7615470886230469,4000.0,455064.0,0.2490234375,0.19231176376342773,0.0722423791885376,0.8503343462944031,0.7913551926612854,0.029296875,0.0146484375,242.0,11253.0,11253.0,752.0,-0.024059955030679703,0.036407601088285446,5.4135292884893715e-05,0.0,-0.14411765336990356,0.07531856000423431,0.011172163300216198,0.01953125,1.6666667461395264,0.2950068414211273,8192.0,94.0,0.926693856716156
23750.0,194560000.0,2515728.2342340397,26481.34983404252,77.33744740486145,1.0,1.0,0.9000000357627869,0.0,0.0,1.0,0.5,0.5,0.612500011920929,0.33184000849723816,0.7472800612449646,0.2069999724626541,0.0,0.0,0.5215599536895752,0.26347997784614563,0.10903998464345932,0.27252501249313354,186.25,0.005824153311550617,0.012341579422354698,-0.0003222464583814144,0.024389706552028656,50.984127044677734,0.11074497550725937,0.7435444593429565,4000.0,459936.0,0.25,0.18905295431613922,0.06458316743373871,0.8479348421096802,0.7894428968429565,0.005859375,0.0029296875,242.0,11374.0,11374.0,760.0,-0.030636224895715714,0.009267883375287056,1.3101949662086554e-05,0.0,-0.16764706373214722,0.04533267021179199,-0.03878205642104149,0.00390625,0.3333333432674408,0.35930192470550537,8192.0,95.0,0.8941367268562317
24000.0,196608000.0,2548431.958810074,26546.166237604935,77.1486165523529,1.0,0.9000000357627869,1.0,0.0,0.0,1.0,0.800000011920929,0.30000001192092896,0.625,0.7184800505638123,0.3139199912548065,0.4283199906349182,0.0,0.0,0.2850399613380432,0.393919974565506,0.03575999289751053,0.2719299793243408,193.25,0.005561631638556719,0.011926960200071335,-0.0003776253142859787,0.02422315813601017,52.41212844848633,0.11020173877477646,0.7515905499458313,4000.0,464808.0,0.2457648366689682,0.19167405366897583,0.07855218648910522,0.8481625318527222,0.7902588248252869,0.005859375,0.0029296875,242.0,11495.0,11495.0,768.0,-0.022933948785066605,0.022688057273626328,0.0038560586981475353,0.01171875,-0.21764706075191498,0.06189629063010216,0.0683608204126358,0.0,0.0,0.45039916038513184,8192.0,96.0,0.8860920667648315
24250.0,198656000.0,2587350.9630542765,26673.721268600788,76.7796881198883,0.9000000357627869,0.9000000357627869,0.9000000357627869,0.20000000298023224,0.0,0.9000000357627869,0.699999988079071,1.0,0.6875,0.3225599527359009,0.5968799591064453,0.4028399586677551,0.07975999265909195,0.0,0.33191999793052673,0.19887998700141907,0.3692799508571625,0.2877649664878845,191.125,0.005676285829395056,0.01214038860052824,-0.00037066300865262747,0.023245450109243393,51.646751403808594,0.10189112275838852,0.7860747575759888,4000.0,469680.0,0.24084091186523438,0.18868473172187805,0.07756482809782028,0.8502448201179504,0.7901020050048828,0.0,0.0,242.0,11616.0,11616.0,776.0,-0.04696949943900108,0.006198306102305651,9.742628026288003e-05,0.0,-0.12352941185235977,0.05353622883558273,-0.06222528591752052,0.0,0.0,0.36772027611732483,8192.0,97.0,0.9099647402763367
24500.0,200704000.0,2628027.2868869114,26816.604968233787,76.37059211730957,0.0,1.0,1.0,0.800000011920929,0.4000000059604645,1.0,1.0,1.0,0.7749999761581421,0.0,0.7033600211143494,0.5211999416351318,0.40543994307518005,0.20847998559474945,0.3588399589061737,0.3408399522304535,0.41823992133140564,0.369549959897995,162.625,0.0054363771341741085,0.011619903147220612,-0.0003512273542582989,0.02234644442796707,50.91950225830078,0.09804892539978027,0.8007174730300903,4000.0,474552.0,0.25,0.19080838561058044,0.06672662496566772,0.8557297587394714,0.789671778678894,0.017578125,0.0087890625,242.0,11737.0,11737.0,784.0,-0.03280491381883621,0.014725971966981888,9.219967068929691e-06,0.0,0.07058823853731155,0.05032980814576149,-0.06286631524562836,0.01171875,1.0,0.3378068208694458,8192.0,98.0,0.9266951084136963
24750.0,202752000.0,2646786.1212398433,26735.213345857002,76.60309171676636,0.0,0.699999988079071,1.0,0.5,1.0,1.0,0.800000011920929,0.10000000149011612,0.6375000476837158,0.0,0.4688799977302551,0.4607199728488922,0.24331998825073242,0.44199997186660767,0.5381199717521667,0.18943998217582703,0.030159998685121536,0.2965799868106842,184.625,0.006147271022200584,0.01311476994305849,-0.00038618422695435584,0.02392900362610817,50.74500274658203,0.1104152724146843,0.7596206665039062,4000.0,479424.0,0.24878229200839996,0.18728071451187134,0.06379438191652298,0.8534709811210632,0.7868072986602783,0.03515625,0.017578125,242.0,11858.0,11858.0,792.0,-0.03017602115869522,0.018554022535681725,0.003908016253262758,0.01171875,-0.17058824002742767,0.056132130324840546,0.035347990691661835,0.01953125,1.6666667461395264,0.3704600930213928,8192.0,99.0,0.8998695611953735
25000.0,204800000.0,2655254.2594551533,26552.542594551534,77.13008999824524,0.0,1.0,1.0,1.0,0.30000001192092896,1.0,0.0,1.0,0.6625000238418579,0.0,0.7307199835777283,0.49887996912002563,0.4751199781894684,0.1369200050830841,0.48159995675086975,0.0,0.2799999713897705,0.3254050016403198,171.5,0.006134959869086742,0.01294124498963356,-0.0003141552151646465,0.021506721153855324,51.67962646484375,0.09904231876134872,0.7935304045677185,4000.0,484296.0,0.24609375,0.19046463072299957,0.07391940802335739,0.8562467694282532,0.788682222366333,0.017578125,0.0087890625,242.0,11979.0,11979.0,800.0,-0.0355985052883625,0.02693929523229599,0.0019987281411886215,0.0,0.4911764860153198,0.05624279007315636,-0.019184984266757965,0.01171875,1.0,0.35318028926849365,8192.0,100.0,0.9138182997703552
25250.0,206848000.0,2685016.9167876192,26584.32590878831,77.03787589073181,0.9000000357627869,1.0,1.0,1.0,0.0,1.0,1.0,0.5,0.800000011920929,0.6991199851036072,0.765999972820282,0.4959999620914459,0.47943994402885437,0.0,0.38439998030662537,0.5521599650382996,0.16519998013973236,0.4427899718284607,152.75,0.006045571528375149,0.012840951792895794,-0.000353160168742761,0.02174413949251175,51.85075378417969,0.10566568374633789,0.7580416798591614,4000.0,489168.0,0.24941575527191162,0.19090396165847778,0.0695170909166336,0.8532317280769348,0.7869582176208496,0.01171875,0.005859375,242.0,12100.0,12100.0,808.0,-0.01621563732624054,0.008140509016811848,4.283113230485469e-05,0.0,0.5,0.048005349934101105,0.10022895783185959,0.0078125,0.6666666865348816,0.334825336933136,8192.0,101.0,0.8847998380661011
25500.0,208896000.0,2728797.1940882015,26752.913667531386,76.55240941047668,0.9000000357627869,0.800000011920929,1.0,1.0,1.0,1.0,1.0,0.9000000357627869,0.9500000476837158,0.6019200682640076,0.4975999891757965,0.47871994972229004,0.4931199252605438,0.3872799873352051,0.2616399824619293,0.5157999396324158,0.589680016040802,0.47821998596191406,147.875,0.005832124967128038,0.012555597350001335,-0.00042250737897120416,0.023166265338659286,50.05050277709961,0.10499393939971924,0.7774478793144226,4000.0,494040.0,0.25,0.19650906324386597,0.0816025584936142,0.8530637621879578,0.7868791818618774,0.005859375,0.0029296875,242.0,12221.0,12221.0,816.0,-0.024649467319250107,0.01792094111442566,7.893965084804222e-05,0.0,-0.05588235333561897,0.060493648052215576,0.04945055767893791,0.00390625,0.3333333432674408,0.33549582958221436,8192.0,102.0,0.9109848141670227
25750.0,210944000.0,2755986.0317788227,26757.14593960022,76.54030084609985,0.9000000357627869,0.9000000357627869,1.0,1.0,0.9000000357627869,1.0,1.0,0.20000000298023224,0.8625000715255737,0.623520016670227,0.4795199930667877,0.5211999416351318,0.3397599458694458,0.48419997096061707,0.27459999918937683,0.4135599136352539,0.07471998780965805,0.40138494968414307,198.875,0.005905679892748594,0.012582184746861458,-0.0003625679819379002,0.02284417673945427,51.75275421142578,0.10629794001579285,0.7719318270683289,4000.0,498912.0,0.25,0.19229964911937714,0.07129894196987152,0.8561974167823792,0.7870165109634399,0.0,0.0,242.0,12342.0,12342.0,824.0,-0.013281898573040962,0.016453817486763,2.7126883651362732e-05,0.0,-0.28823530673980713,0.04648595303297043,0.012591577135026455,0.0,0.0,0.36683210730552673,8192.0,103.0,0.9178056716918945
26000.0,212992000.0,2774447.532384886,26677.38011908544,76.76915764808655,1.0,0.30000001192092896,1.0,0.800000011920929,0.0,1.0,1.0,0.10000000149011612,0.6499999761581421,0.7696000337600708,0.22439999878406525,0.3599199950695038,0.3867199718952179,0.0,0.24831996858119965,0.5931999683380127,0.037359993904829025,0.3274399936199188,182.75,0.005648798309266567,0.012059153988957405,-0.00035787871456705034,0.022899430245161057,51.2806282043457,0.10567662864923477,0.7784489393234253,4000.0,503784.0,0.25,0.19060292840003967,0.06663026660680771,0.8599193096160889,0.7868500351905823,0.01171875,0.005859375,242.0,12463.0,12463.0,832.0,-0.028082016855478287,0.005238833837211132,0.0038396490272134542,0.01171875,0.1617647111415863,0.042211152613162994,0.0594780333340168,0.00390625,0.3333333432674408,0.3268340229988098,8192.0,104.0,0.9324634075164795
26250.0,215040000.0,2800652.122847129,26672.87736044885,76.78211736679077,1.0,1.0,1.0,0.9000000357627869,0.20000000298023224,1.0,0.10000000149011612,0.6000000238418579,0.7250000238418579,0.7393600344657898,0.7552000284194946,0.3195999562740326,0.46907997131347656,0.07183999568223953,0.25947996973991394,0.056439995765686035,0.2939999997615814,0.37062495946884155,169.375,0.005551161244511604,0.011791582219302654,-0.0003226721310056746,0.021958019584417343,51.860626220703125,0.1015322282910347,0.7774343490600586,4000.0,508656.0,0.2490234375,0.18591704964637756,0.05928836390376091,0.8626885414123535,0.7859318256378174,0.03125,0.015625,242.0,12584.0,12584.0,840.0,0.015614737756550312,0.01650778204202652,0.03515167161822319,0.01171875,-0.5970588326454163,0.03014318458735943,0.060119058936834335,0.01692708395421505,1.4444445371627808,0.2915801405906677,8192.0,105.0,0.9174299836158752
26500.0,217088000.0,2823349.679490906,26635.374334819873,76.89022779464722,1.0,1.0,1.0,0.0,0.0,0.6000000238418579,0.9000000357627869,0.0,0.5625,0.7760800123214722,0.6961600184440613,0.5211999416351318,0.0,0.0,0.1589999794960022,0.40428000688552856,0.0,0.3195899724960327,183.0,0.00577507121488452,0.012208366766571999,-0.00030799504020251334,0.021117206662893295,51.683876037597656,0.10380928218364716,0.7686063647270203,4000.0,513528.0,0.234375,0.18086916208267212,0.06739569455385208,0.8639081716537476,0.7855977416038513,0.005859375,0.0029296875,242.0,12705.0,12705.0,848.0,-0.03701626509428024,0.0035842894576489925,7.673800610064063e-06,0.0,-0.07647059112787247,0.03801780939102173,-0.15352566540241241,0.00390625,0.3333333432674408,0.3232915997505188,8192.0,106.0,0.9300918579101562
26750.0,219136000.0,2851313.054329928,26647.785554485312,76.85441613197327,0.9000000357627869,1.0,0.800000011920929,0.0,0.10000000149011612,0.9000000357627869,0.0,0.9000000357627869,0.5750000476837158,0.650160014629364,0.7127200365066528,0.36007997393608093,0.0,0.049240000545978546,0.2383199781179428,0.0,0.3628799617290497,0.2966749966144562,174.625,0.0055703287944197655,0.011887704953551292,-0.00035159458639100194,0.021929187700152397,51.85700225830078,0.10225144028663635,0.7825692892074585,4000.0,518400.0,0.2490234375,0.18766483664512634,0.060603439807891846,0.8657638430595398,0.7863637804985046,0.0078125,0.00390625,242.0,12826.0,12826.0,856.0,-0.04221861809492111,0.016572631895542145,0.014735590666532516,0.015625,0.3911764919757843,0.06752465665340424,0.13315020501613617,0.0,0.0,0.2829526960849762,8192.0,107.0,0.9268476366996765
27000.0,221184000.0,2891901.7460390306,26776.86801887991,76.48392629623413,1.0,1.0,1.0,0.0,0.0,1.0,0.5,0.4000000059604645,0.612500011920929,0.7206400036811829,0.6896800398826599,0.4002399444580078,0.0,0.0,0.27135998010635376,0.10939998924732208,0.08031999319791794,0.2839549779891968,202.625,0.005773730110377073,0.012255563400685787,-0.00033032638020813465,0.023724865168333054,52.6931266784668,0.11129874736070633,0.766407310962677,4000.0,523272.0,0.23968505859375,0.18277381360530853,0.06594069302082062,0.8627321124076843,0.7836698889732361,0.017578125,0.0087890625,242.0,12947.0,12947.0,864.0,-0.04625243321061134,0.02649857848882675,3.660906804725528e-05,0.0,-0.0235294122248888,0.07324996590614319,-0.050320520997047424,0.01171875,1.0,0.4187842011451721,8192.0,108.0,0.9000300765037537
27250.0,223232000.0,2933749.951897051,26915.13717336744,76.09101104736328,1.0,1.0,0.9000000357627869,0.0,0.20000000298023224,1.0,0.0,0.800000011920929,0.612500011920929,0.6011199951171875,0.7566400170326233,0.42875996232032776,0.0,0.07831999659538269,0.27675995230674744,0.0,0.23047995567321777,0.2965099811553955,162.0,0.006014900282025337,0.012762236408889294,-0.0003432917292229831,0.022926224395632744,51.36487579345703,0.10845419764518738,0.7549222707748413,4000.0,528144.0,0.25,0.19550758600234985,0.07946348190307617,0.8599569797515869,0.7819790244102478,0.005859375,0.0029296875,242.0,13068.0,13068.0,872.0,-0.04258105903863907,0.015971949324011803,0.00010853033745661378,0.0,-0.2764706015586853,0.05613371729850769,-0.06698719412088394,0.00390625,0.3333333432674408,0.35655996203422546,8192.0,109.0,0.8746904730796814
27500.0,225280000.0,2940197.572450595,26729.068840459957,76.6207013130188,1.0,0.9000000357627869,0.699999988079071,0.4000000059604645,0.20000000298023224,1.0,0.800000011920929,0.699999988079071,0.7124999761581421,0.8430399894714355,0.5572800040245056,0.3065199851989746,0.06447999179363251,0.09848000109195709,0.27063998579978943,0.37519997358322144,0.2996799945831299,0.35191500186920166,171.375,0.005764019675552845,0.012249939143657684,-0.00033925799652934074,0.021691568195819855,53.02812576293945,0.10461542010307312,0.768588125705719,4000.0,533016.0,0.24761581420898438,0.19590544700622559,0.08408670872449875,0.8588005900382996,0.7811058759689331,0.005859375,0.0029296875,242.0,13189.0,13189.0,880.0,-0.055569931864738464,0.007997328415513039,3.230133734177798e-05,0.0,0.30882352590560913,0.06396076083183289,0.04697803035378456,0.00390625,0.3333333432674408,0.3766688108444214,8192.0,110.0,0.9146096706390381
27750.0,227328000.0,2962946.8468073593,26693.214836102336,76.72361731529236,1.0,1.0,1.0,0.5,0.0,1.0,0.699999988079071,0.6000000238418579,0.7250000238418579,0.7472800016403198,0.7530400156974792,0.5168799757957458,0.0597199872136116,0.0,0.26559996604919434,0.314439982175827,0.19175997376441956,0.3560900092124939,184.125,0.005587444640696049,0.011878903023898602,-0.00032884354004636407,0.023163853213191032,53.18300247192383,0.10745299607515335,0.7587783336639404,4000.0,537888.0,0.24724388122558594,0.18951424956321716,0.06905344873666763,0.8559013605117798,0.7787253260612488,0.005859375,0.0029296875,242.0,13310.0,13310.0,888.0,-0.0018650460988283157,0.01735687628388405,1.5219785382214468e-05,0.0,-0.17058824002742767,0.050990451127290726,0.05540294200181961,0.00390625,0.3333333432674408,0.41797494888305664,8192.0,111.0,0.8893160820007324
28000.0,229376000.0,3070387.4424997293,27414.173593747582,74.705881357193,1.0,1.0,1.0,0.0,0.0,1.0,0.10000000149011612,0.5,0.574999988079071,0.7148799896240234,0.7019200325012207,0.5211999416351318,0.0,0.0,0.2587599754333496,0.05067999288439751,0.19327998161315918,0.3050899803638458,185.875,0.0055854772217571735,0.01190855074673891,-0.00034887378569692373,0.019924644380807877,53.2135009765625,0.10314557701349258,0.7851788997650146,4000.0,542760.0,0.25,0.19443976879119873,0.07775340974330902,0.858818531036377,0.7781223654747009,0.0,0.0,242.0,13431.0,13431.0,896.0,-0.053882330656051636,0.005139805376529694,1.880234049167484e-05,0.0,-0.014705882407724857,0.050617579370737076,-0.016483519226312637,0.0,0.0,0.42328569293022156,8192.0,112.0,0.9162822961807251
28250.0,231424000.0,3193986.897351053,28265.37077301817,72.45615196228027,1.0,1.0,0.800000011920929,0.0,0.0,1.0,0.800000011920929,0.10000000149011612,0.5874999761581421,0.6234399676322937,0.6940000653266907,0.3291199803352356,0.0,0.0,0.19899994134902954,0.37087997794151306,0.037359993904829025,0.2817249894142151,198.625,0.005785833112895489,0.01225135289132595,-0.00031902463524602354,0.02081891894340515,52.64725112915039,0.10464155673980713,0.757097065448761,4000.0,547632.0,0.23968505859375,0.18271037936210632,0.06559742987155914,0.8576391935348511,0.7787414789199829,0.01171875,0.005859375,242.0,13552.0,13552.0,904.0,-0.04005574434995651,0.017370622605085373,4.157666353421519e-06,0.0,0.4058823585510254,0.059599075466394424,0.002747253281995654,0.0078125,0.6666666865348816,0.38229501247406006,8192.0,113.0,0.9257326126098633
28500.0,233472000.0,3261512.3918847255,28609.757823550222,71.5839684009552,1.0,1.0,1.0,0.0,0.0,1.0,0.0,0.0,0.5,0.6594399809837341,0.3851199746131897,0.5211999416351318,0.0,0.0,0.2828799784183502,0.0,0.0,0.23107998073101044,205.875,0.006172429770231247,0.01312212459743023,-0.0003671220038086176,0.021510668098926544,53.49725341796875,0.10634351521730423,0.757161557674408,4000.0,552504.0,0.2499246895313263,0.1887301206588745,0.06299096345901489,0.8560917377471924,0.778925359249115,0.03125,0.015625,242.0,13673.0,13673.0,912.0,-0.028050748631358147,0.015986014157533646,0.003899787086993456,0.01171875,0.1558823585510254,0.048849936574697495,-0.09285715967416763,0.01692708395421505,1.4444445371627808,0.41579538583755493,8192.0,114.0,0.8915658593177795
28750.0,235520000.0,3260989.9336268865,28356.434205451187,72.2234673500061,1.0,1.0,1.0,0.30000001192092896,0.0,1.0,0.4000000059604645,1.0,0.7124999761581421,0.8128000497817993,0.7120000123977661,0.4808799922466278,0.13763998448848724,0.0,0.22527995705604553,0.22575998306274414,0.44343996047973633,0.37972497940063477,156.0,0.0055708144791424274,0.011809097602963448,-0.00031647636205889285,0.017258625477552414,52.64262771606445,0.09843964129686356,0.7908253073692322,4000.0,557376.0,0.2496778666973114,0.19287370145320892,0.07331178337335587,0.8596236705780029,0.7787418365478516,0.0,0.0,242.0,13794.0,13794.0,920.0,-0.0818243995308876,0.010946430265903473,0.00018448234186507761,0.0,-0.2823529541492462,0.07087796926498413,-0.14523811638355255,0.0,0.0,0.38966888189315796,8192.0,115.0,0.9235901236534119
29000.0,237568000.0,3269128.530199887,28182.142501723167,72.67013144493103,1.0,1.0,0.9000000357627869,1.0,0.0,1.0,1.0,1.0,0.862500011920929,0.6983200311660767,0.7336000204086304,0.3193199634552002,0.5139999389648438,0.0,0.24651995301246643,0.5165199637413025,0.6904000043869019,0.464834988117218,151.25,0.00533301942050457,0.011327730491757393,-0.000310766976326704,0.020078707486391068,51.60300064086914,0.10075352340936661,0.7821947336196899,4000.0,562248.0,0.24905070662498474,0.18730679154396057,0.06104034557938576,0.8622859716415405,0.7821770310401917,0.0078125,0.00390625,242.0,13915.0,13915.0,928.0,-0.05617313086986542,0.009751592762768269,9.843887528404593e-05,0.0,0.25882354378700256,0.0569058395922184,-0.12042126804590225,0.0052083334885537624,0.444444477558136,0.320123553276062,8192.0,116.0,0.9203485250473022
29250.0,239616000.0,3598274.9317798354,30754.48659640885,66.5919098854065,1.0,1.0,1.0,0.20000000298023224,0.0,1.0,0.20000000298023224,1.0,0.675000011920929,0.656559944152832,0.7566400170326233,0.3627999722957611,0.10567998886108398,0.0,0.20223994553089142,0.10135998576879501,0.5543199777603149,0.34244996309280396,152.25,0.005622376687824726,0.011932739987969398,-0.00032332539558410645,0.02066831663250923,53.52387619018555,0.10511355847120285,0.7716053128242493,4000.0,567120.0,0.25,0.18950209021568298,0.06304749101400375,0.8633535504341125,0.7806479334831238,0.017578125,0.0087890625,242.0,14036.0,14036.0,936.0,-0.08012035489082336,0.019358370453119278,0.003772074356675148,0.01171875,0.6029412150382996,0.07417351752519608,-0.153708815574646,0.0078125,0.6666666865348816,0.34914469718933105,8192.0,117.0,0.9087403416633606
29500.0,241664000.0,4171312.141184464,35350.10289139376,57.934767723083496,1.0,1.0,1.0,1.0,0.20000000298023224,0.30000001192092896,0.4000000059604645,0.6000000238418579,0.6875,0.7415200471878052,0.6839200258255005,0.2893599569797516,0.5269599556922913,0.03007999062538147,0.06887998431921005,0.2171199768781662,0.155039981007576,0.33910998702049255,189.25,0.005698518827557564,0.012094719335436821,-0.0003295774513389915,0.019263172522187233,53.419002532958984,0.10450227558612823,0.7804508209228516,4000.0,571992.0,0.24998199939727783,0.19126826524734497,0.06983322650194168,0.8644782900810242,0.7789642214775085,0.013671875,0.0068359375,242.0,14157.0,14157.0,944.0,-0.05885535478591919,0.033264175057411194,0.06242068484425545,0.0,0.05588235333561897,0.07366181910037994,-0.1010989174246788,0.00911458395421505,0.7777778506278992,0.3605462908744812,8192.0,118.0,0.917401909828186
29750.0,243712000.0,4572842.118857008,38427.244696277376,53.295520305633545,1.0,1.0,1.0,1.0,1.0,1.0,1.0,1.0,1.0,0.7400800585746765,0.7523199915885925,0.5211999416351318,0.5219199061393738,0.20871996879577637,0.22599995136260986,0.5665599703788757,0.6904000043869019,0.5284000039100647,134.75,0.006082221399992704,0.012770343571901321,-0.00028469000244513154,0.018260346725583076,52.199501037597656,0.1027655303478241,0.7677463889122009,4000.0,576864.0,0.25,0.18901324272155762,0.06472061574459076,0.8640856146812439,0.7771120071411133,0.03515625,0.017578125,242.0,14278.0,14278.0,952.0,-0.004866039380431175,0.03692740201950073,0.015626871958374977,0.015625,-0.2235294133424759,0.061125658452510834,-0.04899268224835396,0.0182291679084301,1.1666667461395264,0.41778820753097534,8192.0,119.0,0.9132246971130371
30000.0,245760000.0,5232805.2901526075,43606.71075127173,46.965248346328735,1.0,1.0,1.0,1.0,1.0,1.0,0.30000001192092896,1.0,0.9125000238418579,0.7969599962234497,0.7264000177383423,0.5211999416351318,0.5024799704551697,0.5427999496459961,0.25119996070861816,0.15203998982906342,0.6904000043869019,0.5229349732398987,135.375,0.005737022962421179,0.012149265967309475,-0.00031652231700718403,0.021087240427732468,52.64237594604492,0.10354267060756683,0.7776728272438049,4000.0,581736.0,0.243896484375,0.18602770566940308,0.06651123613119125,0.8652241826057434,0.7774340510368347,0.017578125,0.0087890625,242.0,14399.0,14399.0,960.0,-0.21725188195705414,0.07986022531986237,6.777106136723887e-06,0.0,0.5941176414489746,0.15395450592041016,-0.01565934345126152,0.01171875,1.0,0.32440683245658875,8192.0,120.0,0.910053014755249
