num_updates,num_env_steps,sps,steps_per_second,time_delta,solve_rate/SixteenRooms,solve_rate/SixteenRooms2,solve_rate/Labyrinth,solve_rate/LabyrinthFlipped,solve_rate/Labyrinth2,solve_rate/StandardMaze,solve_rate/StandardMaze2,solve_rate/StandardMaze3,solve_rate/mean,return/SixteenRooms,return/SixteenRooms2,return/Labyrinth,return/LabyrinthFlipped,return/Labyrinth2,return/StandardMaze,return/StandardMaze2,return/StandardMaze3,return/mean,eval_ep_lengths/mean,agent/loss,agent/critic_loss,agent/actor_loss,agent/entropy,level/mean_num_blocks,train/learnability,train/success_rate,level_sampler/size,level_sampler/episode_count,level_sampler/max_score,level_sampler/weighted_score,level_sampler/mean_score,level_sampler/mean_p,level_sampler/mean_max_return,sfl/topk_learnability,sfl/population_learnability,branch/num_dr_updates,branch/num_replay_updates,branch/num_mutation_updates,branch/num_sfl_updates,oracle/bias,oracle/brier,oracle/control_brier,oracle/control_learnability,oracle/control_rank_corr,oracle/predicted_learnability,oracle/rank_corr,oracle/selected_learnability,oracle/selection_gain,oracle/loss,oracle/observations,branch/num_oracle_inserts,oracle/buffer_mean_p
250.0,2048000.0,18379.780981181888,18379.780981181888,111.42679023742676,0.0,0.0,0.0,0.0,0.0,0.0,0.0,0.0,0.0,0.0,0.0,0.0,0.0,0.0,0.0,0.0,0.0,0.0,250.0,0.00038184778532013297,0.004530988167971373,-5.714781980969974e-09,1.8836405277252197,23.315500259399414,0.05868750438094139,0.10950000584125519,1968.0,1968.0,0.25,nan,0.059641774743795395,0.11128049343824387,0.1866837441921234,0.107421875,0.0537109375,242.0,0.0,0.0,8.0,0.41796875,0.1962890625,0.171875,0.078125,0.7764706015586853,0.25,0.6072803139686584,0.0455729179084301,0.5833333730697632,0.3423596918582916,2000.0,1.0,0.10083159804344177
500.0,4096000.0,32401.999635039054,16200.999817519527,126.41195130348206,0.0,0.0,0.0,0.0,0.0,0.0,0.0,0.0,0.0,0.0,0.0,0.0,0.0,0.0,0.0,0.0,0.0,0.0,250.0,0.0004091300652362406,0.004172039683908224,-5.912745473324321e-05,1.6177623271942139,25.147125244140625,0.14093831181526184,0.2776353061199188,2960.0,6840.0,0.25,nan,0.0893855020403862,0.1477072536945343,0.26725929975509644,0.140625,0.0703125,242.0,121.0,121.0,16.0,-0.048028379678726196,0.058662235736846924,0.07266487181186676,0.0390625,-0.15294118225574493,0.09023889899253845,-0.0515567846596241,0.0807291716337204,2.066666841506958,0.5114083886146545,6904.0,2.0,0.20524951815605164
750.0,6144000.0,83415.6850493923,27805.228349797435,73.65521240234375,0.10000000149011612,0.0,0.0,0.0,0.0,0.0,0.0,0.0,0.012500000186264515,0.07840000092983246,0.0,0.0,0.0,0.0,0.0,0.0,0.0,0.009800000116229057,250.0,0.0018387698801234365,0.006030658725649118,-9.986431541619822e-05,1.076695203781128,26.6512508392334,0.17096221446990967,0.373334676027298,3954.0,11712.0,0.25,nan,0.14373667538166046,0.21356713771820068,0.37453049421310425,0.212890625,0.1181640625,242.0,242.0,242.0,24.0,-0.06116868928074837,0.07519318908452988,0.07924866676330566,0.1484375,0.40294119715690613,0.15462017059326172,0.08397437632083893,0.1080729216337204,0.7280701994895935,0.6387544274330139,8192.0,3.0,0.326911598443985
1000.0,8192000.0,110439.70243164845,27609.92560791211,74.17622303962708,0.0,0.0,0.0,0.0,0.0,0.0,0.0,0.0,0.0,0.0,0.0,0.0,0.0,0.0,0.0,0.0,0.0,0.0,250.0,0.0032475630287081003,0.008738745003938675,-0.00019941179198212922,0.9223979711532593,26.64837646484375,0.17349034547805786,0.46814775466918945,4000.0,16584.0,0.25,0.23699861764907837,0.1960107833147049,0.2502173185348511,0.4431700110435486,0.216796875,0.1435546875,242.0,363.0,363.0,32.0,-0.10003620386123657,0.11651445180177689,0.08672899752855301,0.1328125,-0.38235294818878174,0.2007679045200348,-0.2902930974960327,0.1471354216337204,1.1078431606292725,0.6610848903656006,8192.0,4.0,0.40872111916542053
1250.0,10240000.0,137054.79567763346,27410.959135526693,74.71464204788208,0.4000000059604645,0.0,0.0,0.0,0.0,0.0,0.0,0.0,0.05000000074505806,0.1321599930524826,0.0,0.0,0.0,0.0,0.0,0.0,0.0,0.016519999131560326,250.0,0.005785938818007708,0.013342057354748249,-0.00021660185302607715,0.6684876084327698,26.815250396728516,0.15593940019607544,0.5868468880653381,4000.0,21456.0,0.25,0.2439405471086502,0.21796418726444244,0.2967645525932312,0.5313333868980408,0.208984375,0.1220703125,242.0,484.0,484.0,40.0,-0.14113199710845947,0.1328081637620926,0.16397058963775635,0.10546875,0.24705882370471954,0.24742363393306732,0.021474363282322884,0.1276041716337204,1.2098766565322876,0.6467729806900024,8192.0,5.0,0.5902180671691895
1500.0,12288000.0,164167.41602039323,27361.23600339887,74.85041975975037,0.20000000298023224,0.0,0.0,0.0,0.0,0.0,0.0,0.0,0.02500000037252903,0.07868000119924545,0.0,0.0,0.0,0.0,0.0,0.0,0.0,0.009835000149905682,250.0,0.006445101462304592,0.014150361530482769,-0.00016799943114165217,0.46207985281944275,26.5728759765625,0.14302374422550201,0.6437863111495972,4000.0,26328.0,0.25,0.2407018095254898,0.21279457211494446,0.34895059466362,0.6339545249938965,0.14453125,0.072265625,242.0,605.0,605.0,48.0,-0.2701290249824524,0.1655503362417221,0.15070286393165588,0.05078125,0.25882354378700256,0.2460068315267563,0.05036630854010582,0.0794270858168602,1.5641026496887207,0.5179762840270996,8192.0,6.0,0.7955635786056519
1750.0,14336000.0,188441.34409499448,26920.19201357064,76.07672333717346,0.4000000059604645,0.0,0.0,0.0,0.0,0.0,0.0,0.0,0.05000000074505806,0.11955999583005905,0.0,0.0,0.0,0.0,0.0,0.0,0.0,0.014944999478757381,244.0,0.006305764429271221,0.013737481087446213,-0.00020654356922022998,0.3564319610595703,26.341876983642578,0.13387444615364075,0.6787181496620178,4000.0,31200.0,0.2497243881225586,0.21493758261203766,0.1531740427017212,0.40130820870399475,0.7220749258995056,0.11328125,0.056640625,242.0,726.0,726.0,56.0,-0.2849488854408264,0.14579150080680847,0.03338306397199631,0.0234375,0.14705882966518402,0.21740272641181946,-0.21098904311656952,0.0677083358168602,2.8888890743255615,0.3851412236690521,8192.0,7.0,0.8561352491378784
2000.0,16384000.0,219928.94857022548,27491.118571278184,74.49678683280945,0.30000001192092896,0.0,0.0,0.0,0.0,0.0,0.0,0.0,0.03750000149011612,0.12323999404907227,0.0,0.0,0.0,0.0,0.0,0.0,0.0,0.015404999256134033,250.0,0.006115729454904795,0.01344599574804306,-0.00030416049412451684,0.30310773849487305,26.79275131225586,0.1311849057674408,0.6981965899467468,4000.0,36072.0,0.24847412109375,0.20543524622917175,0.13276807963848114,0.4472760558128357,0.7830268740653992,0.06640625,0.033203125,242.0,847.0,847.0,64.0,-0.298656165599823,0.16492554545402527,0.01574377715587616,0.0234375,0.4000000059604645,0.20701783895492554,-0.3508700132369995,0.0364583358168602,1.5555557012557983,0.36034321784973145,8192.0,8.0,0.891040027141571
2250.0,18432000.0,246304.98947075589,27367.22105230621,74.83405041694641,0.4000000059604645,0.10000000149011612,0.0,0.0,0.10000000149011612,0.10000000149011612,0.0,0.0,0.08749999850988388,0.18903999030590057,0.009999996982514858,0.0,0.0,0.026919996365904808,0.03771999478340149,0.0,0.0,0.03295999765396118,242.25,0.006206868682056665,0.013500050641596317,-0.0002740109048318118,0.2691456079483032,27.078126907348633,0.13265754282474518,0.7121816873550415,4000.0,40944.0,0.2481536865234375,0.20065352320671082,0.12079077959060669,0.490376353263855,0.8249651193618774,0.146484375,0.0732421875,242.0,968.0,968.0,72.0,-0.2173003852367401,0.12326601892709732,0.023703718557953835,0.01171875,0.10588235408067703,0.20665648579597473,0.0009157510939985514,0.09375,8.0,0.3155542016029358,8192.0,9.0,0.8885917067527771
2500.0,20480000.0,276226.1388842995,27622.613888429947,74.14215064048767,0.10000000149011612,0.10000000149011612,0.0,0.0,0.0,0.20000000298023224,0.0,0.0,0.05000000074505806,0.015759998932480812,0.06904000043869019,0.0,0.0,0.0,0.09955999255180359,0.0,0.0,0.023044999688863754,250.0,0.0059636980295181274,0.013007924892008305,-0.00027872069040313363,0.26154372096061707,27.612125396728516,0.13046592473983765,0.7319265604019165,4000.0,45816.0,0.2481536865234375,0.19960959255695343,0.1169811487197876,0.5285464525222778,0.8513931035995483,0.09765625,0.048828125,242.0,1089.0,1089.0,80.0,-0.275277316570282,0.14945021271705627,0.03184330463409424,0.0234375,0.17352941632270813,0.21246403455734253,0.02953297272324562,0.0572916679084301,2.4444446563720703,0.35879218578338623,8192.0,10.0,0.901970386505127
2750.0,22528000.0,301902.48551508837,27445.68050137167,74.62012100219727,0.6000000238418579,0.10000000149011612,0.0,0.0,0.10000000149011612,0.10000000149011612,0.0,0.30000001192092896,0.15000000596046448,0.29076001048088074,0.012159997597336769,0.0,0.0,0.021519994363188744,0.04023999720811844,0.0,0.16715998947620392,0.06647999584674835,208.25,0.005957012064754963,0.013022453524172306,-0.0003383034490980208,0.2159116417169571,26.939001083374023,0.12734511494636536,0.7379333972930908,4000.0,50688.0,0.24609375,0.1952415555715561,0.10966634005308151,0.5661307573318481,0.8739575743675232,0.068359375,0.0341796875,242.0,1210.0,1210.0,88.0,-0.25308576226234436,0.15927451848983765,0.005225679837167263,0.0234375,0.47647058963775635,0.19763679802417755,-0.30009162425994873,0.0377604179084301,1.6111111640930176,0.34993496537208557,8192.0,11.0,0.9115341305732727
3000.0,24576000.0,332081.10966965504,27673.42580580459,74.00601625442505,0.5,0.4000000059604645,0.0,0.20000000298023224,0.0,0.6000000238418579,0.0,0.0,0.21250000596046448,0.23467998206615448,0.12459999322891235,0.0,0.06823999434709549,0.0,0.28967997431755066,0.0,0.0,0.0896499902009964,223.75,0.006142215803265572,0.013493671081960201,-0.00039621314499527216,0.2084064483642578,27.165376663208008,0.12331198900938034,0.7453798055648804,4000.0,55560.0,0.25,0.1965852975845337,0.1033744290471077,0.5993683338165283,0.8858059644699097,0.052734375,0.0263671875,242.0,1331.0,1331.0,96.0,-0.30459702014923096,0.17081019282341003,0.012112720869481564,0.015625,0.026470588520169258,0.19635947048664093,-0.4136447608470917,0.0299479179084301,1.9166667461395264,0.2415514886379242,8192.0,12.0,0.9308756589889526
3250.0,26624000.0,350162.836667065,26935.60282054346,76.03319716453552,0.9000000357627869,0.4000000059604645,0.0,0.0,0.0,0.10000000149011612,0.0,0.10000000149011612,0.1875000149011612,0.44855996966362,0.12135998159646988,0.0,0.0,0.0,0.05211999639868736,0.0,0.02619999647140503,0.0810299962759018,226.0,0.006257342640310526,0.013558964245021343,-0.00033693821751512587,0.1852017641067505,26.241376876831055,0.12251485139131546,0.7665277719497681,4000.0,60432.0,0.2499847412109375,0.19182199239730835,0.09178613871335983,0.6313257217407227,0.8946429491043091,0.0546875,0.02734375,242.0,1452.0,1452.0,104.0,-0.2475978136062622,0.15418082475662231,0.056438274681568146,0.01171875,0.20000000298023224,0.19364085793495178,-0.14931321144104004,0.0325520858168602,2.777778148651123,0.2580242455005646,8192.0,13.0,0.9330344200134277
3500.0,28672000.0,381082.5876583135,27220.18483273668,75.23828411102295,1.0,0.10000000149011612,0.0,0.0,0.0,0.20000000298023224,0.0,0.0,0.16250000894069672,0.4311999976634979,0.012159997597336769,0.0,0.0,0.0,0.07183999568223953,0.0,0.0,0.06440000236034393,243.25,0.005394263658672571,0.01194443367421627,-0.0004141004756093025,0.1638522744178772,26.763751983642578,0.11833255738019943,0.7801745533943176,4000.0,65304.0,0.24897223711013794,0.1899791657924652,0.08580412715673447,0.6611404418945312,0.9030322432518005,0.06640625,0.033203125,242.0,1573.0,1573.0,112.0,-0.31043270230293274,0.15409788489341736,0.008832646533846855,0.0,0.20000000298023224,0.19806110858917236,-0.3210623264312744,0.0442708358168602,3.777778148651123,0.1766645461320877,8192.0,14.0,0.9483160972595215
3750.0,30720000.0,413244.0279408971,27549.60186272647,74.33864235877991,0.9000000357627869,0.20000000298023224,0.0,0.0,0.0,0.0,0.0,0.0,0.13750000298023224,0.48635998368263245,0.07255998998880386,0.0,0.0,0.0,0.0,0.0,0.0,0.06986499577760696,231.375,0.005178008694201708,0.011566751636564732,-0.0004614373901858926,0.14392974972724915,26.4012508392334,0.1171702966094017,0.7841045260429382,4000.0,70176.0,0.25,0.1889667958021164,0.07919095456600189,0.6888513565063477,0.9059979319572449,0.1015625,0.05078125,242.0,1694.0,1694.0,120.0,-0.15621942281723022,0.07396471500396729,0.0032569372560828924,0.0,-0.07941176742315292,0.1676466166973114,0.09963371604681015,0.0677083358168602,5.777778148651123,0.21777114272117615,8192.0,15.0,0.936849057674408
4000.0,32768000.0,440703.80957387126,27543.988098366954,74.35379338264465,1.0,0.30000001192092896,0.0,0.0,0.0,0.0,0.0,0.9000000357627869,0.2750000059604645,0.7199199795722961,0.11063998937606812,0.0,0.0,0.0,0.0,0.0,0.48635998368263245,0.1646149903535843,190.0,0.005812534596771002,0.012708931230008602,-0.0004092338785994798,0.1326979547739029,28.335500717163086,0.11812693625688553,0.7802937626838684,4000.0,75048.0,0.2481536865234375,0.18836012482643127,0.08042432367801666,0.7119101285934448,0.9087274074554443,0.0546875,0.02734375,242.0,1815.0,1815.0,128.0,-0.26865720748901367,0.12880975008010864,0.01699741557240486,0.01171875,0.3852941393852234,0.19088613986968994,-0.05956960842013359,0.0325520858168602,2.777778148651123,0.26806920766830444,8192.0,16.0,0.9562357664108276
4250.0,34816000.0,467266.49916876614,27486.264656986245,74.5099425315857,0.9000000357627869,0.20000000298023224,0.0,0.0,0.20000000298023224,0.20000000298023224,0.10000000149011612,0.5,0.26249998807907104,0.5511599779129028,0.12187999486923218,0.0,0.0,0.04375999793410301,0.08443999290466309,0.04203999787569046,0.20443999767303467,0.130964994430542,211.75,0.005654674954712391,0.012308199889957905,-0.00037612993037328124,0.12329599261283875,27.093626022338867,0.11375594139099121,0.7791733741760254,4000.0,79920.0,0.25,0.18477436900138855,0.07075963169336319,0.7337644100189209,0.910923957824707,0.056640625,0.0283203125,242.0,1936.0,1936.0,136.0,-0.11915305256843567,0.058974675834178925,0.0030376650393009186,0.01171875,0.3382352888584137,0.14390836656093597,0.07500001043081284,0.0338541679084301,2.8888890743255615,0.24433764815330505,8192.0,17.0,0.9438052177429199
4500.0,36864000.0,493034.74435475544,27390.819130819746,74.76957845687866,0.9000000357627869,0.30000001192092896,0.0,0.0,0.0,0.0,0.0,0.10000000149011612,0.16250000894069672,0.5724000334739685,0.05303998664021492,0.0,0.0,0.0,0.0,0.0,0.017199993133544922,0.0803299993276596,244.5,0.006288368254899979,0.013633430935442448,-0.0004119485674891621,0.11639903485774994,28.37200164794922,0.11100142449140549,0.7882910966873169,4000.0,84792.0,0.24274009466171265,0.18241216242313385,0.07306360453367233,0.7521612048149109,0.9109883308410645,0.04296875,0.021484375,242.0,2057.0,2057.0,144.0,-0.18391546607017517,0.07225297391414642,0.0007906852406449616,0.0,0.5058823823928833,0.16030719876289368,0.25119051337242126,0.02864583395421505,2.4444446563720703,0.2909628748893738,8192.0,18.0,0.9420205354690552
4750.0,38912000.0,523466.6445530982,27550.876029110434,74.33520436286926,0.800000011920929,0.4000000059604645,0.0,0.800000011920929,0.10000000149011612,0.0,0.0,0.6000000238418579,0.3375000059604645,0.4400000274181366,0.21423998475074768,0.0,0.2815999686717987,0.04707999899983406,0.0,0.0,0.3479999899864197,0.16636499762535095,215.0,0.006623425055295229,0.014254694804549217,-0.00038334436248987913,0.12057838588953018,31.6981258392334,0.11186819523572922,0.7661079168319702,4000.0,89664.0,0.25,0.18727925419807434,0.06948128342628479,0.7682121992111206,0.9131045341491699,0.01953125,0.009765625,242.0,2178.0,2178.0,152.0,-0.12440481036901474,0.08428458124399185,0.000530664692632854,0.0,-0.014705882407724857,0.15207229554653168,-0.009249085560441017,0.01302083395421505,1.1111111640930176,0.32665809988975525,8192.0,19.0,0.9578446745872498
5000.0,40960000.0,549182.1004821078,27459.105024105393,74.5836398601532,0.30000001192092896,0.20000000298023224,0.0,0.6000000238418579,0.30000001192092896,0.10000000149011612,0.0,0.10000000149011612,0.20000000298023224,0.17291998863220215,0.07471998780965805,0.0,0.24719996750354767,0.14987997710704803,0.03123999945819378,0.0,0.07552000135183334,0.09393499791622162,249.25,0.006861215922981501,0.014772256836295128,-0.0004146443388890475,0.11026781052350998,30.123750686645508,0.11396097391843796,0.7621007561683655,4000.0,94536.0,0.25,0.1841638684272766,0.06177765503525734,0.7798033952713013,0.913434624671936,0.0546875,0.02734375,242.0,2299.0,2299.0,160.0,-0.06976974010467529,0.039768945425748825,0.0004346964997239411,0.0,-0.09705882519483566,0.11282355338335037,0.18489013612270355,0.0364583358168602,3.1111114025115967,0.41239243745803833,8192.0,20.0,0.9237512350082397
5250.0,43008000.0,576625.2335271662,27458.34445367458,74.58570575714111,0.9000000357627869,0.10000000149011612,0.0,0.0,0.0,0.5,0.0,0.20000000298023224,0.21250000596046448,0.4031999707221985,0.020799994468688965,0.0,0.0,0.0,0.11875998228788376,0.0,0.08191999047994614,0.07808499038219452,246.0,0.006471365224570036,0.013935212977230549,-0.0003836020769085735,0.11263950169086456,31.980501174926758,0.11055915057659149,0.7732198238372803,4000.0,99408.0,0.2490234375,0.1889522820711136,0.07555026561021805,0.7907263040542603,0.913112461566925,0.052734375,0.0263671875,242.0,2420.0,2420.0,168.0,-0.21803590655326843,0.09910611808300018,0.06658581644296646,0.02734375,-0.05588235333561897,0.1719147264957428,-0.04491759091615677,0.0260416679084301,0.9523810148239136,0.3126273453235626,8192.0,21.0,0.9368880987167358
5500.0,45056000.0,608063.0241498615,27639.22837044825,74.09758234024048,1.0,0.20000000298023224,0.0,0.0,0.10000000149011612,0.20000000298023224,0.0,0.6000000238418579,0.26250001788139343,0.617680013179779,0.038719989359378815,0.0,0.0,0.032680001109838486,0.05671999603509903,0.0,0.3084000051021576,0.13177500665187836,234.375,0.006807445548474789,0.014671809040009975,-0.0004249654011800885,0.10349318385124207,32.630126953125,0.10845158994197845,0.7692675590515137,4000.0,104280.0,0.25,0.186335027217865,0.06550192087888718,0.8021549582481384,0.9125216603279114,0.052734375,0.0263671875,242.0,2541.0,2541.0,176.0,-0.16767072677612305,0.07842692732810974,0.011783605441451073,0.02734375,0.0029411765281111,0.15220119059085846,-0.256913959980011,0.0260416679084301,0.9523810148239136,0.3467632234096527,8192.0,22.0,0.9428368210792542
5750.0,47104000.0,633564.1869865239,27546.268999414086,74.34763669967651,1.0,0.20000000298023224,0.0,0.6000000238418579,0.20000000298023224,0.4000000059604645,0.10000000149011612,0.30000001192092896,0.3500000238418579,0.7433199882507324,0.048799991607666016,0.0,0.1982399821281433,0.0660799965262413,0.13467998802661896,0.05499999597668648,0.1754399985074997,0.17769499123096466,204.125,0.007031941786408424,0.015066562220454216,-0.00041290250374004245,0.08843722194433212,33.10675048828125,0.10612364858388901,0.7606623768806458,4000.0,109152.0,0.249930277466774,0.1847137212753296,0.06301010400056839,0.8125049471855164,0.9108700752258301,0.025390625,0.0126953125,242.0,2662.0,2662.0,184.0,-0.14869815111160278,0.0721450001001358,0.06127980723977089,0.01171875,0.33529412746429443,0.13353438675403595,-0.11927657574415207,0.01302083395421505,1.1111111640930176,0.32616615295410156,8192.0,23.0,0.9343888759613037
6000.0,49152000.0,660449.012794202,27518.70886642508,74.4220962524414,0.6000000238418579,0.10000000149011612,0.0,0.20000000298023224,0.20000000298023224,0.5,0.0,0.20000000298023224,0.22499999403953552,0.36528000235557556,0.04527999833226204,0.0,0.08911999315023422,0.03799998760223389,0.2152400016784668,0.0,0.1064000055193901,0.10741500556468964,237.125,0.006882145069539547,0.014865248464047909,-0.0004588714800775051,0.09160789102315903,33.24437713623047,0.1058528795838356,0.7773454785346985,4000.0,114024.0,0.24276088178157806,0.18246440589427948,0.06610652059316635,0.8201808929443359,0.9093219637870789,0.017578125,0.0087890625,242.0,2783.0,2783.0,192.0,-0.17833954095840454,0.08107399940490723,0.004212283995002508,0.01171875,-0.21764706075191498,0.15215803682804108,-0.13923995196819305,0.0078125,0.6666666865348816,0.3240468204021454,8192.0,24.0,0.9447499513626099
6250.0,51200000.0,687357.6590276947,27494.306361107792,74.48814940452576,0.800000011920929,0.5,0.0,0.0,0.0,0.4000000059604645,0.0,0.20000000298023224,0.23749999701976776,0.5663599967956543,0.17960000038146973,0.0,0.0,0.0,0.10011998564004898,0.0,0.05023999139666557,0.11203999817371368,226.75,0.0067846206948161125,0.014621354639530182,-0.00043813540833070874,0.08792155981063843,32.73662567138672,0.1038324311375618,0.7778354287147522,4000.0,118896.0,0.22981278598308563,0.1718330830335617,0.05928695946931839,0.8289998769760132,0.9083520770072937,0.0234375,0.01171875,242.0,2904.0,2904.0,200.0,-0.13525278866291046,0.07383031398057938,0.0008176030241884291,0.0,-0.33529412746429443,0.14021198451519012,-0.0863095372915268,0.015625,1.3333333730697632,0.31869086623191833,8192.0,25.0,0.9373336434364319
6500.0,53248000.0,710662.5661924107,27333.175622785024,74.92726159095764,1.0,0.10000000149011612,0.0,0.0,0.0,0.5,0.0,0.5,0.26249998807907104,0.6911199688911438,0.043119996786117554,0.0,0.0,0.0,0.07663998752832413,0.0,0.2911999821662903,0.1377599835395813,203.0,0.006767634302377701,0.014600707218050957,-0.000448863283963874,0.08385579288005829,33.54300308227539,0.10748610645532608,0.7749788165092468,4000.0,123768.0,0.234375,0.17688702046871185,0.06273366510868073,0.8353235125541687,0.9059211015701294,0.033203125,0.0166015625,242.0,3025.0,3025.0,208.0,-0.10365665704011917,0.05545259639620781,0.001804760773666203,0.0,-0.10294117778539658,0.12692834436893463,-0.00952381081879139,0.0221354179084301,1.8888890743255615,0.3539099097251892,8192.0,26.0,0.923578679561615
6750.0,55296000.0,740712.974047258,27433.813853602147,74.65239834785461,0.800000011920929,0.6000000238418579,0.0,0.800000011920929,0.30000001192092896,0.699999988079071,0.0,0.699999988079071,0.48750001192092896,0.3849199712276459,0.29399996995925903,0.0,0.3946399688720703,0.08507999032735825,0.22443997859954834,0.0,0.40191999077796936,0.22312498092651367,229.875,0.0069342367351055145,0.01481952890753746,-0.0004047183902002871,0.07080917060375214,35.28937530517578,0.10562865436077118,0.7640798687934875,4000.0,128640.0,0.25,0.1882386952638626,0.06647983193397522,0.8401421904563904,0.9039543867111206,0.03125,0.015625,242.0,3146.0,3146.0,216.0,-0.13436679542064667,0.06514907628297806,0.0012902860762551427,0.0,0.5823529362678528,0.14115303754806519,-0.18214288353919983,0.02083333395421505,1.777777910232544,0.3806012272834778,8192.0,27.0,0.9223564863204956
7000.0,57344000.0,768144.0206528456,27433.715023315912,74.65266728401184,1.0,0.9000000357627869,0.0,0.0,0.20000000298023224,0.9000000357627869,0.0,0.30000001192092896,0.4125000238418579,0.6309999823570251,0.4352400004863739,0.0,0.0,0.021439993754029274,0.4705199897289276,0.0,0.11135999113321304,0.20869499444961548,197.375,0.00700299022719264,0.015043456107378006,-0.000447609752882272,0.07112772017717361,34.321502685546875,0.10611630976200104,0.7538740634918213,4000.0,133512.0,0.2490234375,0.1894768327474594,0.07128038257360458,0.8433868288993835,0.9049831032752991,0.03125,0.015625,242.0,3267.0,3267.0,224.0,-0.1390593945980072,0.05885510519146919,0.0026121260598301888,0.0,-0.04117647185921669,0.1397637277841568,-0.1547619253396988,0.02083333395421505,1.777777910232544,0.3518143594264984,8192.0,28.0,0.935539722442627
7250.0,59392000.0,796126.1676711235,27452.62647141805,74.60124087333679,1.0,0.5,0.20000000298023224,0.9000000357627869,0.9000000357627869,1.0,0.0,0.699999988079071,0.6499999761581421,0.5003199577331543,0.27752000093460083,0.042319994419813156,0.48131996393203735,0.452519953250885,0.5680000185966492,0.0,0.4458399713039398,0.3459799885749817,183.75,0.006970019079744816,0.01495487242937088,-0.0004399478784762323,0.06746917963027954,33.49037551879883,0.10183433443307877,0.7778414487838745,4000.0,138384.0,0.25,0.18817473948001862,0.06254293024539948,0.8463422656059265,0.9040254950523376,0.056640625,0.0283203125,242.0,3388.0,3388.0,232.0,-0.09066176414489746,0.03377082198858261,0.0002936209784820676,0.0,-0.2441176474094391,0.11829978227615356,0.07999085634946823,0.0377604179084301,3.222222328186035,0.42394936084747314,8192.0,29.0,0.9249081015586853
7500.0,61440000.0,819406.8152202226,27313.560507340753,74.98107028007507,0.800000011920929,1.0,0.10000000149011612,1.0,0.20000000298023224,1.0,0.0,0.9000000357627869,0.625,0.3816799819469452,0.5503600239753723,0.018999993801116943,0.42399999499320984,0.06391999125480652,0.4344399571418762,0.0,0.3171599805355072,0.2738199830055237,198.0,0.0066057476215064526,0.014275035820901394,-0.00046404017484746873,0.06773000210523605,35.321250915527344,0.102760910987854,0.7720522880554199,4000.0,143256.0,0.25,0.18956570327281952,0.06662153452634811,0.8495234847068787,0.9026241898536682,0.03125,0.015625,242.0,3509.0,3509.0,240.0,-0.13888400793075562,0.04163563251495361,0.0008763630175963044,0.0,-0.5882353186607361,0.12831494212150574,-0.018177658319473267,0.02083333395421505,1.777777910232544,0.3659474551677704,8192.0,30.0,0.926548421382904
7750.0,63488000.0,855575.844927903,27599.220804125904,74.20499348640442,1.0,0.699999988079071,0.0,1.0,0.4000000059604645,1.0,0.0,0.5,0.574999988079071,0.6072399616241455,0.24927997589111328,0.0,0.505359947681427,0.2171199768781662,0.4448799192905426,0.0,0.26023998856544495,0.2855149507522583,185.625,0.006825686432421207,0.014636039733886719,-0.00042358014616183937,0.06875307112932205,34.07875061035156,0.1032792255282402,0.7862100005149841,4000.0,148128.0,0.2490234375,0.18730835616588593,0.06432992964982986,0.8528876304626465,0.9017048478126526,0.01953125,0.009765625,242.0,3630.0,3630.0,248.0,-0.14926019310951233,0.04551010578870773,0.003559997072443366,0.01171875,-0.026470588520169258,0.13450028002262115,0.014652017503976822,0.00911458395421505,0.7777778506278992,0.3674972653388977,8192.0,31.0,0.9251753091812134
8000.0,65536000.0,933293.8994101363,29165.43435656676,70.22010970115662,0.699999988079071,0.4000000059604645,0.20000000298023224,0.699999988079071,0.10000000149011612,1.0,0.0,0.5,0.44999998807907104,0.44764000177383423,0.18903999030590057,0.04735999181866646,0.32451996207237244,0.05427999421954155,0.4020399749279022,0.0,0.1335199922323227,0.19979998469352722,207.875,0.006580869201570749,0.014179878868162632,-0.0004454167210496962,0.06365314871072769,34.186500549316406,0.1018831878900528,0.7852808833122253,4000.0,153000.0,0.24761581420898438,0.18666836619377136,0.06310620158910751,0.8552553057670593,0.9007129073143005,0.029296875,0.0146484375,242.0,3751.0,3751.0,256.0,-0.1342296302318573,0.062170691788196564,0.00806319061666727,0.0234375,-0.13235294818878174,0.13447600603103638,-0.05613554269075394,0.01171875,0.5,0.40340012311935425,8192.0,32.0,0.9250471591949463
8250.0,67584000.0,911826.1647935354,27631.095902834404,74.11939096450806,0.20000000298023224,0.5,0.6000000238418579,1.0,0.4000000059604645,1.0,0.20000000298023224,0.5,0.5499999523162842,0.12691999971866608,0.15799997746944427,0.21264000236988068,0.5395599603652954,0.1566399782896042,0.39879998564720154,0.08479999750852585,0.18319998681545258,0.23256997764110565,201.625,0.00679275905713439,0.014625286683440208,-0.0004592979676090181,0.060585420578718185,35.72612762451172,0.100966677069664,0.7628414630889893,4000.0,157872.0,0.24598439037799835,0.18643257021903992,0.06407632678747177,0.8574177026748657,0.8994735479354858,0.013671875,0.0068359375,242.0,3872.0,3872.0,264.0,-0.12652817368507385,0.029384709894657135,0.0008008216973394156,0.0,0.03529411926865578,0.11413927376270294,-0.09592492878437042,0.00911458395421505,0.7777778506278992,0.3744578957557678,8192.0,33.0,0.921796441078186
8500.0,69632000.0,933957.6167535377,27469.341669221696,74.55584573745728,0.0,0.6000000238418579,0.20000000298023224,0.9000000357627869,0.10000000149011612,0.800000011920929,0.4000000059604645,1.0,0.5,0.0,0.33503997325897217,0.09271999448537827,0.45611998438835144,0.049959998577833176,0.3219199776649475,0.15087997913360596,0.5694400072097778,0.2470099925994873,200.625,0.006800353527069092,0.014683670364320278,-0.0004777651629410684,0.06371722370386124,34.9378776550293,0.09921371936798096,0.7919451594352722,4000.0,162744.0,0.24983882904052734,0.1879197508096695,0.06225292384624481,0.8618330955505371,0.8986732959747314,0.068359375,0.0341796875,242.0,3993.0,3993.0,272.0,-0.08420859277248383,0.06675846129655838,0.06940983980894089,0.01171875,0.34705883264541626,0.14334411919116974,0.13525643944740295,0.0416666679084301,3.555555820465088,0.3094499409198761,8192.0,34.0,0.9343979954719543
8750.0,71680000.0,961809.593988271,27480.2741139506,74.52618527412415,0.6000000238418579,0.800000011920929,0.4000000059604645,1.0,0.4000000059604645,1.0,0.0,0.4000000059604645,0.5750000476837158,0.2831999957561493,0.40255996584892273,0.13359998166561127,0.5384799838066101,0.14152000844478607,0.2940399646759033,0.0,0.16743998229503632,0.24510499835014343,185.625,0.006968485191464424,0.014823868870735168,-0.0003889408253598958,0.05450795590877533,38.90800094604492,0.09976954013109207,0.7685829401016235,4000.0,167616.0,0.24609375,0.18416906893253326,0.05640629678964615,0.8636048436164856,0.8976023197174072,0.0234375,0.01171875,242.0,4114.0,4114.0,280.0,-0.08867970108985901,0.03233169764280319,0.0002760979114100337,0.0,0.0029411765281111,0.10018973052501678,-0.1496337205171585,0.015625,1.3333333730697632,0.4105924367904663,8192.0,35.0,0.9375959634780884
9000.0,73728000.0,993155.478074593,27587.652168738696,74.23611068725586,0.800000011920929,0.699999988079071,0.30000001192092896,1.0,0.20000000298023224,1.0,0.10000000149011612,1.0,0.6375000476837158,0.3525199890136719,0.23667998611927032,0.13836000859737396,0.5427999496459961,0.09920000284910202,0.5949999690055847,0.022599995136260986,0.6018400192260742,0.32362499833106995,178.125,0.00734421331435442,0.0156374704092741,-0.00042226232471875846,0.052259013056755066,37.48025131225586,0.0981614887714386,0.7798219323158264,4000.0,172488.0,0.234375,0.17596697807312012,0.055172331631183624,0.8655757904052734,0.8959057927131653,0.025390625,0.0126953125,242.0,4235.0,4235.0,288.0,-0.05091394484043121,0.011197132989764214,0.00013940084318164736,0.0,-0.04117647185921669,0.06649569422006607,-0.09706961363554001,0.01692708395421505,1.4444445371627808,0.3633151352405548,8192.0,36.0,0.9295815825462341
9250.0,75776000.0,1013420.9060826077,27389.754218448856,74.77248549461365,0.20000000298023224,0.20000000298023224,0.699999988079071,1.0,0.6000000238418579,0.9000000357627869,0.0,0.800000011920929,0.550000011920929,0.09200000017881393,0.07688000053167343,0.31731998920440674,0.5024799704551697,0.3177599608898163,0.39851996302604675,0.0,0.44359999895095825,0.2685699760913849,199.5,0.007149529177695513,0.015303538180887699,-0.00044785134377889335,0.054387930780649185,37.567874908447266,0.09952933341264725,0.7752213478088379,4000.0,177360.0,0.25,0.18885624408721924,0.06058311089873314,0.8696268796920776,0.8948339223861694,0.0234375,0.01171875,242.0,4356.0,4356.0,296.0,-0.12627360224723816,0.03485534340143204,0.003695146646350622,0.01171875,-0.04117647185921669,0.11666716635227203,-0.051602572202682495,0.01171875,1.0,0.34339576959609985,8192.0,37.0,0.9383260011672974
9500.0,77824000.0,1053244.1272755032,27716.9507177764,73.88980197906494,0.20000000298023224,0.30000001192092896,0.0,0.30000001192092896,0.0,0.4000000059604645,0.0,1.0,0.2750000059604645,0.07687999308109283,0.08111998438835144,0.0,0.12323999404907227,0.0,0.1483599990606308,0.0,0.674560010433197,0.13802000880241394,229.75,0.007126981392502785,0.015285711735486984,-0.00046202470548450947,0.05384983494877815,39.25300216674805,0.09810467809438705,0.7761918306350708,4000.0,182232.0,0.2481536865234375,0.18431217968463898,0.05286826565861702,0.8701736330986023,0.8939906358718872,0.005859375,0.0029296875,242.0,4477.0,4477.0,304.0,-0.061209917068481445,0.03209143504500389,0.00014355190796777606,0.0,0.020588235929608345,0.08756795525550842,-0.008974360302090645,0.00390625,0.3333333432674408,0.3498690128326416,8192.0,38.0,0.9354168176651001
9750.0,79872000.0,1092888.6374438223,28022.785575482623,73.08338403701782,0.6000000238418579,0.800000011920929,0.0,1.0,0.0,0.9000000357627869,0.0,0.4000000059604645,0.46250003576278687,0.21011996269226074,0.38383999466896057,0.0,0.47367992997169495,0.0,0.5504400134086609,0.0,0.17319999635219574,0.22390997409820557,209.75,0.0069100442342460155,0.01478041522204876,-0.00042753072921186686,0.052634019404649734,38.162376403808594,0.09765322506427765,0.7849244475364685,4000.0,187104.0,0.25,0.18496990203857422,0.05176132544875145,0.8735535144805908,0.89144366979599,0.033203125,0.0166015625,242.0,4598.0,4598.0,312.0,-0.04653778299689293,0.0520964041352272,7.190502219600603e-05,0.0,-0.17352941632270813,0.10030174255371094,0.036721616983413696,0.0221354179084301,1.8888890743255615,0.3612743616104126,8192.0,39.0,0.938322901725769
10000.0,81920000.0,1100899.8431023147,27522.49607755787,74.41185545921326,0.6000000238418579,1.0,0.10000000149011612,0.10000000149011612,0.10000000149011612,0.699999988079071,0.0,0.9000000357627869,0.4375,0.3368400037288666,0.45531997084617615,0.010359996929764748,0.05427999421954155,0.021879995241761208,0.3065199851989746,0.0,0.3887999653816223,0.1967499852180481,231.5,0.0070604500360786915,0.01499459519982338,-0.000387644482543692,0.04920291528105736,36.91737747192383,0.10269688814878464,0.7657283544540405,4000.0,191976.0,0.2490234375,0.18409943580627441,0.05202364921569824,0.8746329545974731,0.8888201117515564,0.01171875,0.005859375,242.0,4719.0,4719.0,320.0,-0.049642931669950485,0.019978955388069153,0.00021391696645878255,0.0,-0.16764706373214722,0.08539954572916031,0.08754580467939377,0.0078125,0.6666666865348816,0.357128381729126,8192.0,40.0,0.923868715763092
10250.0,83968000.0,1121423.649843598,27351.796337648735,74.87625217437744,0.10000000149011612,0.699999988079071,0.5,0.9000000357627869,0.4000000059604645,0.699999988079071,0.0,1.0,0.5375000238418579,0.05931999906897545,0.25863999128341675,0.17635998129844666,0.48851996660232544,0.2171199768781662,0.4501599967479706,0.0,0.6630399823188782,0.28914499282836914,193.125,0.006876718252897263,0.014641390182077885,-0.00039957172702997923,0.04440523684024811,37.76762771606445,0.10001862049102783,0.7723692655563354,4000.0,196848.0,0.25,0.18843449652194977,0.0580923929810524,0.8763171434402466,0.8880414366722107,0.013671875,0.0068359375,242.0,4840.0,4840.0,328.0,-0.11987301707267761,0.039052702486515045,0.0001729122013784945,0.0,0.33529412746429443,0.10719852149486542,-0.0476190559566021,0.00911458395421505,0.7777778506278992,0.43167901039123535,8192.0,41.0,0.934227466583252
10500.0,86016000.0,1146023.0605686407,27286.263346872398,75.05608129501343,0.5,0.6000000238418579,0.699999988079071,1.0,0.10000000149011612,1.0,0.30000001192092896,1.0,0.6500000357627869,0.17167998850345612,0.24143996834754944,0.2791599929332733,0.4578399658203125,0.0405999980866909,0.559719979763031,0.10091998428106308,0.6270400285720825,0.30979999899864197,179.625,0.006721594370901585,0.014439533464610577,-0.0004507939447648823,0.047378070652484894,37.084877014160156,0.09927418828010559,0.7683089971542358,4000.0,201720.0,0.25,0.18631920218467712,0.0539064034819603,0.8772748708724976,0.8867552876472473,0.01953125,0.009765625,242.0,4961.0,4961.0,336.0,-0.0641293153166771,0.020675688982009888,9.41141479415819e-05,0.0,0.14705882966518402,0.0805220752954483,-0.011034800671041012,0.01302083395421505,1.1111111640930176,0.35809168219566345,8192.0,42.0,0.9373878240585327
10750.0,88064000.0,1177199.2025210643,27376.725640024753,74.80806970596313,0.5,0.4000000059604645,0.4000000059604645,1.0,0.4000000059604645,0.800000011920929,0.9000000357627869,0.9000000357627869,0.6625000238418579,0.2778800129890442,0.2300800085067749,0.13071998953819275,0.45639991760253906,0.14511997997760773,0.27295997738838196,0.3092399537563324,0.3513599634170532,0.2717199921607971,194.75,0.006946233566850424,0.01477009430527687,-0.00039735264726914465,0.041461627930402756,38.55387496948242,0.09681215137243271,0.7762118577957153,4000.0,206592.0,0.24973268806934357,0.1847979724407196,0.05307825654745102,0.8780136108398438,0.8850293159484863,0.013671875,0.0068359375,242.0,5082.0,5082.0,344.0,-0.040728576481342316,0.036393068730831146,0.00017703927005641162,0.0,0.16764706373214722,0.0795293003320694,0.016804032027721405,0.00911458395421505,0.7777778506278992,0.2621638774871826,8192.0,43.0,0.9379799365997314
11000.0,90112000.0,1203628.3667023708,27355.19015232661,74.86696267127991,0.20000000298023224,0.6000000238418579,1.0,0.4000000059604645,0.699999988079071,0.6000000238418579,0.0,0.699999988079071,0.5249999761581421,0.04231999069452286,0.2587199807167053,0.4261600077152252,0.07959999144077301,0.17187999188899994,0.2216399759054184,0.0,0.1391199678182602,0.16742998361587524,211.5,0.0074188425205647945,0.015755832195281982,-0.0004172165645286441,0.041857149451971054,37.7295036315918,0.1018410474061966,0.7470598220825195,4000.0,211464.0,0.24938258528709412,0.18507614731788635,0.051919110119342804,0.8745712637901306,0.8818981647491455,0.03515625,0.017578125,242.0,5203.0,5203.0,352.0,-0.024764414876699448,0.05107083171606064,0.007488638162612915,0.0234375,0.25882354378700256,0.0884244441986084,0.05998169630765915,0.015625,0.6666666865348816,0.46409812569618225,8192.0,44.0,0.9138244986534119
11250.0,92160000.0,1242163.4902628534,27603.6331169523,74.19313216209412,0.4000000059604645,0.699999988079071,1.0,1.0,0.699999988079071,1.0,0.0,1.0,0.7250000238418579,0.17787998914718628,0.41415998339653015,0.48951998353004456,0.5427999496459961,0.37995997071266174,0.49995994567871094,0.0,0.5535999536514282,0.38223496079444885,179.25,0.007047065068036318,0.015088762156665325,-0.00045402810792438686,0.04328782111406326,38.917625427246094,0.0985167846083641,0.7727198004722595,4000.0,216336.0,0.24999777972698212,0.18926386535167694,0.061295364052057266,0.8745075464248657,0.880821168422699,0.0390625,0.01953125,242.0,5324.0,5324.0,360.0,-0.11122063547372818,0.03003135323524475,0.004146964754909277,0.01171875,0.12647059559822083,0.11422447860240936,-0.016391944140195847,0.0221354179084301,1.8888890743255615,0.37648284435272217,8192.0,45.0,0.8955212831497192
11500.0,94208000.0,1264266.508564639,27484.05453401389,74.5159342288971,0.9000000357627869,0.20000000298023224,0.6000000238418579,0.6000000238418579,0.699999988079071,0.9000000357627869,0.10000000149011612,0.5,0.5625,0.506879985332489,0.06139999255537987,0.22919999063014984,0.32495996356010437,0.37995997071266174,0.5076000094413757,0.010719996877014637,0.3689599931240082,0.2987099885940552,155.125,0.006391965318471193,0.013766464777290821,-0.0004515067266765982,0.039760369807481766,38.75225067138672,0.10016036033630371,0.7653965353965759,4000.0,221208.0,0.24609375,0.19004502892494202,0.06976854801177979,0.8736185431480408,0.8807642459869385,0.044921875,0.0224609375,242.0,5445.0,5445.0,368.0,-0.13829189538955688,0.06996818631887436,0.015075478702783585,0.015625,-0.05882352963089943,0.1379505693912506,-0.039606235921382904,0.02473958395421505,1.5833333730697632,0.26401016116142273,8192.0,46.0,0.913208544254303
11750.0,96256000.0,1284792.1619526504,27336.003445801074,74.91951060295105,1.0,0.6000000238418579,0.9000000357627869,1.0,0.800000011920929,1.0,0.20000000298023224,1.0,0.8125,0.5719599723815918,0.22595997154712677,0.38987997174263,0.5427999496459961,0.4342399537563324,0.5287599563598633,0.0934399887919426,0.5975199937820435,0.4230699837207794,151.5,0.0070290337316691875,0.015061557292938232,-0.000459974049590528,0.04177071526646614,38.722503662109375,0.09877527505159378,0.7774515748023987,4000.0,226080.0,0.24761581420898438,0.18896663188934326,0.06453259289264679,0.8736060261726379,0.8809251189231873,0.021484375,0.0107421875,242.0,5566.0,5566.0,376.0,-0.17711985111236572,0.059096936136484146,0.01640203967690468,0.015625,-0.42941176891326904,0.14763765037059784,-0.034249089658260345,0.00911458395421505,0.5833333730697632,0.3521948456764221,8192.0,47.0,0.917953372001648
12000.0,98304000.0,1333561.4830667258,27782.530897223452,73.71538639068604,0.800000011920929,0.9000000357627869,0.9000000357627869,0.800000011920929,0.699999988079071,1.0,0.20000000298023224,1.0,0.7875000238418579,0.361160010099411,0.6055199503898621,0.43884000182151794,0.4270399510860443,0.37995997071266174,0.4974399507045746,0.06751999258995056,0.6536799669265747,0.428894966840744,145.25,0.007233389187604189,0.015439488925039768,-0.000445040175691247,0.041314996778964996,40.03750228881836,0.10271283984184265,0.7476884722709656,4000.0,230952.0,0.24949000775814056,0.1880597472190857,0.0617426335811615,0.8693663477897644,0.8789424300193787,0.0234375,0.01171875,242.0,5687.0,5687.0,384.0,-0.08687590062618256,0.030442338436841965,0.041063342243433,0.03515625,-0.21470588445663452,0.09870606660842896,-0.04771063104271889,0.00390625,0.1111111119389534,0.39829277992248535,8192.0,48.0,0.9021902084350586
12250.0,100352000.0,1354341.669383565,27639.62590578704,74.0965166091919,0.9000000357627869,0.30000001192092896,1.0,0.9000000357627869,1.0,1.0,0.0,1.0,0.7625000476837158,0.391679972410202,0.18191999197006226,0.4679199755191803,0.40067997574806213,0.4650399684906006,0.46935996413230896,0.0,0.7444000244140625,0.39012497663497925,171.25,0.007072435226291418,0.014999724924564362,-0.00038477880298160017,0.04264828562736511,39.901126861572266,0.1031024381518364,0.7457585334777832,4000.0,235824.0,0.2490234375,0.19032132625579834,0.06619927287101746,0.8661792278289795,0.8765963315963745,0.017578125,0.0087890625,242.0,5808.0,5808.0,392.0,-0.08794066309928894,0.047713544219732285,0.06277880072593689,0.0,-0.029411764815449715,0.11331070214509964,-0.12074177712202072,0.01171875,1.0,0.3706156015396118,8192.0,49.0,0.8982275724411011
12500.0,102400000.0,1376540.7441407088,27530.81488281418,74.38937091827393,0.800000011920929,1.0,1.0,1.0,1.0,1.0,1.0,1.0,0.9750000238418579,0.3150799870491028,0.7134400606155396,0.5039199590682983,0.5427999496459961,0.5406399965286255,0.2871999740600586,0.3872799873352051,0.7170400023460388,0.5009250044822693,131.5,0.006797201931476593,0.01455711480230093,-0.00043981854105368257,0.041536763310432434,40.53050231933594,0.0998929813504219,0.7476643919944763,4000.0,240696.0,0.24848364293575287,0.1895374357700348,0.06691162288188934,0.8649173974990845,0.8770065307617188,0.013671875,0.0068359375,242.0,5929.0,5929.0,400.0,-0.1600545346736908,0.057833969593048096,0.034102387726306915,0.01171875,-0.020588235929608345,0.13134180009365082,-0.1428113877773285,0.0052083334885537624,0.444444477558136,0.37700343132019043,8192.0,50.0,0.8979760408401489
12750.0,104448000.0,1422866.745346675,27899.347947974016,73.40673351287842,0.20000000298023224,1.0,1.0,1.0,0.6000000238418579,0.699999988079071,0.9000000357627869,1.0,0.800000011920929,0.02611999586224556,0.5165199637413025,0.5082399249076843,0.5427999496459961,0.3127199709415436,0.21615998446941376,0.13391998410224915,0.7447599768638611,0.375154972076416,162.375,0.0071792397648096085,0.01527831144630909,-0.000419642252381891,0.040274523198604584,39.815250396728516,0.09506823867559433,0.7653407454490662,4000.0,245568.0,0.2484457641839981,0.1887827217578888,0.06476081907749176,0.8650698661804199,0.8770128488540649,0.033203125,0.0166015625,242.0,6050.0,6050.0,408.0,-0.025828327983617783,0.070185586810112,0.018968692049384117,0.02734375,0.052941177040338516,0.10823829472064972,0.09583335369825363,0.01302083395421505,0.4761905074119568,0.33117321133613586,8192.0,51.0,0.9003006815910339
13000.0,106496000.0,1427590.3905547333,27453.661356821794,74.59842872619629,0.5,1.0,1.0,1.0,0.800000011920929,1.0,1.0,0.9000000357627869,0.8999999761581421,0.24907998740673065,0.6227200031280518,0.48879995942115784,0.5427999496459961,0.4212799668312073,0.28467997908592224,0.5276799201965332,0.6292800307273865,0.47078996896743774,167.375,0.006658067926764488,0.014317837543785572,-0.00045821411185897887,0.04263647273182869,40.82875061035156,0.09909558296203613,0.7575141787528992,4000.0,250440.0,0.24847412109375,0.19019176065921783,0.06646193563938141,0.8650853633880615,0.876723051071167,0.01953125,0.009765625,242.0,6171.0,6171.0,416.0,-0.07895021140575409,0.02965613827109337,0.0020130574703216553,0.0,-0.23235294222831726,0.10314731299877167,0.04839744418859482,0.01302083395421505,1.1111111640930176,0.32236871123313904,8192.0,52.0,0.9084981083869934
13250.0,108544000.0,1463591.041098359,27614.92530374262,74.16279339790344,0.30000001192092896,0.9000000357627869,0.9000000357627869,1.0,0.699999988079071,1.0,0.800000011920929,1.0,0.8250000476837158,0.19811999797821045,0.4910399913787842,0.44172000885009766,0.5424399375915527,0.34971997141838074,0.5949999690055847,0.36007997393608093,0.5903199911117554,0.44605499505996704,134.875,0.006410099565982819,0.013701852411031723,-0.0004007218813057989,0.04010513424873352,40.23025131225586,0.09551088511943817,0.7742519378662109,4000.0,255312.0,0.2490234375,0.18972304463386536,0.06275292485952377,0.8660106658935547,0.8759634494781494,0.025390625,0.0126953125,242.0,6292.0,6292.0,424.0,-0.06591308116912842,0.0191250741481781,0.00011273859126958996,0.0,-0.0470588244497776,0.09146721661090851,0.03974359855055809,0.01692708395421505,1.4444445371627808,0.365958034992218,8192.0,53.0,0.8956523537635803
13500.0,110592000.0,1485385.4106477,27507.13723421667,74.45340394973755,0.6000000238418579,1.0,0.800000011920929,1.0,0.6000000238418579,1.0,1.0,1.0,0.875,0.2608799934387207,0.39447999000549316,0.3874399960041046,0.5424399375915527,0.3213599622249603,0.4427199363708496,0.5262399911880493,0.6565600037574768,0.4415149688720703,157.25,0.0069365897215902805,0.014789965003728867,-0.0004200509574729949,0.03834180161356926,40.5151252746582,0.09852290898561478,0.7639433741569519,4000.0,260184.0,0.243896484375,0.18787634372711182,0.06796793639659882,0.8664695024490356,0.8741731643676758,0.0390625,0.01953125,242.0,6413.0,6413.0,432.0,-0.08273744583129883,0.039943426847457886,0.025691943243145943,0.03125,0.14705882966518402,0.1139577254652977,-0.061309535056352615,0.015625,0.5,0.32076728343963623,8192.0,54.0,0.9213736653327942
13750.0,112640000.0,1518850.7646889137,27615.46844888934,74.1613347530365,0.699999988079071,1.0,0.4000000059604645,1.0,0.6000000238418579,1.0,1.0,1.0,0.8374999761581421,0.32236000895500183,0.35847994685173035,0.2070399820804596,0.5427999496459961,0.3256799876689911,0.2641599774360657,0.5291199684143066,0.652239978313446,0.40023496747016907,166.75,0.007330822292715311,0.015465645119547844,-0.00036497117253020406,0.03702850267291069,39.68662643432617,0.09725121408700943,0.7598450779914856,4000.0,265056.0,0.2490234375,0.1874614953994751,0.05777614936232567,0.8669428825378418,0.8718051910400391,0.021484375,0.0107421875,242.0,6534.0,6534.0,440.0,-0.09648662805557251,0.026370452716946602,0.00016331629012711346,0.0,0.42352941632270813,0.09464186429977417,-0.04839744418859482,0.014322916977107525,1.2222223281860352,0.3273544907569885,8192.0,55.0,0.911586344242096
14000.0,114688000.0,1541299.4602706532,27523.204647690236,74.40993976593018,0.699999988079071,1.0,0.699999988079071,1.0,0.4000000059604645,1.0,1.0,1.0,0.8500000238418579,0.2964399755001068,0.6263200640678406,0.310839980840683,0.5427999496459961,0.16887998580932617,0.4995999336242676,0.5687199831008911,0.6601600050926208,0.4592199921607971,125.5,0.006793329492211342,0.014414784498512745,-0.00037900503957644105,0.035057198256254196,41.54337692260742,0.09738916158676147,0.7819488644599915,4000.0,269928.0,0.24991421401500702,0.18946757912635803,0.06157505512237549,0.8700115084648132,0.8717125654220581,0.005859375,0.0029296875,242.0,6655.0,6655.0,448.0,-0.08406227827072144,0.027921097353100777,0.0007024461519904435,0.0,-0.03529411926865578,0.09655667096376419,0.0032967037986963987,0.00390625,0.3333333432674408,0.33629798889160156,8192.0,56.0,0.9166370034217834
14250.0,116736000.0,1569497.7043208636,27535.04744422568,74.37793612480164,0.9000000357627869,1.0,1.0,1.0,1.0,0.699999988079071,0.5,1.0,0.8875000476837158,0.4093199670314789,0.614080011844635,0.4981599748134613,0.5427999496459961,0.5082399845123291,0.239919975399971,0.15619997680187225,0.6457599997520447,0.45180997252464294,159.375,0.006759947165846825,0.014338401146233082,-0.00037472238182090223,0.034531235694885254,41.0941276550293,0.09736194461584091,0.7713533639907837,4000.0,274800.0,0.2490835189819336,0.1877884417772293,0.0586678646504879,0.8725221157073975,0.8713057041168213,0.005859375,0.0029296875,242.0,6776.0,6776.0,456.0,-0.022392328828573227,0.03573158010840416,0.0020270897075533867,0.0,-0.008823529817163944,0.08448158204555511,0.1941850185394287,0.00390625,0.3333333432674408,0.2732495069503784,8192.0,57.0,0.9317861795425415
14500.0,118784000.0,1597657.6725345775,27545.821940251335,74.34884333610535,0.699999988079071,1.0,0.30000001192092896,1.0,0.800000011920929,0.6000000238418579,1.0,0.9000000357627869,0.7875000238418579,0.5628399848937988,0.6860800385475159,0.15059998631477356,0.5427999496459961,0.4342399537563324,0.1679999828338623,0.5687199831008911,0.6213600039482117,0.46682995557785034,133.5,0.006884972099214792,0.014582792297005653,-0.00037413332029245794,0.0322907418012619,41.515628814697266,0.09696384519338608,0.7610975503921509,4000.0,279672.0,0.2490234375,0.18470147252082825,0.05272326245903969,0.8740805983543396,0.8708359003067017,0.005859375,0.0029296875,242.0,6897.0,6897.0,464.0,-0.06622571498155594,0.020467836409807205,3.665768963401206e-05,0.0,0.20588235557079315,0.0807252824306488,0.010576925240457058,0.00390625,0.3333333432674408,0.36791548132896423,8192.0,58.0,0.9247298240661621
14750.0,120832000.0,1624781.3578385266,27538.667082008924,74.36816000938416,0.699999988079071,0.9000000357627869,1.0,0.699999988079071,1.0,0.30000001192092896,0.5,1.0,0.7625000476837158,0.5581600069999695,0.6343200206756592,0.501759946346283,0.1884399652481079,0.5298399329185486,0.11243999004364014,0.19255998730659485,0.6529600024223328,0.4213099777698517,140.875,0.006959864869713783,0.014632307924330235,-0.00032387764076702297,0.03241179510951042,40.501502990722656,0.10021771490573883,0.7488094568252563,4000.0,284544.0,0.24995741248130798,0.18867622315883636,0.05850013718008995,0.8724583983421326,0.869400680065155,0.0,0.0,242.0,7018.0,7018.0,472.0,-0.09602798521518707,0.012974478304386139,0.00014275216381065547,0.0,0.038235295563936234,0.08305350691080093,-0.14024727046489716,0.0,0.0,0.31055158376693726,8192.0,59.0,0.9232364892959595
15000.0,122880000.0,1657272.0923865808,27621.201539776346,74.14594173431396,1.0,1.0,0.699999988079071,1.0,1.0,0.699999988079071,1.0,1.0,0.925000011920929,0.46720001101493835,0.5910400152206421,0.24747999012470245,0.5427999496459961,0.5427999496459961,0.3651999831199646,0.5744799971580505,0.6198399662971497,0.49385499954223633,135.5,0.007142882328480482,0.015084019862115383,-0.00036464454024098814,0.0344831757247448,42.005126953125,0.100080706179142,0.7533864378929138,4000.0,289416.0,0.23955291509628296,0.1821623593568802,0.06056394800543785,0.8698410987854004,0.86736661195755,0.01171875,0.005859375,242.0,7139.0,7139.0,480.0,-0.10216841101646423,0.02455926686525345,0.000293082237476483,0.0,-0.05000000074505806,0.09212392568588257,-0.06978023052215576,0.0078125,0.6666666865348816,0.34769999980926514,8192.0,60.0,0.8943206071853638
15250.0,124928000.0,1706167.4795463886,27969.958681088337,73.22141671180725,0.6000000238418579,0.9000000357627869,1.0,1.0,1.0,1.0,0.800000011920929,1.0,0.9125000238418579,0.4235999584197998,0.498960018157959,0.5060799717903137,0.5067999362945557,0.5427999496459961,0.4819599688053131,0.41731998324394226,0.5075199604034424,0.48562997579574585,117.375,0.006935171317309141,0.014745049178600311,-0.0004040511848870665,0.03330160304903984,41.485252380371094,0.09250370413064957,0.7769578099250793,4000.0,294288.0,0.23564133048057556,0.18292281031608582,0.06785144656896591,0.8710558414459229,0.8647998571395874,0.0078125,0.00390625,242.0,7260.0,7260.0,488.0,-0.07882948219776154,0.016587963327765465,0.00019213340419810265,0.0,-0.05000000074505806,0.08788231015205383,-0.07403847575187683,0.0052083334885537624,0.444444477558136,0.3171471655368805,8192.0,61.0,0.9046951532363892
15500.0,126976000.0,1699790.6702414567,27415.97855228156,74.7009630203247,1.0,0.20000000298023224,1.0,1.0,1.0,1.0,1.0,1.0,0.8999999761581421,0.6155200004577637,0.04663999751210213,0.4873599112033844,0.5427999496459961,0.5427999496459961,0.621999979019165,0.5406399965286255,0.6759999990463257,0.5092200040817261,129.875,0.006927169393748045,0.014632349833846092,-0.00035847933031618595,0.03052680194377899,42.060001373291016,0.09377122670412064,0.7841792106628418,4000.0,299160.0,0.2472703456878662,0.18924154341220856,0.0662822276353836,0.8745277523994446,0.8647097945213318,0.013671875,0.0068359375,242.0,7381.0,7381.0,496.0,-0.06098182499408722,0.017557431012392044,0.00026990522746928036,0.0,0.1411764770746231,0.07208061963319778,-0.14230771362781525,0.00911458395421505,0.7777778506278992,0.33234089612960815,8192.0,62.0,0.921646237373352
15750.0,129024000.0,1729405.247922214,27450.876951146256,74.60599541664124,0.5,1.0,0.800000011920929,1.0,1.0,0.9000000357627869,1.0,0.9000000357627869,0.8875000476837158,0.16015999019145966,0.6857200264930725,0.38960000872612,0.5427999496459961,0.5427999496459961,0.36719998717308044,0.5024799704551697,0.2779199779033661,0.433584988117218,136.75,0.007051922380924225,0.014938956126570702,-0.00038475770270451903,0.03279796987771988,40.74800109863281,0.09817199409008026,0.7550873756408691,4000.0,304032.0,0.2490234375,0.18895210325717926,0.06048228219151497,0.8735584020614624,0.8636524081230164,0.01953125,0.009765625,242.0,7502.0,7502.0,504.0,-0.04864409565925598,0.032433949410915375,0.00018861396529246122,0.0,0.09117647260427475,0.08588327467441559,-0.10521979629993439,0.01302083395421505,1.1111111640930176,0.3250899314880371,8192.0,63.0,0.9116710424423218
16000.0,131072000.0,1755133.6418147224,27423.96315335504,74.67921352386475,0.10000000149011612,0.6000000238418579,1.0,1.0,1.0,0.9000000357627869,1.0,1.0,0.8250000476837158,0.07048000395298004,0.3235200047492981,0.5197599530220032,0.5427999496459961,0.5427999496459961,0.2303999662399292,0.5643999576568604,0.5766399502754211,0.4213499426841736,168.25,0.007112191058695316,0.015047374181449413,-0.0003785701119340956,0.0329260528087616,40.57550048828125,0.09860814362764359,0.7719693183898926,4000.0,308904.0,0.23532244563102722,0.18001581728458405,0.061116769909858704,0.8734217882156372,0.8600892424583435,0.017578125,0.0087890625,242.0,7623.0,7623.0,512.0,-0.11250126361846924,0.026390861719846725,0.00030537217389792204,0.0,0.03529411926865578,0.1026366651058197,-0.09697803854942322,0.01171875,1.0,0.3717368543148041,8192.0,64.0,0.9079440236091614
16250.0,133120000.0,1792186.321673057,27572.09725650857,74.27799129486084,0.800000011920929,0.699999988079071,1.0,1.0,1.0,0.10000000149011612,0.699999988079071,0.800000011920929,0.762499988079071,0.2787199914455414,0.26871997117996216,0.44488000869750977,0.5168799757957458,0.5348799824714661,0.022599995136260986,0.33028000593185425,0.1606399565935135,0.3196999728679657,163.25,0.007310549262911081,0.01541058998554945,-0.0003616686735767871,0.03307709842920303,42.22462844848633,0.09645240753889084,0.7573273181915283,4000.0,313776.0,0.2498188316822052,0.1907312572002411,0.06387519091367722,0.8736289739608765,0.8582892417907715,0.0,0.0,242.0,7744.0,7744.0,520.0,-0.09160918742418289,0.025313755497336388,7.158170774346218e-05,0.0,0.19411765038967133,0.10078026354312897,0.019963374361395836,0.0,0.0,0.34036844968795776,8192.0,65.0,0.9115496277809143
16500.0,135168000.0,1814186.0989144454,27487.668165370385,74.50613808631897,0.30000001192092896,0.9000000357627869,0.6000000238418579,1.0,1.0,0.10000000149011612,0.6000000238418579,1.0,0.6875,0.16067998111248016,0.2584799528121948,0.22272001206874847,0.46935996413230896,0.5305599570274353,0.01467999815940857,0.2752799689769745,0.4326399266719818,0.2955499589443207,162.5,0.007291729096323252,0.015340998768806458,-0.00034686867729760706,0.031901415437459946,42.42350387573242,0.0973535031080246,0.7634509801864624,4000.0,318648.0,0.24761581420898438,0.18787671625614166,0.060303982347249985,0.8747552633285522,0.8580107092857361,0.005859375,0.0029296875,242.0,7865.0,7865.0,528.0,-0.06585803627967834,0.06155538931488991,0.03375617787241936,0.01171875,0.09705882519483566,0.09912598133087158,0.043956052511930466,0.0,0.0,0.36110880970954895,8192.0,66.0,0.930433988571167
16750.0,137216000.0,1885779.8181738965,28145.967435431292,72.76353192329407,0.800000011920929,1.0,0.800000011920929,1.0,1.0,0.4000000059604645,0.9000000357627869,0.5,0.800000011920929,0.32659995555877686,0.7415200471878052,0.2815999984741211,0.5427999496459961,0.4477599561214447,0.09147998690605164,0.38843998312950134,0.23575997352600098,0.38199499249458313,150.0,0.007388564292341471,0.015662791207432747,-0.00040788992191664875,0.03494160622358322,42.9733772277832,0.09992696344852448,0.7391524314880371,4000.0,323520.0,0.25,0.18729284405708313,0.053950291126966476,0.8718227744102478,0.8559929728507996,0.005859375,0.0029296875,242.0,7986.0,7986.0,536.0,-0.027126148343086243,0.027671070769429207,8.088032336672768e-05,0.0,-0.5147058963775635,0.07270341366529465,0.13754580914974213,0.00390625,0.3333333432674408,0.3849940001964569,8192.0,67.0,0.9116076231002808
17000.0,139264000.0,1864767.9362594148,27423.057886167866,74.68167877197266,0.4000000059604645,1.0,0.699999988079071,1.0,0.9000000357627869,1.0,0.699999988079071,0.5,0.7749999761581421,0.2743600010871887,0.644320011138916,0.26979997754096985,0.49095994234085083,0.4100399911403656,0.3134799599647522,0.260079950094223,0.20479999482631683,0.35847997665405273,178.125,0.0077146426774561405,0.016257140785455704,-0.0003829547204077244,0.030972663313150406,41.08387756347656,0.09845175594091415,0.7650653719902039,4000.0,328392.0,0.2490234375,0.19051116704940796,0.06405940651893616,0.8712400197982788,0.8556806445121765,0.005859375,0.0029296875,242.0,8107.0,8107.0,544.0,-0.04977300763130188,0.02801564335823059,0.00015509560762438923,0.0,-0.0676470622420311,0.0815863162279129,0.09473445266485214,0.00390625,0.3333333432674408,0.35676854848861694,8192.0,68.0,0.9044127464294434
17250.0,141312000.0,1898996.1427987153,27521.68322896689,74.41405320167542,0.9000000357627869,0.800000011920929,0.6000000238418579,1.0,0.9000000357627869,0.9000000357627869,0.9000000357627869,1.0,0.8750000596046448,0.5385599732398987,0.48680001497268677,0.26447999477386475,0.5427999496459961,0.42659997940063477,0.27647995948791504,0.4993199408054352,0.4751199781894684,0.43876996636390686,141.75,0.007546653039753437,0.015856895595788956,-0.00035289963125251234,0.028894728049635887,43.25062561035156,0.09838051348924637,0.7470426559448242,4000.0,333264.0,0.24699993431568146,0.1893826723098755,0.06583495438098907,0.8702585101127625,0.8537347912788391,0.0,0.0,242.0,8228.0,8228.0,552.0,-0.07037180662155151,0.040178827941417694,0.00026892361347563565,0.0,0.03529411926865578,0.08983385562896729,0.04381868988275528,0.0,0.0,0.36700570583343506,8192.0,69.0,0.9094280004501343
17500.0,143360000.0,1917914.385391458,27398.776934163685,74.7478621006012,0.10000000149011612,1.0,0.9000000357627869,1.0,0.800000011920929,1.0,1.0,0.9000000357627869,0.8374999761581421,0.039879996329545975,0.6277599930763245,0.39563995599746704,0.5427999496459961,0.4342399537563324,0.2789199948310852,0.5643999576568604,0.33263999223709106,0.4020349681377411,184.5,0.0076202042400836945,0.015981249511241913,-0.0003384689043741673,0.03195219114422798,43.201751708984375,0.09954524040222168,0.7343756556510925,4000.0,338136.0,0.23968505859375,0.1836380511522293,0.0651649534702301,0.8657843470573425,0.8521866202354431,0.005859375,0.0029296875,242.0,8349.0,8349.0,560.0,-0.02270183153450489,0.02190243825316429,4.9881367885973305e-05,0.0,0.10000000149011612,0.07149897515773773,0.1555861085653305,0.00390625,0.3333333432674408,0.4720826745033264,8192.0,70.0,0.8768203258514404
17750.0,145408000.0,1945258.3316674859,27398.00467137304,74.74996900558472,0.9000000357627869,1.0,1.0,0.9000000357627869,0.9000000357627869,1.0,1.0,0.10000000149011612,0.8500000238418579,0.5522400140762329,0.7220799922943115,0.4952799379825592,0.48851996660232544,0.480599969625473,0.325359970331192,0.5787999629974365,0.0467199981212616,0.4611999988555908,154.125,0.006909593939781189,0.014707755297422409,-0.000410467415349558,0.03381572291254997,42.447628021240234,0.093541719019413,0.7661496996879578,4000.0,343008.0,0.24609375,0.1924373358488083,0.07520832866430283,0.8670006394386292,0.8536653518676758,0.005859375,0.0029296875,242.0,8470.0,8470.0,568.0,-0.12010277807712555,0.025789150968194008,0.003826751373708248,0.01171875,0.0,0.1036866307258606,-0.1001831665635109,0.0,0.0,0.34507352113723755,8192.0,71.0,0.9147091507911682
18000.0,147456000.0,1980970.1862677708,27513.474809274598,74.43625402450562,0.5,0.9000000357627869,1.0,1.0,1.0,0.800000011920929,1.0,0.4000000059604645,0.824999988079071,0.3254000246524811,0.593999981880188,0.472959965467453,0.5168799757957458,0.5427999496459961,0.22543998062610626,0.5672799944877625,0.06303998827934265,0.413474977016449,165.0,0.006734608206897974,0.014283215627074242,-0.0003773486823774874,0.029650848358869553,43.980003356933594,0.09524228423833847,0.7694157361984253,4000.0,347880.0,0.243896484375,0.1850803792476654,0.06073632463812828,0.8659994602203369,0.8524044156074524,0.0,0.0,242.0,8591.0,8591.0,576.0,-0.049916498363018036,0.017464976757764816,0.00016223767306655645,0.0,0.1558823585510254,0.07281345129013062,0.056639205664396286,0.0,0.0,0.2905273139476776,8192.0,72.0,0.9033694863319397
18250.0,149504000.0,1985393.894297536,27197.17663421282,75.30193400382996,0.699999988079071,0.9000000357627869,1.0,0.9000000357627869,1.0,0.10000000149011612,1.0,0.5,0.762499988079071,0.4134400486946106,0.6238800287246704,0.4923999309539795,0.4625999629497528,0.5427999496459961,0.02871999703347683,0.5255199670791626,0.09967997670173645,0.3986299932003021,136.75,0.007394029758870602,0.015484264120459557,-0.00032100905082188547,0.02709277532994747,42.34062576293945,0.09626206010580063,0.7593581676483154,4000.0,352752.0,0.2490234375,0.1894976794719696,0.06476300209760666,0.8657974004745483,0.8498151302337646,0.01171875,0.005859375,242.0,8712.0,8712.0,584.0,0.018960338085889816,0.0334978923201561,0.00393756153061986,0.01171875,-0.27941176295280457,0.07067573070526123,0.24253667891025543,0.00390625,0.3333333432674408,0.3357453942298889,8192.0,73.0,0.9081813097000122
18500.0,151552000.0,2038513.7717700817,27547.4834022984,74.3443591594696,0.9000000357627869,1.0,1.0,1.0,1.0,1.0,1.0,1.0,0.987500011920929,0.6033599972724915,0.5874399542808533,0.5197599530220032,0.5427999496459961,0.5226399302482605,0.24435997009277344,0.5165199637413025,0.6644800305366516,0.5251699686050415,116.375,0.007466804701834917,0.01565299741923809,-0.00033322919625788927,0.026464177295565605,40.92000198364258,0.09438790380954742,0.7672280073165894,4000.0,357624.0,0.243896484375,0.1868644803762436,0.06534379720687866,0.8675294518470764,0.8495964407920837,0.0,0.0,242.0,8833.0,8833.0,592.0,-0.05168812721967697,0.02739451453089714,0.0005122477887198329,0.0,0.06470588594675064,0.08272841572761536,0.16176742315292358,0.0,0.0,0.29776036739349365,8192.0,74.0,0.9042921662330627
18750.0,153600000.0,2063261.241587931,27510.14988783908,74.44525051116943,0.699999988079071,1.0,1.0,1.0,0.9000000357627869,1.0,1.0,0.9000000357627869,0.9375,0.310839980840683,0.6695200204849243,0.35847997665405273,0.5427999496459961,0.327239990234375,0.5532400012016296,0.5694400072097778,0.34919998049736023,0.46009498834609985,158.0,0.0068808663636446,0.014469397254288197,-0.0003261290257796645,0.0277033019810915,42.98687744140625,0.0942465290427208,0.7695995569229126,4000.0,362496.0,0.2490234375,0.19111716747283936,0.0655236542224884,0.8710097670555115,0.8483498692512512,0.025390625,0.0126953125,242.0,8954.0,8954.0,600.0,-0.0822807103395462,0.05294865742325783,0.003588831750676036,0.01171875,0.26764705777168274,0.1117272600531578,-0.013095240108668804,0.01302083395421505,1.1111111640930176,0.2634095549583435,8192.0,75.0,0.9318647980690002
19000.0,155648000.0,2083866.1616584156,27419.291600768625,74.69193696975708,0.800000011920929,1.0,0.30000001192092896,1.0,0.9000000357627869,0.800000011920929,0.10000000149011612,1.0,0.737500011920929,0.5220800042152405,0.7785999774932861,0.08939999341964722,0.5427999496459961,0.2905200123786926,0.46375998854637146,0.05715999752283096,0.6904000043869019,0.4293400049209595,163.125,0.007174538914114237,0.01513232383877039,-0.0003646154946181923,0.0270073302090168,43.43075180053711,0.09712689369916916,0.7628320455551147,4000.0,367368.0,0.2425733059644699,0.18225257098674774,0.054909106343984604,0.8696057796478271,0.8471978902816772,0.0,0.0,242.0,9075.0,9075.0,608.0,-0.0965898409485817,0.027608860284090042,3.250162262702361e-05,0.0,0.1352941244840622,0.08594317734241486,-0.01932234689593315,0.0,0.0,0.3308671712875366,8192.0,76.0,0.9257529973983765
19250.0,157696000.0,2116317.9256868833,27484.64838554394,74.51432418823242,0.0,0.9000000357627869,1.0,1.0,1.0,1.0,0.699999988079071,0.20000000298023224,0.7250000238418579,0.0,0.4697999954223633,0.43335995078086853,0.5168799757957458,0.501039981842041,0.5780799984931946,0.23919998109340668,0.133760005235672,0.35901498794555664,177.0,0.007129665929824114,0.015094352886080742,-0.00038757792208343744,0.02993214875459671,43.61525344848633,0.09959840774536133,0.7467514276504517,4000.0,372240.0,0.23571692407131195,0.17849649488925934,0.05751801282167435,0.8668760061264038,0.8461719155311584,0.037109375,0.0185546875,242.0,9196.0,9196.0,616.0,0.036025792360305786,0.0353541262447834,2.151345688616857e-05,0.0,-0.4176470637321472,0.05498728156089783,0.2240842878818512,0.02473958395421505,2.1111111640930176,0.32290342450141907,8192.0,77.0,0.8874350786209106
19500.0,159744000.0,2153965.46166177,27614.941816176542,74.16274905204773,0.20000000298023224,1.0,1.0,1.0,1.0,1.0,0.9000000357627869,1.0,0.8875000476837158,0.05275999382138252,0.6529600024223328,0.5211999416351318,0.5427999496459961,0.5427999496459961,0.2753199636936188,0.3931199610233307,0.6299200057983398,0.45135995745658875,138.25,0.0075893709436059,0.01604149304330349,-0.00040043421904556453,0.0309413131326437,41.98062515258789,0.09738429635763168,0.7624400854110718,4000.0,377112.0,0.24977262318134308,0.1945234090089798,0.07451052218675613,0.8654068112373352,0.844850480556488,0.01171875,0.005859375,242.0,9317.0,9317.0,624.0,-0.11060792207717896,0.036968111991882324,0.0009282663813792169,0.0,-0.09705882519483566,0.11268646270036697,-0.13360808789730072,0.0078125,0.6666666865348816,0.3973444402217865,8192.0,78.0,0.8940749764442444
19750.0,161792000.0,2152956.4974823673,27252.613892181867,75.14875483512878,1.0,1.0,1.0,1.0,1.0,1.0,0.6000000238418579,1.0,0.949999988079071,0.6630399823188782,0.7213600277900696,0.5211999416351318,0.5427999496459961,0.5427999496459961,0.47367992997169495,0.17663997411727905,0.7292799949645996,0.5463500022888184,104.25,0.007117808796465397,0.015105774626135826,-0.0004035945748910308,0.031484175473451614,43.277626037597656,0.09801355749368668,0.7644055485725403,4000.0,381984.0,0.24991393089294434,0.19278459250926971,0.07160326838493347,0.8649339079856873,0.846498429775238,0.0234375,0.01171875,242.0,9438.0,9438.0,632.0,-0.02488054893910885,0.02580593340098858,9.385978046339005e-05,0.0,-0.14411765336990356,0.0748494416475296,0.10260991007089615,0.015625,1.3333333730697632,0.28349581360816956,8192.0,79.0,0.9057675004005432
20000.0,163840000.0,2189100.228835028,27363.75286043785,74.84353518486023,1.0,1.0,1.0,1.0,1.0,1.0,1.0,1.0,1.0,0.5582799315452576,0.7249600291252136,0.5103999972343445,0.5427999496459961,0.5427999496459961,0.48267993330955505,0.5499999523162842,0.46863994002342224,0.547569990158081,110.75,0.007306169718503952,0.015405787155032158,-0.0003702355897985399,0.026487933471798897,44.115875244140625,0.09667784720659256,0.7474837899208069,4000.0,386856.0,0.24981307983398438,0.1918323040008545,0.06657687574625015,0.8642010688781738,0.8454480767250061,0.01171875,0.005859375,242.0,9559.0,9559.0,640.0,0.043381694704294205,0.06117800250649452,0.00020783462969120592,0.0,-0.3499999940395355,0.07031974196434021,0.2982601225376129,0.0078125,0.6666666865348816,0.31935256719589233,8192.0,80.0,0.9007992148399353
20250.0,165888000.0,2225216.838770889,27471.812824331966,74.54913926124573,1.0,1.0,1.0,0.6000000238418579,0.9000000357627869,1.0,0.9000000357627869,0.800000011920929,0.8999999761581421,0.5103999972343445,0.6270400285720825,0.43335995078086853,0.2738399803638458,0.32580000162124634,0.49887996912002563,0.4546799659729004,0.32263997197151184,0.4308299720287323,146.125,0.007757003419101238,0.01624399982392788,-0.0003377688117325306,0.027227431535720825,43.88900375366211,0.09528807550668716,0.7498863339424133,4000.0,391728.0,0.2499847412109375,0.19259075820446014,0.06823063641786575,0.8642578721046448,0.8432901501655579,0.017578125,0.0087890625,242.0,9680.0,9680.0,648.0,-0.06759325414896011,0.018123328685760498,5.8639488997869194e-05,0.0,-0.5176470875740051,0.0859311893582344,-0.052106235176324844,0.01171875,1.0,0.4287664294242859,8192.0,81.0,0.9045258164405823
20500.0,167936000.0,2258476.119498453,27542.39170120065,74.3581030368805,0.6000000238418579,1.0,1.0,1.0,1.0,1.0,1.0,1.0,0.949999988079071,0.31992000341415405,0.7346799969673157,0.5060799717903137,0.354159951210022,0.501039981842041,0.25659996271133423,0.5672799944877625,0.3807999789714813,0.45256999135017395,128.5,0.007557573728263378,0.015934355556964874,-0.00037977268220856786,0.029831985011696815,43.00775146484375,0.0959203690290451,0.7707234621047974,4000.0,396600.0,0.24609375,0.18723884224891663,0.06340745836496353,0.8656332492828369,0.8429670333862305,0.0,0.0,242.0,9801.0,9801.0,656.0,-0.07971002161502838,0.027809076011180878,0.00011890782479895279,0.0,0.708823561668396,0.09243891388177872,0.0252747293561697,0.0,0.0,0.36221909523010254,8192.0,82.0,0.911116898059845
20750.0,169984000.0,2283855.8887717035,27516.336009297633,74.42851400375366,1.0,1.0,0.5,1.0,0.699999988079071,1.0,0.800000011920929,0.30000001192092896,0.7875000238418579,0.701200008392334,0.6673600077629089,0.1979599893093109,0.501039981842041,0.18195998668670654,0.5507199764251709,0.4594399631023407,0.05951998755335808,0.414900004863739,142.625,0.007446989882737398,0.015687698498368263,-0.0003674797189887613,0.029379885643720627,44.36050033569336,0.1008136048913002,0.7598310708999634,4000.0,401472.0,0.2490234375,0.18833208084106445,0.06247895956039429,0.8660295009613037,0.8434609174728394,0.005859375,0.0029296875,242.0,9922.0,9922.0,664.0,-0.07964307069778442,0.01620212197303772,0.00017655153351370245,0.0,-0.008823529817163944,0.08605015277862549,-0.02000916190445423,0.00390625,0.3333333432674408,0.3602273166179657,8192.0,83.0,0.9071879982948303
21000.0,172032000.0,2314016.4639760074,27547.815047333424,74.34346413612366,1.0,1.0,0.4000000059604645,1.0,1.0,1.0,1.0,0.20000000298023224,0.8250000476837158,0.49167996644973755,0.7767999768257141,0.20271997153759003,0.5427999496459961,0.495279997587204,0.2843199670314789,0.5737599730491638,0.0934399962425232,0.4325999915599823,160.625,0.007194166537374258,0.01514951977878809,-0.0003517710429150611,0.028822053223848343,43.54462814331055,0.09783841669559479,0.7639949321746826,4000.0,406344.0,0.23989060521125793,0.18408960103988647,0.06452570855617523,0.866720974445343,0.8426588177680969,0.0,0.0,242.0,10043.0,10043.0,672.0,-0.07305380702018738,0.03709203377366066,7.575846393592656e-05,0.0,-0.3705882430076599,0.0882275402545929,-0.002518315566703677,0.0,0.0,0.3247344493865967,8192.0,84.0,0.9104695916175842
21250.0,174080000.0,2328187.487982512,27390.441035088377,74.77061057090759,0.9000000357627869,1.0,0.699999988079071,1.0,1.0,1.0,1.0,0.800000011920929,0.925000011920929,0.41471996903419495,0.7508800029754639,0.36267995834350586,0.5427999496459961,0.5427999496459961,0.25623998045921326,0.5410000085830688,0.2189599722623825,0.45375996828079224,157.0,0.007202062755823135,0.015241609886288643,-0.00039065402233973145,0.02808818221092224,44.40987777709961,0.09757091104984283,0.7665937542915344,4000.0,411216.0,0.23995524644851685,0.18275293707847595,0.062037281692028046,0.8657565116882324,0.8415642380714417,0.01171875,0.005859375,242.0,10164.0,10164.0,680.0,-0.04853280261158943,0.00945840310305357,0.00032850136631168425,0.0,0.16470588743686676,0.06455761194229126,-0.08008243143558502,0.0078125,0.6666666865348816,0.3208695650100708,8192.0,85.0,0.903388261795044
21500.0,176128000.0,2364881.9826806244,27498.627705588653,74.47644376754761,0.9000000357627869,1.0,1.0,1.0,1.0,1.0,0.800000011920929,0.4000000059604645,0.8875000476837158,0.44675999879837036,0.8055999875068665,0.5175999999046326,0.5427999496459961,0.5427999496459961,0.3123999536037445,0.4594399631023407,0.24951998889446259,0.4846149682998657,139.875,0.007346432190388441,0.015524621121585369,-0.00038620116538368165,0.0296772513538599,44.593875885009766,0.1033356711268425,0.725487470626831,4000.0,416088.0,0.24704916775226593,0.18926478922367096,0.06894265860319138,0.8593690395355225,0.8414139151573181,0.0,0.0,242.0,10285.0,10285.0,688.0,-0.004706655628979206,0.03735189139842987,2.4332108296221122e-05,0.0,0.4176470637321472,0.08426603674888611,0.233012855052948,0.0,0.0,0.3727332353591919,8192.0,86.0,0.8666396141052246
21750.0,178176000.0,2385379.0878271936,27418.15043479533,74.69504570960999,1.0,1.0,1.0,1.0,1.0,0.800000011920929,0.30000001192092896,0.20000000298023224,0.7875000238418579,0.7062399983406067,0.8257600665092468,0.5211999416351318,0.5427999496459961,0.5427999496459961,0.2239999771118164,0.049439992755651474,0.049519993364810944,0.43271997570991516,152.5,0.007233923301100731,0.015383570455014706,-0.00042761146323755383,0.030250435695052147,44.93775177001953,0.0985288992524147,0.7481890320777893,4000.0,420960.0,0.24998626112937927,0.195980504155159,0.07944250851869583,0.8567749857902527,0.8426732420921326,0.037109375,0.0185546875,242.0,10406.0,10406.0,696.0,-0.09333720803260803,0.04918395355343819,0.03798205405473709,0.0234375,0.3441176414489746,0.11881117522716522,-0.0724359080195427,0.01692708395421505,0.7222222685813904,0.3964872360229492,8192.0,87.0,0.8718149065971375
22000.0,180224000.0,2436177.5458540064,27683.83574834098,73.97818779945374,1.0,1.0,1.0,1.0,1.0,0.9000000357627869,0.0,0.4000000059604645,0.7875000238418579,0.677079975605011,0.6687999963760376,0.5211999416351318,0.5067999362945557,0.5168799757957458,0.35207995772361755,0.0,0.2704000174999237,0.4391549825668335,146.375,0.007331215310841799,0.015448103658854961,-0.0003647543489933014,0.028082270175218582,44.750877380371094,0.0987112745642662,0.7431566715240479,4000.0,425832.0,0.25,0.19579647481441498,0.07755099982023239,0.8545135259628296,0.8419802784919739,0.0,0.0,242.0,10527.0,10527.0,704.0,-0.13441318273544312,0.034417107701301575,0.0002777470217552036,0.0,0.052941177040338516,0.11941619962453842,-0.0594780333340168,0.0,0.0,0.38268575072288513,8192.0,88.0,0.8724409341812134
22250.0,182272000.0,2466536.218816708,27713.890099064134,73.89796209335327,0.30000001192092896,1.0,1.0,1.0,1.0,1.0,0.9000000357627869,0.699999988079071,0.8624999523162842,0.09695998579263687,0.6936399936676025,0.5211999416351318,0.5427999496459961,0.5427999496459961,0.27855998277664185,0.5079599618911743,0.25647997856140137,0.43004998564720154,154.625,0.007164861541241407,0.015113269910216331,-0.00036226233351044357,0.029511377215385437,44.96200180053711,0.09831704944372177,0.7430241107940674,4000.0,430704.0,0.2490234375,0.19361792504787445,0.07499852031469345,0.8554104566574097,0.8412674069404602,0.013671875,0.0068359375,242.0,10648.0,10648.0,712.0,-0.041159629821777344,0.06158927455544472,0.01863088458776474,0.02734375,-0.21764706075191498,0.0979323536157608,0.06117217242717743,0.0,0.0,0.3552265465259552,8192.0,89.0,0.8831750154495239
22500.0,184320000.0,2471471.8598775845,27460.79844308427,74.57904052734375,1.0,1.0,1.0,0.699999988079071,1.0,0.9000000357627869,1.0,0.9000000357627869,0.9375,0.5384799838066101,0.5730400085449219,0.5211999416351318,0.30507999658584595,0.5024799704551697,0.4989599287509918,0.495279997587204,0.3427199721336365,0.47215497493743896,127.5,0.0071230120956897736,0.01505009550601244,-0.0003752997436095029,0.026736071333289146,44.91950225830078,0.09844846278429031,0.7491607069969177,4000.0,435576.0,0.25,0.19283586740493774,0.07331019639968872,0.8540897369384766,0.8402063250541687,0.0078125,0.00390625,242.0,10769.0,10769.0,720.0,-0.116906076669693,0.060325708240270615,0.0001528747088741511,0.0,-0.05000000074505806,0.11245110630989075,-0.05311356112360954,0.0052083334885537624,0.444444477558136,0.4083285331726074,8192.0,90.0,0.8928386569023132
22750.0,186368000.0,2513783.2722205473,27623.992002423598,74.13845181465149,1.0,1.0,1.0,0.4000000059604645,0.10000000149011612,0.9000000357627869,0.9000000357627869,0.20000000298023224,0.6875,0.7307199835777283,0.5643999576568604,0.4995999336242676,0.2171199768781662,0.021879995241761208,0.33479997515678406,0.43595996499061584,0.08048000186681747,0.3606199622154236,157.5,0.007016777526587248,0.014921706169843674,-0.0004156922805123031,0.02838284708559513,45.39712905883789,0.09823738783597946,0.7481148838996887,4000.0,440448.0,0.2499847412109375,0.19218100607395172,0.0692436546087265,0.8546395897865295,0.8398643136024475,0.013671875,0.0068359375,242.0,10890.0,10890.0,728.0,-0.0581546425819397,0.037240155041217804,0.014299371279776096,0.015625,0.0,0.08984523266553879,0.08145605772733688,0.00390625,0.25,0.36686545610427856,8192.0,91.0,0.9019573330879211
23000.0,188416000.0,2528243.9466734943,27480.91246384233,74.52445411682129,0.10000000149011612,0.6000000238418579,1.0,1.0,0.9000000357627869,0.9000000357627869,1.0,0.699999988079071,0.7749999761581421,0.06471999734640121,0.17447999119758606,0.5211999416351318,0.5024799704551697,0.48851996660232544,0.25235995650291443,0.23031997680664062,0.28383997082710266,0.31473997235298157,164.25,0.006996693089604378,0.014831329695880413,-0.0003931530809495598,0.02581833489239216,44.35350036621094,0.0987756997346878,0.7375626564025879,4000.0,445320.0,0.24761581420898438,0.1891452968120575,0.06608632206916809,0.8530836701393127,0.8387879133224487,0.005859375,0.0029296875,242.0,11011.0,11011.0,736.0,-0.0011042216792702675,0.04659799486398697,0.00015448190970346332,0.0,-0.5470588207244873,0.08676828444004059,0.2023809850215912,0.00390625,0.3333333432674408,0.4273430407047272,8192.0,92.0,0.8844631314277649
23250.0,190464000.0,2575836.830684442,27697.170222413355,73.94257187843323,1.0,1.0,0.9000000357627869,1.0,0.4000000059604645,0.30000001192092896,0.10000000149011612,0.0,0.5875000357627869,0.7465600371360779,0.7818400263786316,0.43019992113113403,0.5427999496459961,0.18039998412132263,0.1469999998807907,0.02043999545276165,0.0,0.3561549782752991,160.375,0.007535809651017189,0.015936706215143204,-0.0004036396858282387,0.02890252135694027,44.8118782043457,0.0988011360168457,0.7367609143257141,4000.0,450192.0,0.24084091186523438,0.18743599951267242,0.07364967465400696,0.8493669033050537,0.8388161063194275,0.017578125,0.0087890625,242.0,11132.0,11132.0,744.0,-0.09580753743648529,0.046221695840358734,4.413294664118439e-05,0.0,0.2647058963775635,0.10824635624885559,0.055357154458761215,0.01171875,1.0,0.37688595056533813,8192.0,93.0,0.8716014623641968
23500.0,192512000.0,2581827.3547046054,27466.248454304314,74.5642421245575,1.0,1.0,1.0,1.0,0.5,0.6000000238418579,1.0,1.0,0.887499988079071,0.7336000204086304,0.7947999835014343,0.5168799757957458,0.5427999496459961,0.27139997482299805,0.16727998852729797,0.5708799362182617,0.6018399596214294,0.5249350070953369,134.125,0.00722168292850256,0.015380064025521278,-0.00043843622552230954,0.029912907630205154,44.93437576293945,0.09883828461170197,0.7310559153556824,4000.0,455064.0,0.2469286322593689,0.19363707304000854,0.07954857498407364,0.8448320627212524,0.8379449844360352,0.01171875,0.005859375,242.0,11253.0,11253.0,752.0,-0.04803968220949173,0.0242694690823555,2.8927008315804414e-05,0.0,0.0029411765281111,0.08978604525327682,0.12152016907930374,0.0078125,0.6666666865348816,0.3939123749732971,8192.0,94.0,0.8446822762489319
23750.0,194560000.0,2595208.4827419533,27317.984028862666,74.96892881393433,0.4000000059604645,0.9000000357627869,1.0,1.0,0.800000011920929,1.0,1.0,1.0,0.8875000476837158,0.2088399976491928,0.7257599830627441,0.5211999416351318,0.5427999496459961,0.42271995544433594,0.2818000018596649,0.5031999945640564,0.618399977684021,0.47808998823165894,136.5,0.007257132790982723,0.01540597714483738,-0.00041376709123142064,0.032088592648506165,45.609127044677734,0.10120973736047745,0.7205222845077515,4000.0,459936.0,0.24460624158382416,0.19558490812778473,0.08782019466161728,0.8408138155937195,0.83784419298172,0.005859375,0.0029296875,242.0,11374.0,11374.0,760.0,-0.06262938678264618,0.03343770653009415,0.004178519360721111,0.01171875,0.10588235408067703,0.0991133600473404,0.05444139987230301,0.0,0.0,0.30263543128967285,8192.0,95.0,0.8468078970909119
24000.0,196608000.0,2629243.577633723,27387.953933684617,74.77740049362183,1.0,0.4000000059604645,1.0,1.0,1.0,1.0,1.0,1.0,0.925000011920929,0.8106399774551392,0.24879999458789825,0.5183199644088745,0.5427999496459961,0.5427999496459961,0.2727999687194824,0.5687199831008911,0.7120000123977661,0.5271099805831909,136.625,0.007268358953297138,0.015413516201078892,-0.00040985230589285493,0.02854667603969574,45.1248779296875,0.0981750413775444,0.7364826798439026,4000.0,464808.0,0.25,0.19823318719863892,0.08385679125785828,0.8418154716491699,0.8376613259315491,0.013671875,0.0068359375,242.0,11495.0,11495.0,768.0,-0.06766177713871002,0.022515032440423965,0.0002809105790220201,0.0,-0.6882352828979492,0.08970806002616882,0.05567766726016998,0.00911458395421505,0.7777778506278992,0.340914249420166,8192.0,96.0,0.8706858158111572
24250.0,198656000.0,2664453.0869134245,27468.588524880666,74.55788993835449,0.9000000357627869,0.30000001192092896,1.0,1.0,1.0,1.0,1.0,1.0,0.8999999761581421,0.4435199797153473,0.14231999218463898,0.5111199617385864,0.5427999496459961,0.5427999496459961,0.5359599590301514,0.5643999576568604,0.7623999714851379,0.5056649446487427,132.375,0.006748255342245102,0.014238827861845493,-0.00034530943958088756,0.02584831416606903,45.84062576293945,0.1002650260925293,0.7445994019508362,4000.0,469680.0,0.24999941885471344,0.193741112947464,0.07440463453531265,0.8421997427940369,0.8365498185157776,0.01171875,0.005859375,242.0,11616.0,11616.0,776.0,-0.07901547104120255,0.025440365076065063,0.003917340654879808,0.01171875,-0.21176470816135406,0.08219171315431595,-0.05897437036037445,0.00390625,0.3333333432674408,0.3799325227737427,8192.0,97.0,0.8805299401283264
24500.0,200704000.0,2678159.2074408154,27328.155177967503,74.94102644920349,1.0,0.9000000357627869,1.0,1.0,1.0,1.0,1.0,1.0,0.987500011920929,0.6684399843215942,0.6220799684524536,0.5211999416351318,0.5427999496459961,0.5427999496459961,0.3678399622440338,0.5586399435997009,0.4254399240016937,0.5311549305915833,112.5,0.007039047311991453,0.01486460492014885,-0.0003695152699947357,0.023740144446492195,45.575626373291016,0.09629683196544647,0.7636066675186157,4000.0,474552.0,0.24998842179775238,0.19349920749664307,0.07232004404067993,0.8453171849250793,0.836540162563324,0.0,0.0,242.0,11737.0,11737.0,784.0,-0.031213195994496346,0.016159741207957268,3.459998333710246e-05,0.0,0.1764705926179886,0.06127902865409851,0.12641943991184235,0.0,0.0,0.2752649188041687,8192.0,98.0,0.8826008439064026
24750.0,202752000.0,2718508.3873803797,27459.680680609894,74.58207631111145,1.0,1.0,1.0,1.0,1.0,1.0,1.0,1.0,1.0,0.7573599815368652,0.7048000693321228,0.4779999852180481,0.5427999496459961,0.5427999496459961,0.27063998579978943,0.5643999576568604,0.4779999852180481,0.5423499941825867,130.5,0.007571456488221884,0.015978284180164337,-0.00039147413917817175,0.0262115690857172,45.72275161743164,0.09529251605272293,0.7567081451416016,4000.0,479424.0,0.2426011562347412,0.188577339053154,0.07268796116113663,0.8494719862937927,0.8364929556846619,0.0,0.0,242.0,11858.0,11858.0,792.0,-0.05269171670079231,0.016415338963270187,7.149236807890702e-06,0.0,0.5411764979362488,0.0744486153125763,0.02536630444228649,0.0,0.0,0.31350451707839966,8192.0,99.0,0.9053629040718079
25000.0,204800000.0,2736398.9090139763,27363.989090139767,74.84288907051086,0.30000001192092896,1.0,1.0,1.0,1.0,1.0,1.0,1.0,0.9125000238418579,0.17183999717235565,0.7379199862480164,0.5139999389648438,0.5427999496459961,0.5427999496459961,0.30195996165275574,0.5643999576568604,0.7192000150680542,0.511864960193634,124.5,0.007386848330497742,0.015563543885946274,-0.00036842544795945287,0.02649872377514839,45.610252380371094,0.09668006747961044,0.7454449534416199,4000.0,484296.0,0.24827323853969574,0.18937905132770538,0.06400129944086075,0.849470853805542,0.8346616625785828,0.0,0.0,242.0,11979.0,11979.0,800.0,-0.03998177871108055,0.028212103992700577,6.633435987168923e-05,0.0,-0.758823573589325,0.06769555807113647,0.03397436439990997,0.0,0.0,0.3466520607471466,8192.0,100.0,0.8935278654098511
25250.0,206848000.0,2781805.52841013,27542.628994159706,74.35746240615845,0.10000000149011612,0.9000000357627869,1.0,1.0,1.0,1.0,1.0,0.6000000238418579,0.824999988079071,0.025119995698332787,0.5097599625587463,0.5096799731254578,0.5427999496459961,0.5427999496459961,0.4556799829006195,0.5643999576568604,0.23711995780467987,0.4234199821949005,155.5,0.007439624518156052,0.015655608847737312,-0.0003608856932260096,0.0272933691740036,46.4691276550293,0.0976884663105011,0.7372373342514038,4000.0,489168.0,0.2497817724943161,0.19181770086288452,0.07020998001098633,0.8489439487457275,0.8324196934700012,0.005859375,0.0029296875,242.0,12100.0,12100.0,808.0,-0.09277543425559998,0.02209138497710228,0.0036768056452274323,0.01171875,-0.07352941483259201,0.08431993424892426,-0.0614926852285862,0.0,0.0,0.3665686249732971,8192.0,101.0,0.8794143199920654
25500.0,208896000.0,2782653.455755392,27280.916232896,75.07079243659973,1.0,1.0,0.9000000357627869,1.0,1.0,1.0,1.0,1.0,0.987500011920929,0.408519983291626,0.6349599957466125,0.4676399230957031,0.5125599503517151,0.5427999496459961,0.42219996452331543,0.5643999576568604,0.6169599890708923,0.5212549567222595,128.125,0.007830287329852581,0.016391828656196594,-0.0003406120231375098,0.025015348568558693,46.32575225830078,0.09813205152750015,0.7432100176811218,4000.0,494040.0,0.24948719143867493,0.1926097720861435,0.07231166213750839,0.8444772958755493,0.8310356736183167,0.03125,0.015625,242.0,12221.0,12221.0,816.0,-0.06938252598047256,0.046860478818416595,0.0038201662246137857,0.01171875,0.6352941393852234,0.1103697344660759,0.042170338332653046,0.01692708395421505,1.4444445371627808,0.3319384455680847,8192.0,102.0,0.8578708171844482
25750.0,210944000.0,2795956.141900527,27145.205261170166,75.44610476493835,0.800000011920929,1.0,1.0,1.0,1.0,0.9000000357627869,1.0,1.0,0.9624999761581421,0.34279999136924744,0.761680006980896,0.5211999416351318,0.5427999496459961,0.5427999496459961,0.22715997695922852,0.584559977054596,0.6723999977111816,0.5244249701499939,122.625,0.007400400470942259,0.015635421499609947,-0.00039141299203038216,0.025896992534399033,44.14950180053711,0.0991482064127922,0.7415052652359009,4000.0,498912.0,0.24610328674316406,0.19240887463092804,0.07876790314912796,0.8428173065185547,0.8321740627288818,0.03125,0.015625,242.0,12342.0,12342.0,824.0,-0.10661327093839645,0.05536149442195892,0.05070791020989418,0.02734375,-0.34705883264541626,0.11202196031808853,-0.08489012718200684,0.01171875,0.4285714626312256,0.37985363602638245,8192.0,103.0,0.8665750622749329
26000.0,212992000.0,2845006.0414260123,27355.827321403965,74.86521887779236,0.699999988079071,1.0,1.0,1.0,1.0,1.0,1.0,1.0,0.9624999761581421,0.1693599671125412,0.7613200545310974,0.5211999416351318,0.5427999496459961,0.5427999496459961,0.2778399884700775,0.5931999683380127,0.7264000177383423,0.5168650150299072,130.25,0.007599778473377228,0.016023892909288406,-0.00038551504258066416,0.02665172517299652,45.89237594604492,0.09805090725421906,0.7318422198295593,4000.0,503784.0,0.24679720401763916,0.1925787627696991,0.07734543830156326,0.8382431268692017,0.8318509459495544,0.0,0.0,242.0,12463.0,12463.0,832.0,-0.08536529541015625,0.061129748821258545,7.894894224591553e-05,0.0,-0.13823530077934265,0.11618496477603912,0.14423079788684845,0.0,0.0,0.41356125473976135,8192.0,104.0,0.8404480814933777
26250.0,215040000.0,2887561.7786613177,27500.588368203025,74.47113394737244,1.0,1.0,1.0,1.0,1.0,1.0,1.0,1.0,1.0,0.7980400323867798,0.7479999661445618,0.5168799757957458,0.5427999496459961,0.5427999496459961,0.38223996758461,0.5096799731254578,0.4549599587917328,0.5619249939918518,137.0,0.0072225299663841724,0.015375733375549316,-0.0004382953338790685,0.027041569352149963,45.11275100708008,0.0956946611404419,0.7474692463874817,4000.0,508656.0,0.24332641065120697,0.19468355178833008,0.08638585358858109,0.8380778431892395,0.8325054049491882,0.029296875,0.0146484375,242.0,12584.0,12584.0,840.0,-0.07753431797027588,0.06475512683391571,0.007324095815420151,0.0234375,-0.17058824002742767,0.12569376826286316,0.0902014821767807,0.01171875,0.5,0.3756948411464691,8192.0,105.0,0.8536996245384216
26500.0,217088000.0,2917434.677892176,27522.96865936015,74.41057777404785,1.0,1.0,1.0,1.0,1.0,1.0,1.0,1.0,1.0,0.6925600171089172,0.5600799918174744,0.5139999389648438,0.5427999496459961,0.5427999496459961,0.28251996636390686,0.5910399556159973,0.3851199746131897,0.5138649940490723,132.375,0.007308948785066605,0.015414961613714695,-0.00037243476253934205,0.026097066700458527,44.9837532043457,0.09767384827136993,0.7315303087234497,4000.0,513528.0,0.24999652802944183,0.19603542983531952,0.07920213043689728,0.8372300267219543,0.8315855860710144,0.005859375,0.0029296875,242.0,12705.0,12705.0,848.0,-0.08182676136493683,0.03607604652643204,0.0009678358328528702,0.0,0.05000000074505806,0.11187542974948883,0.1259615570306778,0.00390625,0.3333333432674408,0.3497213125228882,8192.0,106.0,0.857797384262085
26750.0,219136000.0,2934397.93307089,27424.279748326077,74.67835140228271,0.800000011920929,1.0,1.0,1.0,1.0,1.0,1.0,1.0,0.9750000238418579,0.4601599872112274,0.6237999796867371,0.5211999416351318,0.5427999496459961,0.5427999496459961,0.2731599807739258,0.27459996938705444,0.531279981136322,0.47122496366500854,172.375,0.007366433274000883,0.015603277832269669,-0.00040938297752290964,0.02582262083888054,46.32500076293945,0.09989487379789352,0.7563192248344421,4000.0,518400.0,0.24530081450939178,0.1924927681684494,0.07901860773563385,0.8374183177947998,0.8323764801025391,0.03125,0.015625,242.0,12826.0,12826.0,856.0,-0.05312681943178177,0.048179253935813904,0.00023058503575157374,0.0,0.40882354974746704,0.10610465705394745,0.16213372349739075,0.02083333395421505,1.777777910232544,0.31889015436172485,8192.0,107.0,0.8762021064758301
27000.0,221184000.0,2965219.517813382,27455.736276049836,74.59279108047485,0.0,0.800000011920929,1.0,1.0,1.0,1.0,0.9000000357627869,1.0,0.8374999761581421,0.0,0.2945599853992462,0.5154399275779724,0.5427999496459961,0.5305599570274353,0.28071996569633484,0.5101199746131897,0.6687999963760376,0.4178749918937683,159.25,0.007402711547911167,0.015632640570402145,-0.0003868933126796037,0.02671414241194725,45.43937683105469,0.09872923791408539,0.7533478736877441,4000.0,523272.0,0.25,0.1945931315422058,0.0771992951631546,0.8402178883552551,0.8333132266998291,0.03125,0.015625,242.0,12947.0,12947.0,864.0,-0.048847462981939316,0.03725096955895424,0.004038453567773104,0.01171875,-0.31470587849617004,0.0868835598230362,-0.028388284146785736,0.01692708395421505,1.4444445371627808,0.39128464460372925,8192.0,108.0,0.8780286312103271
27250.0,223232000.0,2978039.9647730407,27321.467566725147,74.95937013626099,1.0,1.0,1.0,1.0,1.0,0.699999988079071,0.9000000357627869,1.0,0.9500000476837158,0.674560010433197,0.6291999816894531,0.47943994402885437,0.5427999496459961,0.5427999496459961,0.24819998443126678,0.5079599618911743,0.5024799704551697,0.5159299373626709,140.0,0.007472941651940346,0.01572997495532036,-0.00036687840474769473,0.025166617706418037,45.40850067138672,0.09998109936714172,0.7338781952857971,4000.0,528144.0,0.25,0.19443561136722565,0.07896091043949127,0.8398070335388184,0.8334813714027405,0.0078125,0.00390625,242.0,13068.0,13068.0,872.0,-0.11873654276132584,0.032628193497657776,0.00031580982613377273,0.0,-0.32058823108673096,0.11796065419912338,-0.013736266642808914,0.0052083334885537624,0.444444477558136,0.3352598249912262,8192.0,109.0,0.8743002414703369
27500.0,225280000.0,3001864.6303078504,27289.678457344093,75.04668855667114,0.6000000238418579,0.10000000149011612,1.0,1.0,1.0,1.0,1.0,1.0,0.8374999761581421,0.37859997153282166,0.03591999411582947,0.5211999416351318,0.5427999496459961,0.5427999496459961,0.2900799810886383,0.5521599650382996,0.7004799842834473,0.44550496339797974,137.375,0.006637242157012224,0.014037235639989376,-0.0003579795593395829,0.023396385833621025,47.16575241088867,0.0945872813463211,0.7505396604537964,4000.0,533016.0,0.2476247400045395,0.19306330382823944,0.0766613557934761,0.8425857424736023,0.8336289525032043,0.005859375,0.0029296875,242.0,13189.0,13189.0,880.0,-0.191722109913826,0.0654311403632164,0.0042616333812475204,0.01171875,-0.24705882370471954,0.13116911053657532,-0.1507784128189087,0.0,0.0,0.31105220317840576,8192.0,110.0,0.8843899369239807
27750.0,227328000.0,3053618.8726042565,27510.07993337168,74.44543981552124,1.0,1.0,1.0,1.0,1.0,0.800000011920929,1.0,1.0,0.9750000238418579,0.5823999643325806,0.7382799983024597,0.4808799922466278,0.5427999496459961,0.5427999496459961,0.280519962310791,0.5528799891471863,0.4023999869823456,0.5153699517250061,123.5,0.007539142854511738,0.015715181827545166,-0.0002960387209895998,0.02240852080285549,46.25812530517578,0.09700159728527069,0.734976053237915,4000.0,537888.0,0.2409440129995346,0.18775898218154907,0.07439374178647995,0.8457401394844055,0.8330538272857666,0.005859375,0.0029296875,242.0,13310.0,13310.0,888.0,-0.04155061021447182,0.05488181114196777,9.650152060203254e-05,0.0,-0.24117647111415863,0.10352928936481476,0.09803115576505661,0.00390625,0.3333333432674408,0.328145295381546,8192.0,111.0,0.892918586730957
28000.0,229376000.0,3080254.0823762673,27502.268592645243,74.46658420562744,0.5,0.699999988079071,1.0,1.0,1.0,0.9000000357627869,1.0,1.0,0.8875000476837158,0.21703997254371643,0.39183998107910156,0.38151994347572327,0.5427999496459961,0.35127997398376465,0.20267997682094574,0.5489199757575989,0.4751199781894684,0.3888999819755554,155.875,0.007422593422234058,0.01558952871710062,-0.00035016867332160473,0.02200225554406643,46.883750915527344,0.09922116249799728,0.7323253154754639,4000.0,542760.0,0.23945015668869019,0.18613074719905853,0.07161729037761688,0.8439920544624329,0.8321170806884766,0.01171875,0.005859375,242.0,13431.0,13431.0,896.0,-0.09625806659460068,0.03135383129119873,0.001482789171859622,0.0,-0.05000000074505806,0.11089254915714264,0.07902932167053223,0.0078125,0.6666666865348816,0.3445725440979004,8192.0,112.0,0.8893805146217346
28250.0,231424000.0,3098339.945915335,27418.93757447199,74.69290137290955,0.30000001192092896,1.0,0.0,1.0,0.0,0.9000000357627869,0.800000011920929,0.9000000357627869,0.612500011920929,0.15887999534606934,0.7285600304603577,0.0,0.5427999496459961,0.0,0.39923998713493347,0.09439998120069504,0.5054399371147156,0.3036649823188782,175.5,0.007910464890301228,0.016590319573879242,-0.000361052603693679,0.023642560467123985,46.32650375366211,0.09721455723047256,0.7460105419158936,4000.0,547632.0,0.2490234375,0.19155669212341309,0.06997325271368027,0.8434295058250427,0.8317670226097107,0.013671875,0.0068359375,242.0,13552.0,13552.0,904.0,-0.16617797315120697,0.09083886444568634,0.0005821854574605823,0.0,0.24705882370471954,0.15504419803619385,0.05283883586525917,0.00911458395421505,0.7777778506278992,0.33388158679008484,8192.0,113.0,0.8593012690544128
28500.0,233472000.0,3128768.509970082,27445.337806755106,74.6210527420044,0.9000000357627869,1.0,0.5,1.0,0.699999988079071,1.0,1.0,1.0,0.8875000476837158,0.53711998462677,0.7371999621391296,0.14539997279644012,0.5427999496459961,0.1207599863409996,0.2871999442577362,0.18027997016906738,0.412479966878891,0.3704049587249756,186.125,0.007797802798449993,0.016409672796726227,-0.00038283539470285177,0.024197233840823174,46.80237579345703,0.09874071180820465,0.7405627965927124,4000.0,552504.0,0.24865971505641937,0.19478052854537964,0.07973098009824753,0.8429977297782898,0.8312362432479858,0.0078125,0.00390625,242.0,13673.0,13673.0,912.0,-0.12016244977712631,0.06933625042438507,0.06220857799053192,0.0,0.0117647061124444,0.13312281668186188,-0.015018317848443985,0.0052083334885537624,0.444444477558136,0.3419598340988159,8192.0,114.0,0.8745206594467163
28750.0,235520000.0,3250872.3750605877,28268.455435309457,72.44824552536011,0.4000000059604645,1.0,0.6000000238418579,1.0,0.30000001192092896,1.0,0.10000000149011612,1.0,0.675000011920929,0.3107199966907501,0.5514399409294128,0.17735998332500458,0.5427999496459961,0.05483999475836754,0.4369599521160126,0.055719997733831406,0.351999968290329,0.31022998690605164,203.375,0.007418914698064327,0.015485108830034733,-0.00030136926216073334,0.02227064035832882,46.48600387573242,0.0965816080570221,0.7596656084060669,4000.0,557376.0,0.24799023568630219,0.19298093020915985,0.07568150013685226,0.8444585204124451,0.8292393088340759,0.0,0.0,242.0,13794.0,13794.0,920.0,-0.0717148631811142,0.03933226689696312,9.276153286918998e-05,0.0,0.24117647111415863,0.11640241742134094,0.16382786631584167,0.0,0.0,0.33134186267852783,8192.0,115.0,0.8969897627830505
29000.0,237568000.0,3412590.671379277,29418.885098097213,69.61514663696289,1.0,1.0,1.0,1.0,1.0,0.5,1.0,1.0,0.9375,0.7076799869537354,0.7530400156974792,0.5139999389648438,0.5427999496459961,0.5427999496459961,0.2325199842453003,0.5399199724197388,0.6759999990463257,0.5635949969291687,128.0,0.007526820525527,0.015799369663000107,-0.0003464312176220119,0.02643320895731449,46.473876953125,0.09945283830165863,0.7481340169906616,4000.0,562248.0,0.2490234375,0.19085301458835602,0.0678320825099945,0.845668613910675,0.8290601968765259,0.017578125,0.0087890625,242.0,13915.0,13915.0,928.0,-0.019480397924780846,0.029732655733823776,7.082828233251348e-05,0.0,-0.020588235929608345,0.07375318557024002,0.2279762327671051,0.01171875,1.0,0.353924036026001,8192.0,116.0,0.8931441307067871
29250.0,239616000.0,3491270.8887784616,29839.922126311638,68.63288688659668,1.0,0.9000000357627869,0.800000011920929,1.0,1.0,1.0,1.0,1.0,0.9624999761581421,0.6515199542045593,0.5864400267601013,0.2664799690246582,0.5427999496459961,0.31671997904777527,0.41968002915382385,0.2810799777507782,0.2843199670314789,0.4186299741268158,175.375,0.007523898500949144,0.015824072062969208,-0.00036345128319226205,0.02468564361333847,46.61525344848633,0.09860961139202118,0.7421270608901978,4000.0,567120.0,0.2473132312297821,0.19098158180713654,0.07065101712942123,0.8451758027076721,0.8276640772819519,0.0078125,0.00390625,242.0,14036.0,14036.0,936.0,-0.026128903031349182,0.012729750946164131,2.858147581719095e-06,0.0,-0.13235294818878174,0.05862221494317055,0.08960624039173126,0.0052083334885537624,0.444444477558136,0.36079755425453186,8192.0,117.0,0.8881266117095947
29500.0,241664000.0,3473749.365673155,29438.55394638267,69.56863451004028,1.0,0.9000000357627869,1.0,1.0,1.0,1.0,0.800000011920929,1.0,0.9624999761581421,0.644320011138916,0.5399999618530273,0.4981599450111389,0.5427999496459961,0.5427999496459961,0.2551599442958832,0.16495998203754425,0.3469599783420563,0.4418949484825134,161.0,0.00761700514703989,0.015909818932414055,-0.00031242865952663124,0.025475407019257545,45.78750228881836,0.09514319151639938,0.7473757863044739,4000.0,571992.0,0.2410103678703308,0.1872943788766861,0.07272960245609283,0.8447169065475464,0.8276297450065613,0.005859375,0.0029296875,242.0,14157.0,14157.0,944.0,-0.023151330649852753,0.01748635433614254,7.124629337340593e-05,0.0,0.5,0.0743078887462616,0.225915789604187,0.00390625,0.3333333432674408,0.33586227893829346,8192.0,118.0,0.8761570453643799
29750.0,243712000.0,3518572.1585557978,29567.83326517477,69.26445984840393,0.9000000357627869,0.4000000059604645,0.20000000298023224,1.0,0.10000000149011612,1.0,0.800000011920929,1.0,0.675000011920929,0.6732000112533569,0.2624800205230713,0.03367999196052551,0.5427999496459961,0.011079996824264526,0.587440013885498,0.13759998977184296,0.438400000333786,0.33583498001098633,148.5,0.00742109352722764,0.015518108382821083,-0.000313983706291765,0.02397727407515049,46.978878021240234,0.09823676198720932,0.7356904745101929,4000.0,576864.0,0.24387405812740326,0.19066771864891052,0.0759221687912941,0.8463341593742371,0.8291253447532654,0.005859375,0.0029296875,242.0,14278.0,14278.0,952.0,-0.1884579062461853,0.05771006643772125,9.195844177156687e-05,0.0,0.08529412001371384,0.1341773271560669,-0.14693225920200348,0.00390625,0.3333333432674408,0.36329585313796997,8192.0,119.0,0.8835867047309875
30000.0,245760000.0,3801780.9880344155,31681.50823362013,64.64338707923889,0.699999988079071,1.0,1.0,1.0,1.0,1.0,0.5,0.9000000357627869,0.8875000476837158,0.4638400077819824,0.6003999710083008,0.5154399275779724,0.5427999496459961,0.5427999496459961,0.2547999620437622,0.08815999329090118,0.6314399838447571,0.4549599885940552,155.375,0.00760636804625392,0.015980610623955727,-0.00035934586776420474,0.024590983986854553,47.14787673950195,0.0992359146475792,0.7221746444702148,4000.0,581736.0,0.2499847412109375,0.19395166635513306,0.07456223666667938,0.8446105718612671,0.8271417617797852,0.005859375,0.0029296875,242.0,14399.0,14399.0,960.0,-0.12266940623521805,0.05712229385972023,0.0001653098879614845,0.0,-0.25294119119644165,0.12745024263858795,0.009844324551522732,0.00390625,0.3333333432674408,0.32159245014190674,8192.0,120.0,0.8796815276145935
