num_updates,num_env_steps,sps,steps_per_second,time_delta,solve_rate/SixteenRooms,solve_rate/SixteenRooms2,solve_rate/Labyrinth,solve_rate/LabyrinthFlipped,solve_rate/Labyrinth2,solve_rate/StandardMaze,solve_rate/StandardMaze2,solve_rate/StandardMaze3,solve_rate/mean,return/SixteenRooms,return/SixteenRooms2,return/Labyrinth,return/LabyrinthFlipped,return/Labyrinth2,return/StandardMaze,return/StandardMaze2,return/StandardMaze3,return/mean,eval_ep_lengths/mean,agent/loss,agent/critic_loss,agent/actor_loss,agent/entropy,level/mean_num_blocks,train/learnability,train/success_rate,level_sampler/size,level_sampler/episode_count,level_sampler/max_score,level_sampler/weighted_score,level_sampler/mean_score,level_sampler/mean_p,level_sampler/mean_max_return,sfl/topk_learnability,sfl/population_learnability,branch/num_dr_updates,branch/num_replay_updates,branch/num_mutation_updates,branch/num_sfl_updates,oracle/bias,oracle/brier,oracle/control_brier,oracle/control_learnability,oracle/control_rank_corr,oracle/predicted_learnability,oracle/rank_corr,oracle/selected_learnability,oracle/selection_gain,oracle/loss,oracle/observations,branch/num_oracle_inserts,oracle/buffer_mean_p
250.0,2048000.0,19252.569556253267,19252.569556253267,106.37541103363037,0.0,0.0,0.0,0.0,0.0,0.0,0.0,0.0,0.0,0.0,0.0,0.0,0.0,0.0,0.0,0.0,0.0,0.0,250.0,0.00038184778532013297,0.004530988167971373,-5.714781980969974e-09,1.8836405277252197,23.315500259399414,0.05868750438094139,0.10950000584125519,1968.0,1968.0,0.25,nan,0.059641774743795395,0.11128049343824387,0.1866837441921234,0.107421875,0.0537109375,242.0,0.0,0.0,8.0,0.41796875,0.1962890625,0.171875,0.078125,0.7764706015586853,0.25,0.6072803139686584,0.0455729179084301,0.5833333730697632,0.33993619680404663,2000.0,1.0,0.11371089518070221
500.0,4096000.0,34358.611542975836,17179.305771487918,119.21319913864136,0.0,0.0,0.0,0.0,0.0,0.0,0.0,0.0,0.0,0.0,0.0,0.0,0.0,0.0,0.0,0.0,0.0,0.0,250.0,0.0005212408141233027,0.004271461628377438,-5.7014014601008967e-05,1.5574758052825928,25.071500778198242,0.14455851912498474,0.28535422682762146,2958.0,6840.0,0.25,nan,0.096146360039711,0.1550067812204361,0.2763046622276306,0.140625,0.0703125,242.0,121.0,121.0,16.0,-0.03508002683520317,0.05716399475932121,0.07036224752664566,0.0390625,-0.01764705963432789,0.10050703585147858,0.30004584789276123,0.0807291716337204,2.066666841506958,0.5337435603141785,6904.0,2.0,0.21947020292282104
750.0,6144000.0,80663.89531959068,26887.965106530224,76.1679060459137,0.10000000149011612,0.0,0.0,0.0,0.0,0.0,0.0,0.0,0.012500000186264515,0.04707999899983406,0.0,0.0,0.0,0.0,0.0,0.0,0.0,0.005884999874979258,250.0,0.0014731541741639376,0.005487497430294752,-8.49632706376724e-05,1.1856313943862915,26.319625854492188,0.1721392571926117,0.36001163721084595,3955.0,11712.0,0.25,nan,0.14862485229969025,0.21283990144729614,0.37353578209877014,0.212890625,0.14453125,242.0,242.0,242.0,24.0,-0.06936702877283096,0.06529200822114944,0.08286183327436447,0.140625,0.11176470667123795,0.17142118513584137,0.4142857789993286,0.1458333432674408,1.0370371341705322,0.6203985214233398,8192.0,3.0,0.3245779573917389
1000.0,8192000.0,108323.1165970721,27080.779149268026,75.62559366226196,0.20000000298023224,0.10000000149011612,0.0,0.0,0.0,0.0,0.0,0.0,0.03750000149011612,0.06175999715924263,0.0456399992108345,0.0,0.0,0.0,0.0,0.0,0.0,0.013425000011920929,250.0,0.00329757621511817,0.0088697150349617,-0.00019664580759126693,0.9406355619430542,26.524002075195312,0.17658285796642303,0.4786873459815979,4000.0,16584.0,0.25,0.2391614466905594,0.20386599004268646,0.25323817133903503,0.44844672083854675,0.220703125,0.13671875,242.0,363.0,363.0,32.0,-0.01477891020476818,0.08211253583431244,0.06529822945594788,0.15234375,0.5323529243469238,0.2167428433895111,0.6441851258277893,0.1315104216337204,0.8632479310035706,0.6850345134735107,8192.0,4.0,0.46059685945510864
1250.0,10240000.0,134329.16831759358,26865.833663518715,76.23065137863159,0.6000000238418579,0.0,0.0,0.0,0.0,0.0,0.0,0.0,0.07500000298023224,0.2680799961090088,0.0,0.0,0.0,0.0,0.0,0.0,0.0,0.0335099995136261,250.0,0.00505430530756712,0.011740992777049541,-0.00025761581491678953,0.558575451374054,27.816125869750977,0.16464194655418396,0.5629870891571045,4000.0,21456.0,0.25,0.24744775891304016,0.22751957178115845,0.30254262685775757,0.5457160472869873,0.05859375,0.029296875,242.0,484.0,484.0,40.0,-0.4321606457233429,0.23215696215629578,0.15161527693271637,0.10546875,0.5264706015586853,0.24953971803188324,0.22225278615951538,0.00390625,0.03703703731298447,0.6490140557289124,8192.0,5.0,0.6438838839530945
1500.0,12288000.0,160632.34007415635,26772.05667902606,76.4976716041565,0.4000000059604645,0.6000000238418579,0.0,0.0,0.0,0.0,0.0,0.0,0.125,0.19731999933719635,0.2608799636363983,0.0,0.0,0.0,0.0,0.0,0.0,0.05727499723434448,245.625,0.005378883332014084,0.011876552365720272,-0.00015357487427536398,0.40581807494163513,30.002500534057617,0.16639867424964905,0.5416027903556824,4000.0,26328.0,0.25,0.24206361174583435,0.21798701584339142,0.3490352928638458,0.6332663297653198,0.177734375,0.0888671875,242.0,605.0,605.0,48.0,0.03797212988138199,0.15655598044395447,0.12516286969184875,0.05078125,0.11764705926179886,0.24131496250629425,0.36625465750694275,0.1015625,2.0,0.6145839691162109,8192.0,6.0,0.7164368033409119
1750.0,14336000.0,184970.96922363565,26424.42417480509,77.50405406951904,0.4000000059604645,0.30000001192092896,0.0,0.0,0.0,0.0,0.0,0.0,0.08750000596046448,0.18400000035762787,0.15383999049663544,0.0,0.0,0.0,0.0,0.0,0.0,0.04222999885678291,250.0,0.00542601989582181,0.011762598529458046,-0.00013458309695124626,0.3206959366798401,29.73575210571289,0.16517655551433563,0.5672578811645508,4000.0,31200.0,0.25,0.23448634147644043,0.20027655363082886,0.39377859234809875,0.7075477242469788,0.1328125,0.06640625,242.0,726.0,726.0,56.0,-0.10328272730112076,0.13942502439022064,0.10001473128795624,0.01171875,0.05882352963089943,0.22986075282096863,0.042170338332653046,0.0846354216337204,7.222222805023193,0.5574573874473572,8192.0,7.0,0.758855938911438
2000.0,16384000.0,212833.764136062,26604.22051700775,76.98026704788208,0.9000000357627869,0.0,0.0,0.0,0.0,0.0,0.0,0.0,0.11250000447034836,0.4021199643611908,0.0,0.0,0.0,0.0,0.0,0.0,0.0,0.05026499554514885,239.875,0.005676046945154667,0.012416296638548374,-0.00024997166474349797,0.2821294963359833,31.202001571655273,0.16074882447719574,0.5977954864501953,4000.0,36072.0,0.25,0.2279931604862213,0.1852356344461441,0.43753188848495483,0.7654153108596802,0.140625,0.0703125,242.0,847.0,847.0,64.0,-0.06060456112027168,0.12427577376365662,0.05061253905296326,0.0,-0.10588235408067703,0.22048142552375793,0.19880956411361694,0.09375,8.0,0.5227264165878296,8192.0,8.0,0.7869388461112976
2250.0,18432000.0,264784.4979349889,29420.499770554317,69.61132597923279,0.699999988079071,0.30000001192092896,0.0,0.0,0.0,0.0,0.10000000149011612,0.0,0.13750000298023224,0.31227996945381165,0.08723998814821243,0.0,0.0,0.0,0.0,0.03448000177741051,0.0,0.054249994456768036,240.875,0.005685162264853716,0.01241868082433939,-0.0002761252108030021,0.24805299937725067,31.353126525878906,0.1618785560131073,0.6239439845085144,4000.0,40944.0,0.25,0.2231433391571045,0.17386513948440552,0.47519955039024353,0.8048203587532043,0.115234375,0.0576171875,242.0,968.0,968.0,72.0,-0.015761544927954674,0.13411475718021393,0.03041215054690838,0.01171875,0.0676470622420311,0.2122219055891037,0.24427659809589386,0.0729166716337204,6.222222805023193,0.49139583110809326,8192.0,9.0,0.820611834526062
2500.0,20480000.0,270781.6273323621,27078.16273323621,75.63290095329285,0.6000000238418579,0.20000000298023224,0.0,0.0,0.0,0.0,0.0,0.0,0.10000000149011612,0.3001199960708618,0.04411999508738518,0.0,0.0,0.0,0.0,0.0,0.0,0.04302999749779701,230.125,0.005817297846078873,0.012592531740665436,-0.00024769926676526666,0.2312689572572708,30.979251861572266,0.15977106988430023,0.6249914169311523,4000.0,45816.0,0.2481536865234375,0.21561932563781738,0.15836726129055023,0.510673463344574,0.835833728313446,0.166015625,0.0830078125,242.0,1089.0,1089.0,80.0,-0.05713434889912605,0.09341400861740112,0.021073361858725548,0.03515625,0.15882353484630585,0.2007725089788437,0.16799452900886536,0.0989583358168602,2.814814805984497,0.5164612531661987,8192.0,10.0,0.8238058090209961
2750.0,22528000.0,296234.0871431637,26930.37155846943,76.0479667186737,0.5,0.20000000298023224,0.0,0.0,0.0,0.0,0.0,0.0,0.08749999850988388,0.23719997704029083,0.06751999258995056,0.0,0.0,0.0,0.0,0.0,0.0,0.038089998066425323,250.0,0.005460752639919519,0.012003122828900814,-0.0003265708510298282,0.21423834562301636,32.342124938964844,0.15316687524318695,0.6487118005752563,4000.0,50688.0,0.2481536865234375,0.21440458297729492,0.15438619256019592,0.5445554256439209,0.8549239039421082,0.119140625,0.0595703125,242.0,1210.0,1210.0,88.0,-0.1138506829738617,0.09389105439186096,0.02017052099108696,0.0,-0.24117647111415863,0.1983453929424286,0.10169415920972824,0.0794270858168602,6.777778148651123,0.5323368310928345,8192.0,11.0,0.8512793183326721
3000.0,24576000.0,328208.58880656527,27350.71573388044,74.87921047210693,0.699999988079071,0.0,0.0,0.0,0.0,0.30000001192092896,0.0,0.0,0.125,0.31300002336502075,0.0,0.0,0.0,0.0,0.07895999401807785,0.0,0.0,0.0489950031042099,226.625,0.0058709667064249516,0.012722092680633068,-0.0003168953990098089,0.17318378388881683,30.152751922607422,0.15376977622509003,0.6619393825531006,4000.0,55560.0,0.25,0.21055029332637787,0.14200302958488464,0.5739486217498779,0.8680208921432495,0.14453125,0.072265625,242.0,1331.0,1331.0,96.0,-0.12522640824317932,0.060077421367168427,0.012990077026188374,0.01171875,-0.1147058829665184,0.18582338094711304,-0.0023809527046978474,0.0924479216337204,7.888889312744141,0.5509135723114014,8192.0,12.0,0.8278490900993347
3250.0,26624000.0,379984.7528417194,29229.596372439955,70.0659692287445,0.699999988079071,0.10000000149011612,0.0,0.0,0.0,0.10000000149011612,0.0,0.0,0.11250000447034836,0.3511599898338318,0.07552000135183334,0.0,0.0,0.0,0.03412000089883804,0.0,0.0,0.0575999990105629,240.5,0.005442230496555567,0.012022637762129307,-0.0004041356442030519,0.16495288908481598,35.37350082397461,0.15552058815956116,0.6576128005981445,4000.0,60432.0,0.2497243881225586,0.21419809758663177,0.14929184317588806,0.5982394218444824,0.8750241994857788,0.125,0.0625,242.0,1452.0,1452.0,104.0,-0.1380162239074707,0.077712282538414,0.03728223964571953,0.046875,0.32058823108673096,0.19660809636116028,0.10741759836673737,0.0677083358168602,1.4444445371627808,0.5248836278915405,8192.0,13.0,0.8515897393226624
3500.0,28672000.0,486353.15175236954,34739.51083945497,58.953046560287476,0.699999988079071,0.0,0.0,0.0,0.0,0.699999988079071,0.0,0.0,0.17499999701976776,0.403359979391098,0.0,0.0,0.0,0.0,0.3097599744796753,0.0,0.0,0.08913999795913696,229.125,0.00561824906617403,0.012310094200074673,-0.0003859371645376086,0.15086126327514648,32.63800048828125,0.14293867349624634,0.6862833499908447,4000.0,65304.0,0.2472703456878662,0.20823246240615845,0.13764981925487518,0.6235546469688416,0.8798313736915588,0.087890625,0.0439453125,242.0,1573.0,1573.0,112.0,-0.07480482757091522,0.09256117790937424,0.014733146876096725,0.01171875,0.4382353127002716,0.1783708781003952,0.11744507402181625,0.0546875,4.6666669845581055,0.5087258219718933,8192.0,14.0,0.859071671962738
3750.0,30720000.0,404931.32383164566,26995.42158877638,75.86471629142761,0.6000000238418579,0.4000000059604645,0.0,0.0,0.0,0.0,0.0,0.0,0.125,0.2831999957561493,0.07779999077320099,0.0,0.0,0.0,0.0,0.0,0.0,0.045125000178813934,249.75,0.005616185255348682,0.012098891660571098,-0.0002689544635359198,0.16430561244487762,33.82212829589844,0.14865918457508087,0.6751410365104675,4000.0,70176.0,0.25,0.20884186029434204,0.1340499371290207,0.6466590762138367,0.8832535743713379,0.109375,0.0546875,242.0,1694.0,1694.0,120.0,-0.0750948041677475,0.07768669724464417,0.019225308671593666,0.02734375,0.4264706075191498,0.171983003616333,0.12005496770143509,0.0638020858168602,2.3333334922790527,0.5254158973693848,8192.0,15.0,0.8669264316558838
4000.0,32768000.0,432409.1919844795,27025.574499029968,75.7800726890564,0.800000011920929,0.0,0.0,0.0,0.0,0.20000000298023224,0.30000001192092896,0.0,0.16249999403953552,0.4540400207042694,0.0,0.0,0.0,0.0,0.12511999905109406,0.091559998691082,0.0,0.08383999764919281,228.125,0.005496032536029816,0.012046504765748978,-0.00039102419395931065,0.1361953765153885,36.98662567138672,0.1472286581993103,0.6697512269020081,4000.0,75048.0,0.25,0.2073109745979309,0.12824754416942596,0.6664214134216309,0.8843147158622742,0.078125,0.0390625,242.0,1815.0,1815.0,128.0,-0.12389525771141052,0.05674794688820839,0.029339831322431564,0.01171875,0.008823529817163944,0.16454866528511047,0.06565935164690018,0.0481770858168602,4.111111640930176,0.5141680240631104,8192.0,16.0,0.8645557761192322
4250.0,34816000.0,460919.31413560157,27112.900831505973,75.53599715232849,0.699999988079071,0.0,0.0,0.0,0.0,0.10000000149011612,0.0,0.0,0.10000000149011612,0.36160001158714294,0.0,0.0,0.0,0.0,0.05715999752283096,0.0,0.0,0.052345000207424164,250.0,0.0052911704406142235,0.011585760861635208,-0.0003609687555581331,0.14074091613292694,38.409000396728516,0.1498384326696396,0.6522900462150574,4000.0,79920.0,0.25,0.2068081945180893,0.126834437251091,0.6816878318786621,0.8831986784934998,0.0625,0.03125,242.0,1936.0,1936.0,136.0,-0.10689613223075867,0.07179880142211914,0.01189453899860382,0.01171875,0.04411764815449715,0.1638639122247696,0.1676282286643982,0.0377604179084301,3.222222328186035,0.5167837142944336,8192.0,17.0,0.8561713695526123
4500.0,36864000.0,483629.9301155998,26868.329450866655,76.22357034683228,0.800000011920929,0.4000000059604645,0.5,0.5,0.30000001192092896,0.699999988079071,0.20000000298023224,0.0,0.42500001192092896,0.423799991607666,0.22936001420021057,0.2123599797487259,0.12559998035430908,0.10451998561620712,0.3623200058937073,0.07291999459266663,0.0,0.1913599967956543,205.0,0.005216802936047316,0.01155332662165165,-0.00042605228372849524,0.13380728662014008,40.0160026550293,0.14905007183551788,0.6629932522773743,4000.0,84792.0,0.25,0.20792075991630554,0.12809330224990845,0.696089506149292,0.8816141486167908,0.12890625,0.064453125,242.0,2057.0,2057.0,144.0,-0.09801536798477173,0.04694879427552223,0.01949921064078808,0.015625,0.2029411792755127,0.1612655073404312,0.2679029703140259,0.0807291716337204,5.1666669845581055,0.5697593688964844,8192.0,18.0,0.8392165899276733
4750.0,38912000.0,515533.5824357758,27133.346443988197,75.47907900810242,0.6000000238418579,0.699999988079071,0.10000000149011612,0.10000000149011612,0.4000000059604645,0.20000000298023224,0.10000000149011612,0.0,0.2750000059604645,0.32819998264312744,0.38103997707366943,0.03843999654054642,0.0456399992108345,0.1371999979019165,0.05815999582409859,0.036639995872974396,0.0,0.12816499173641205,235.75,0.005238289013504982,0.011480187065899372,-0.000386825151508674,0.11497899144887924,37.665000915527344,0.13786116242408752,0.7111999988555908,4000.0,89664.0,0.24967581033706665,0.2102685421705246,0.13291479647159576,0.714168131351471,0.8820387721061707,0.04296875,0.021484375,242.0,2178.0,2178.0,152.0,-0.1207839623093605,0.09981318563222885,0.011227307841181755,0.0,0.0882352963089943,0.17673662304878235,-0.07573261111974716,0.02864583395421505,2.4444446563720703,0.5364737510681152,8192.0,19.0,0.8631066083908081
5000.0,40960000.0,539577.0087312579,26978.850436562894,75.91131448745728,0.800000011920929,0.20000000298023224,0.0,0.0,0.0,0.0,0.0,0.0,0.125,0.49111995100975037,0.15680000185966492,0.0,0.0,0.0,0.0,0.0,0.0,0.08098999410867691,225.25,0.005551186390221119,0.012075269594788551,-0.0003741289838217199,0.11231932789087296,36.5155029296875,0.14225086569786072,0.6808890700340271,4000.0,94536.0,0.25,0.207100510597229,0.12356206029653549,0.7239313125610352,0.8770573139190674,0.07421875,0.037109375,242.0,2299.0,2299.0,160.0,-0.11108595132827759,0.05907702445983887,0.010840171948075294,0.0,-0.4382353127002716,0.1584007441997528,-0.1257326304912567,0.0494791679084301,4.222222328186035,0.5481754541397095,8192.0,20.0,0.8471812009811401
5250.0,43008000.0,562613.5143770602,26791.11973224096,76.44324016571045,1.0,0.6000000238418579,0.10000000149011612,0.699999988079071,0.4000000059604645,0.5,0.800000011920929,0.10000000149011612,0.5249999761581421,0.6677200198173523,0.41568002104759216,0.04275999590754509,0.2690799832344055,0.1433199942111969,0.19939999282360077,0.22939996421337128,0.04960000142455101,0.2521199882030487,192.375,0.005433178041130304,0.011827334761619568,-0.0003743911220226437,0.10609763115644455,36.22200012207031,0.13709814846515656,0.6911892890930176,4000.0,99408.0,0.25,0.20986652374267578,0.12960144877433777,0.7358013987541199,0.8741940259933472,0.0390625,0.01953125,242.0,2420.0,2420.0,168.0,-0.1792100965976715,0.045850466936826706,0.013019148260354996,0.01171875,0.45588237047195435,0.16164182126522064,-0.02509157918393612,0.0221354179084301,1.8888890743255615,0.49709293246269226,8192.0,21.0,0.8375923037528992
5500.0,45056000.0,588981.2305044186,26771.874113837206,76.49819326400757,0.9000000357627869,0.4000000059604645,0.4000000059604645,0.9000000357627869,0.10000000149011612,0.5,0.30000001192092896,0.0,0.4375000298023224,0.48851996660232544,0.17212000489234924,0.1443999856710434,0.33803996443748474,0.019719993695616722,0.15187999606132507,0.16607999801635742,0.0,0.18509499728679657,195.5,0.0049278768710792065,0.010793754830956459,-0.0003756844671443105,0.09331639856100082,40.6192512512207,0.13903188705444336,0.6892257332801819,4000.0,104280.0,0.25,0.21160946786403656,0.13244560360908508,0.7437778115272522,0.8710212707519531,0.03125,0.015625,242.0,2541.0,2541.0,176.0,-0.16871991753578186,0.06490837037563324,0.013325195759534836,0.0,0.07941176742315292,0.16841019690036774,-0.132005512714386,0.02083333395421505,1.777777910232544,0.4533538222312927,8192.0,22.0,0.8471072316169739
5750.0,47104000.0,618731.0839538039,26901.35147625234,76.13000416755676,0.9000000357627869,0.9000000357627869,0.20000000298023224,0.800000011920929,0.0,0.699999988079071,0.6000000238418579,0.0,0.5125000476837158,0.567359983921051,0.37727999687194824,0.04339999705553055,0.1512799710035324,0.0,0.28887996077537537,0.2893199622631073,0.0,0.2146899700164795,209.125,0.004877734929323196,0.010626617819070816,-0.0003493442200124264,0.08623005449771881,40.2650032043457,0.1442050337791443,0.6921060085296631,4000.0,109152.0,0.24716734886169434,0.20810958743095398,0.12855784595012665,0.7485227584838867,0.866600513458252,0.048828125,0.0244140625,242.0,2662.0,2662.0,184.0,-0.12107543647289276,0.0627695620059967,0.013070426881313324,0.0,0.20588235557079315,0.15787988901138306,0.07701466232538223,0.0325520858168602,2.777778148651123,0.5394315719604492,8192.0,23.0,0.8367717266082764
6000.0,49152000.0,643913.6378426903,26829.7349101121,76.33321785926819,1.0,1.0,0.6000000238418579,0.800000011920929,1.0,0.0,0.9000000357627869,0.0,0.6625000238418579,0.5341599583625793,0.6875200271606445,0.2842799723148346,0.3301999568939209,0.4214799404144287,0.0,0.47015997767448425,0.0,0.34097498655319214,151.25,0.005038084462285042,0.010992949828505516,-0.0003700166998896748,0.08837392181158066,39.62287521362305,0.13469168543815613,0.6945511698722839,4000.0,114024.0,0.25,0.2116512507200241,0.13111482560634613,0.7559165358543396,0.8636278510093689,0.048828125,0.0244140625,242.0,2783.0,2783.0,192.0,-0.10524550825357437,0.07392491400241852,0.021671339869499207,0.02734375,-0.09705882519483566,0.15735112130641937,0.0555403046309948,0.0234375,0.8571429252624512,0.5244433879852295,8192.0,24.0,0.8389289379119873
6250.0,51200000.0,673855.9833188952,26954.23933275581,75.98062682151794,0.800000011920929,0.800000011920929,0.10000000149011612,0.30000001192092896,0.800000011920929,0.10000000149011612,0.699999988079071,0.0,0.44999998807907104,0.428119957447052,0.33343997597694397,0.04131999611854553,0.10091998428106308,0.3291199803352356,0.012159997597336769,0.3328000009059906,0.0,0.19723498821258545,203.0,0.004680279176682234,0.010286577977240086,-0.0003792257921304554,0.08378374576568604,42.20125198364258,0.13381724059581757,0.7220596075057983,4000.0,118896.0,0.24981307983398438,0.2109169214963913,0.12890276312828064,0.7645952701568604,0.8613535165786743,0.03515625,0.017578125,242.0,2904.0,2904.0,200.0,-0.14373989403247833,0.047771502286195755,0.010642344132065773,0.01171875,0.21764706075191498,0.15128052234649658,-0.10673078894615173,0.01953125,1.6666667461395264,0.491607666015625,8192.0,25.0,0.8569833040237427
6500.0,53248000.0,693994.9462402295,26692.113316931904,76.72678351402283,0.9000000357627869,0.10000000149011612,0.0,0.6000000238418579,0.0,0.4000000059604645,0.0,0.0,0.25,0.6386400461196899,0.01431999821215868,0.0,0.20975998044013977,0.0,0.1292800009250641,0.0,0.0,0.12399999797344208,226.875,0.00491692777723074,0.010701234452426434,-0.00035665114410221577,0.0770382285118103,42.79500198364258,0.1355544626712799,0.6910208463668823,4000.0,123768.0,0.25,0.20844876766204834,0.12081404030323029,0.7683316469192505,0.8559882044792175,0.03515625,0.017578125,242.0,3025.0,3025.0,208.0,-0.1289234608411789,0.029520023614168167,0.0072660790756344795,0.0,-0.2088235318660736,0.1322602927684784,-0.04381868988275528,0.0234375,2.0,0.5297347903251648,8192.0,26.0,0.8479267954826355
6750.0,55296000.0,722986.9372538541,26777.29397236497,76.48270964622498,0.800000011920929,1.0,0.0,0.0,0.4000000059604645,0.5,0.6000000238418579,0.0,0.4124999940395355,0.4594399631023407,0.6248800158500671,0.0,0.0,0.1523199826478958,0.1759999841451645,0.2507999837398529,0.0,0.20792998373508453,221.125,0.004911954049021006,0.010725172236561775,-0.00038149335887283087,0.06913815438747406,42.086753845214844,0.1287478506565094,0.7168424129486084,4000.0,128640.0,0.25,0.2102537453174591,0.12392934411764145,0.774062991142273,0.8511489033699036,0.03515625,0.017578125,242.0,3146.0,3146.0,216.0,-0.08071751892566681,0.05764702707529068,0.007617253810167313,0.0,0.3764705955982208,0.13172617554664612,0.05128205940127373,0.0234375,2.0,0.5578731298446655,8192.0,27.0,0.8341705799102783
7000.0,57344000.0,746841.7951848595,26672.921256602127,76.78199100494385,1.0,0.4000000059604645,0.699999988079071,0.9000000357627869,1.0,0.4000000059604645,1.0,0.0,0.675000011920929,0.5755599737167358,0.21423998475074768,0.3097599446773529,0.43884000182151794,0.4535199701786041,0.06231999024748802,0.5733999609947205,0.0,0.32845497131347656,186.5,0.004571450874209404,0.009987633675336838,-0.00035655463580042124,0.06581175327301025,43.47937774658203,0.1320270150899887,0.7074814438819885,4000.0,133512.0,0.25,0.21268489956855774,0.12987101078033447,0.7742523550987244,0.8447886109352112,0.01171875,0.005859375,242.0,3267.0,3267.0,224.0,-0.12770527601242065,0.05264181271195412,0.01145365834236145,0.0,-0.3382352888584137,0.14212161302566528,-0.06762821972370148,0.0078125,0.6666666865348816,0.519303560256958,8192.0,28.0,0.835157036781311
7250.0,59392000.0,780961.8662047737,26929.719524302538,76.04980802536011,0.9000000357627869,0.699999988079071,0.10000000149011612,1.0,0.9000000357627869,0.800000011920929,0.5,0.20000000298023224,0.6375000476837158,0.5349599719047546,0.2906799912452698,0.05427999421954155,0.47943997383117676,0.40860000252723694,0.429919958114624,0.20299997925758362,0.05239999294281006,0.306659996509552,182.0,0.004639350809156895,0.010125530883669853,-0.00035795100848190486,0.06546352058649063,43.456878662109375,0.12890399992465973,0.7060304284095764,4000.0,138384.0,0.25,0.2124355137348175,0.12941505014896393,0.7783815860748291,0.841119110584259,0.033203125,0.0166015625,242.0,3388.0,3388.0,232.0,-0.12074846029281616,0.037321798503398895,0.010902456939220428,0.0,0.32647058367729187,0.1355145275592804,0.02687729336321354,0.0221354179084301,1.8888890743255615,0.5716346502304077,8192.0,29.0,0.830267071723938
7500.0,61440000.0,800266.3604849721,26675.545349499072,76.77443790435791,1.0,0.800000011920929,0.30000001192092896,0.9000000357627869,0.9000000357627869,1.0,0.5,0.800000011920929,0.7749999761581421,0.6864399909973145,0.3593599796295166,0.10091998428106308,0.4150799810886383,0.41363993287086487,0.5773599743843079,0.1698799878358841,0.2823199927806854,0.37562498450279236,169.875,0.004494915250688791,0.00985355582088232,-0.0003703426627907902,0.06152057275176048,44.442378997802734,0.12770840525627136,0.6948971152305603,4000.0,143256.0,0.25,0.21233929693698883,0.1275596022605896,0.7824885845184326,0.8382589221000671,0.005859375,0.0029296875,242.0,3509.0,3509.0,240.0,-0.12021581828594208,0.04510493576526642,0.010179001837968826,0.0,-0.3529411852359772,0.1299729347229004,-0.10599818825721741,0.00390625,0.3333333432674408,0.5534905195236206,8192.0,30.0,0.8298624753952026
7750.0,63488000.0,834741.5304123366,26927.14614233344,76.05707597732544,1.0,0.4000000059604645,0.800000011920929,1.0,1.0,1.0,1.0,0.10000000149011612,0.7874999642372131,0.6072400212287903,0.16383998095989227,0.29023998975753784,0.38655999302864075,0.3959200084209442,0.5291199684143066,0.36531996726989746,0.04023999720811844,0.34731000661849976,170.0,0.004423764068633318,0.009672921150922775,-0.00035229380591772497,0.06040257588028908,45.91275405883789,0.1271560788154602,0.7045018076896667,4000.0,148128.0,0.25,0.2123403549194336,0.1258925348520279,0.7881810069084167,0.8358388543128967,0.013671875,0.0068359375,242.0,3630.0,3630.0,248.0,-0.07028861343860626,0.06367047131061554,0.007420251611620188,0.0,0.4647058844566345,0.12222739309072495,-0.14322346448898315,0.00911458395421505,0.7777778506278992,0.5932360887527466,8192.0,31.0,0.8122849464416504
8000.0,65536000.0,871589.1839892452,27237.161999663913,75.19138741493225,1.0,0.6000000238418579,1.0,0.9000000357627869,1.0,1.0,1.0,0.5,0.875,0.5575599670410156,0.30191999673843384,0.4254399240016937,0.420119971036911,0.49167999625205994,0.5150799751281738,0.3692799508571625,0.2011999636888504,0.41028499603271484,146.375,0.004438232630491257,0.0097348028793931,-0.0003731782780960202,0.05599035322666168,48.110626220703125,0.1271916627883911,0.6974195837974548,4000.0,153000.0,0.24799023568630219,0.21335826814174652,0.1320473700761795,0.7917872667312622,0.8330684304237366,0.017578125,0.0087890625,242.0,3751.0,3751.0,256.0,-0.09348112344741821,0.05316604673862457,0.010091209784150124,0.0,0.28823530673980713,0.12764042615890503,-0.061126384884119034,0.01171875,1.0,0.5511223077774048,8192.0,32.0,0.8236430287361145
8250.0,67584000.0,879802.5190539125,26660.682395573105,76.81723856925964,1.0,0.800000011920929,0.800000011920929,1.0,0.699999988079071,0.6000000238418579,0.9000000357627869,0.800000011920929,0.824999988079071,0.6770800352096558,0.452239990234375,0.3917599618434906,0.438400000333786,0.3540399968624115,0.34439998865127563,0.34091997146606445,0.278359979391098,0.4096499979496002,172.75,0.004199640359729528,0.009193122386932373,-0.0003482343163341284,0.048686686903238297,49.211875915527344,0.1307605355978012,0.7007791996002197,4000.0,157872.0,0.25,0.21345007419586182,0.1278499960899353,0.7976820468902588,0.8307381272315979,0.0,0.0,242.0,3872.0,3872.0,264.0,-0.11924181878566742,0.030069366097450256,0.008131034672260284,0.0,0.29411765933036804,0.11587455868721008,-0.14102566242218018,0.0,0.0,0.5755865573883057,8192.0,33.0,0.8218022584915161
8500.0,69632000.0,908447.0423986748,26719.03065878455,76.64948725700378,1.0,0.4000000059604645,1.0,1.0,0.699999988079071,1.0,0.9000000357627869,0.5,0.8125,0.6256000399589539,0.1818399876356125,0.4247199594974518,0.4635999798774719,0.31299999356269836,0.5139999985694885,0.35603997111320496,0.17059998214244843,0.3811749815940857,139.125,0.0043688127771019936,0.009527891874313354,-0.00034271401818841696,0.05241958796977997,47.13450241088867,0.12494487315416336,0.7106507420539856,4000.0,162744.0,0.24434566497802734,0.20938993990421295,0.1268671602010727,0.8002737760543823,0.8279798626899719,0.0234375,0.01171875,242.0,3993.0,3993.0,272.0,-0.10761012881994247,0.02309063822031021,0.00782336387783289,0.0,0.1411764770746231,0.112906314432621,-0.029395610094070435,0.015625,1.3333333730697632,0.5902483463287354,8192.0,34.0,0.8316693305969238
8750.0,71680000.0,934094.0786826818,26688.40224807662,76.73745250701904,1.0,0.800000011920929,0.800000011920929,1.0,0.6000000238418579,0.699999988079071,0.9000000357627869,0.20000000298023224,0.75,0.7231600284576416,0.31759998202323914,0.3615199625492096,0.4182399809360504,0.23279999196529388,0.18375997245311737,0.35315999388694763,0.06751999258995056,0.3322199881076813,175.125,0.00461225351318717,0.010109790600836277,-0.0003873729729093611,0.05526883155107498,47.13787841796875,0.12358362972736359,0.7261906862258911,4000.0,167616.0,0.25,0.21260903775691986,0.12590831518173218,0.8018019199371338,0.8232555389404297,0.01171875,0.005859375,242.0,4114.0,4114.0,280.0,-0.10140986740589142,0.027288882061839104,0.007975835353136063,0.0,-0.38235294818878174,0.10873691737651825,-0.1556318998336792,0.0078125,0.6666666865348816,0.5041050910949707,8192.0,35.0,0.8023179173469543
9000.0,73728000.0,968244.7231810654,26895.686755029597,76.14603853225708,1.0,0.9000000357627869,0.30000001192092896,0.0,0.30000001192092896,0.5,0.20000000298023224,0.800000011920929,0.5,0.6029199957847595,0.3787199854850769,0.10019998997449875,0.0,0.1088399887084961,0.13063998520374298,0.07688000053167343,0.2772800028324127,0.20943498611450195,204.0,0.003934596665203571,0.00871964916586876,-0.0003742044500540942,0.05102325230836868,49.077003479003906,0.12372325360774994,0.7252225875854492,4000.0,172488.0,0.24516551196575165,0.21384549140930176,0.13745063543319702,0.8079007863998413,0.8224957585334778,0.0078125,0.00390625,242.0,4235.0,4235.0,288.0,-0.1422300636768341,0.024565257132053375,0.012117195874452591,0.0,0.0470588244497776,0.12683981657028198,-0.13264654576778412,0.0052083334885537624,0.444444477558136,0.4763476252555847,8192.0,36.0,0.8358612656593323
9250.0,75776000.0,990071.2350634758,26758.682028742587,76.53590703010559,0.800000011920929,0.5,0.699999988079071,1.0,0.5,0.800000011920929,0.800000011920929,0.800000011920929,0.737500011920929,0.5667200088500977,0.2559199929237366,0.16683998703956604,0.3951999843120575,0.16915999352931976,0.2563999891281128,0.45872002840042114,0.3111199736595154,0.3225100040435791,164.625,0.004366768989712,0.009543831460177898,-0.0003553287242539227,0.04981809854507446,49.42525100708008,0.12369100004434586,0.7210879325866699,4000.0,177360.0,0.2492983192205429,0.2112661898136139,0.12354470044374466,0.8065394163131714,0.8166133165359497,0.025390625,0.0126953125,242.0,4356.0,4356.0,296.0,-0.07160715013742447,0.03313330188393593,0.01533086784183979,0.015625,0.3529411852359772,0.10101877152919769,0.016804032027721405,0.01171875,0.75,0.5184081792831421,8192.0,37.0,0.8320311307907104
9500.0,77824000.0,1012308.8617365115,26639.706887802935,76.87772274017334,1.0,0.9000000357627869,0.5,0.800000011920929,0.9000000357627869,0.4000000059604645,0.800000011920929,0.4000000059604645,0.7124999761581421,0.6000399589538574,0.5176799893379211,0.2123599797487259,0.26503998041152954,0.34163999557495117,0.13359998166561127,0.4918399751186371,0.12243998050689697,0.3355799913406372,173.25,0.004112657625228167,0.009065214544534683,-0.0003697652427945286,0.05018453299999237,49.728878021240234,0.12428435683250427,0.7096890807151794,4000.0,182232.0,0.25,0.21248653531074524,0.12584777176380157,0.8057399392127991,0.8104438781738281,0.0234375,0.01171875,242.0,4477.0,4477.0,304.0,-0.08190897852182388,0.024969667196273804,0.006681757979094982,0.0,0.3441176414489746,0.09996260702610016,-0.04597070440649986,0.015625,1.3333333730697632,0.5084048509597778,8192.0,38.0,0.8056577444076538
9750.0,79872000.0,1047216.4194756855,26851.70306347911,76.27076745033264,1.0,0.9000000357627869,0.9000000357627869,1.0,0.0,0.699999988079071,0.9000000357627869,0.20000000298023224,0.7000000476837158,0.7170400023460388,0.35711997747421265,0.48851996660232544,0.4851999282836914,0.0,0.3846399784088135,0.3394799828529358,0.05275999382138252,0.35309499502182007,197.875,0.004136147443205118,0.009097566828131676,-0.00036313480813987553,0.04950152337551117,49.6405029296875,0.12387251853942871,0.7154365181922913,4000.0,187104.0,0.2490234375,0.2161145955324173,0.1367761641740799,0.8051717877388,0.806111216545105,0.0234375,0.01171875,242.0,4598.0,4598.0,312.0,-0.09653677046298981,0.03422687202692032,0.009768335148692131,0.0,-0.07941176742315292,0.11666615307331085,-0.05897437036037445,0.015625,1.3333333730697632,0.5476613640785217,8192.0,39.0,0.7934380173683167
10000.0,81920000.0,1076117.423833318,26902.93559583295,76.1255214214325,1.0,0.699999988079071,0.9000000357627869,1.0,0.30000001192092896,0.800000011920929,0.9000000357627869,0.9000000357627869,0.8125,0.753760039806366,0.427839994430542,0.3301199674606323,0.48520001769065857,0.039719995111227036,0.24559998512268066,0.417959988117218,0.32075998187065125,0.37762001156806946,185.75,0.004333527758717537,0.00955532118678093,-0.00039521505823358893,0.04891790449619293,49.962127685546875,0.12641380727291107,0.7227725982666016,4000.0,191976.0,0.25,0.21856392920017242,0.1382329910993576,0.8072478175163269,0.8040156364440918,0.04296875,0.021484375,242.0,4719.0,4719.0,320.0,-0.09032288193702698,0.03092617355287075,0.01010584644973278,0.01171875,0.479411780834198,0.1176891177892685,-0.1080586239695549,0.02473958395421505,2.1111111640930176,0.5391963124275208,8192.0,40.0,0.8177440762519836
10250.0,83968000.0,1097056.3279495428,26757.47141340348,76.53936982154846,1.0,0.6000000238418579,1.0,1.0,0.30000001192092896,0.5,1.0,0.20000000298023224,0.699999988079071,0.7696000337600708,0.27959999442100525,0.5427999496459961,0.47439995408058167,0.13115999102592468,0.24583998322486877,0.5075199604034424,0.05995998904109001,0.3763599991798401,167.625,0.004233643878251314,0.009264243766665459,-0.00035345935611985624,0.045018501579761505,51.35775375366211,0.1245671883225441,0.7157906889915466,4000.0,196848.0,0.2490234375,0.2139263153076172,0.12894846498966217,0.8080866932868958,0.8006550073623657,0.013671875,0.0068359375,242.0,4840.0,4840.0,328.0,-0.09264960885047913,0.020977692678570747,0.0060230582021176815,0.0,0.4441176652908325,0.09899227321147919,-0.029990848153829575,0.00911458395421505,0.7777778506278992,0.5546135902404785,8192.0,41.0,0.8105822205543518
10500.0,86016000.0,1122149.649956813,26717.848808495553,76.65287780761719,1.0,1.0,1.0,1.0,1.0,1.0,0.5,0.20000000298023224,0.8374999761581421,0.7328800559043884,0.6529600024223328,0.5427999496459961,0.47943997383117676,0.5211999416351318,0.5161599516868591,0.1727599948644638,0.061039991676807404,0.4599049985408783,150.375,0.004362760577350855,0.009476002305746078,-0.0003328824241179973,0.042357493191957474,49.80012893676758,0.12012005597352982,0.7409058213233948,4000.0,201720.0,0.24999256432056427,0.2160872370004654,0.13381269574165344,0.8103440403938293,0.7973206043243408,0.029296875,0.0146484375,242.0,4961.0,4961.0,336.0,-0.0912262573838234,0.020019561052322388,0.006042940076440573,0.0,-0.2764706015586853,0.10386790335178375,-0.09276558458805084,0.01953125,1.6666667461395264,0.48740169405937195,8192.0,42.0,0.8285244107246399
10750.0,88064000.0,1149157.5783742433,26724.594845912638,76.63352847099304,1.0,0.699999988079071,1.0,1.0,0.6000000238418579,1.0,0.800000011920929,0.5,0.8250000476837158,0.612280011177063,0.34143999218940735,0.5427999496459961,0.5103999376296997,0.3127199709415436,0.5543199777603149,0.22759997844696045,0.20299997925758362,0.4130699634552002,169.375,0.004219813272356987,0.009128750301897526,-0.00030931978835724294,0.035241976380348206,48.73400115966797,0.11744000762701035,0.7696658372879028,4000.0,206592.0,0.2490234375,0.21341395378112793,0.1278741955757141,0.8124269843101501,0.7933110594749451,0.005859375,0.0029296875,242.0,5082.0,5082.0,344.0,-0.1041179671883583,0.012141820043325424,0.005924962926656008,0.0,0.33529412746429443,0.0959685668349266,-0.16181321442127228,0.00390625,0.3333333432674408,0.4958594739437103,8192.0,43.0,0.8458824753761292
11000.0,90112000.0,1175069.484402937,26706.124645521297,76.68652892112732,1.0,0.800000011920929,1.0,0.699999988079071,0.5,0.20000000298023224,0.9000000357627869,0.699999988079071,0.7250000238418579,0.7969600558280945,0.5883199572563171,0.5125599503517151,0.36051997542381287,0.2584399878978729,0.04159998893737793,0.3121199607849121,0.256119966506958,0.39082998037338257,159.25,0.004461584147065878,0.009727922268211842,-0.0003656844492070377,0.036692433059215546,50.834503173828125,0.11959374696016312,0.7369668483734131,4000.0,211464.0,0.25,0.21124400198459625,0.12135455757379532,0.8096697926521301,0.7883995175361633,0.0,0.0,242.0,5203.0,5203.0,352.0,-0.09948940575122833,0.010267922654747963,0.005913239903748035,0.0,0.15294118225574493,0.0892413780093193,0.0101648373529315,0.0,0.0,0.5245301127433777,8192.0,44.0,0.8237451314926147
11250.0,92160000.0,1204845.0952014409,26774.33544892091,76.49116086959839,0.699999988079071,0.9000000357627869,1.0,1.0,1.0,0.4000000059604645,0.6000000238418579,0.699999988079071,0.7874999642372131,0.4721200168132782,0.4788000285625458,0.5427999496459961,0.46647998690605164,0.5211999416351318,0.14799998700618744,0.2133599817752838,0.1571199744939804,0.3749849796295166,168.75,0.004626684356480837,0.01005974318832159,-0.0003637571935541928,0.039430055767297745,48.06900405883789,0.12295426428318024,0.73358154296875,4000.0,216336.0,0.234375,0.20428285002708435,0.13209891319274902,0.808133602142334,0.7844775915145874,0.017578125,0.0087890625,242.0,5324.0,5324.0,360.0,-0.09177447855472565,0.01895037852227688,0.00825219415128231,0.01171875,-0.40294119715690613,0.0985933244228363,-0.09542126208543777,0.0078125,0.6666666865348816,0.5168495178222656,8192.0,45.0,0.7892084717750549
11500.0,94208000.0,1235756.7310693662,26864.276762377525,76.23506927490234,1.0,1.0,0.9000000357627869,1.0,0.800000011920929,0.9000000357627869,1.0,0.5,0.8875000476837158,0.771399974822998,0.5798799395561218,0.48851996660232544,0.5168799757957458,0.4169599711894989,0.5263199806213379,0.3375999927520752,0.20191998779773712,0.4799349904060364,143.5,0.004551346879452467,0.00978138204663992,-0.00030635425355285406,0.032989561557769775,49.66337585449219,0.1157124936580658,0.7499587535858154,4000.0,221208.0,0.2499847412109375,0.21998755633831024,0.1431414932012558,0.8123144507408142,0.7838373184204102,0.005859375,0.0029296875,242.0,5445.0,5445.0,368.0,-0.12787766754627228,0.01789930649101734,0.00839665811508894,0.0,0.09117647260427475,0.11377463489770889,-0.17087915539741516,0.00390625,0.3333333432674408,0.5365101099014282,8192.0,46.0,0.8122866153717041
11750.0,96256000.0,1260826.766954286,26826.101424559278,76.34355688095093,1.0,0.800000011920929,0.20000000298023224,1.0,0.6000000238418579,1.0,1.0,0.9000000357627869,0.8125,0.804159939289093,0.3564799726009369,0.05671999603509903,0.5039200186729431,0.20975998044013977,0.5680000185966492,0.3483999967575073,0.3679199814796448,0.40191999077796936,169.25,0.004625612869858742,0.010065045207738876,-0.0003723674453794956,0.03454132005572319,51.897377014160156,0.120548315346241,0.7424297332763672,4000.0,226080.0,0.25,0.21684062480926514,0.13754767179489136,0.8122149705886841,0.7807304859161377,0.005859375,0.0029296875,242.0,5566.0,5566.0,376.0,-0.12660440802574158,0.017377294600009918,0.008852007798850536,0.0,0.23235294222831726,0.11296636611223221,-0.10764653980731964,0.00390625,0.3333333432674408,0.5617437362670898,8192.0,47.0,0.8202081918716431
12000.0,98304000.0,1307170.6334449959,27232.72153010408,75.20364785194397,1.0,1.0,0.9000000357627869,0.9000000357627869,0.800000011920929,1.0,0.699999988079071,0.699999988079071,0.875,0.7976800203323364,0.64000004529953,0.48851996660232544,0.26747995615005493,0.41047993302345276,0.5586399435997009,0.23235999047756195,0.2651199996471405,0.4575349688529968,162.25,0.004389673937112093,0.009506163187325,-0.000326288107316941,0.03711956366896629,48.39375305175781,0.11956912279129028,0.7388242483139038,4000.0,230952.0,0.25,0.2164406180381775,0.13460376858711243,0.8118122816085815,0.7785037755966187,0.01953125,0.009765625,242.0,5687.0,5687.0,384.0,-0.10547354817390442,0.016802340745925903,0.007055280730128288,0.0,0.06470588594675064,0.10590685904026031,-0.09945056587457657,0.01302083395421505,1.1111111640930176,0.5521562099456787,8192.0,48.0,0.800916314125061
12250.0,100352000.0,1313197.3838585208,26799.946609357565,76.41806268692017,1.0,0.800000011920929,1.0,1.0,1.0,1.0,1.0,0.5,0.9125000238418579,0.7742800116539001,0.4572799801826477,0.535599946975708,0.4880799353122711,0.48447996377944946,0.5348799824714661,0.3469599783420563,0.11407997459173203,0.4669549763202667,145.0,0.00519167073071003,0.011188695207238197,-0.0003692184982355684,0.033458810299634933,47.87050247192383,0.12282676249742508,0.7235299348831177,4000.0,235824.0,0.24983882904052734,0.21935856342315674,0.1427077353000641,0.8077879548072815,0.7755661606788635,0.0078125,0.00390625,242.0,5808.0,5808.0,392.0,-0.12267714738845825,0.019193578511476517,0.008751371875405312,0.0,0.12647059559822083,0.11294961720705032,-0.10929489135742188,0.0052083334885537624,0.444444477558136,0.5353202819824219,8192.0,49.0,0.7662436962127686
12500.0,102400000.0,1334721.600219265,26694.432004385304,76.7201189994812,1.0,0.699999988079071,0.9000000357627869,1.0,0.9000000357627869,1.0,0.800000011920929,1.0,0.9125000238418579,0.7224400043487549,0.30327996611595154,0.48851996660232544,0.5139999389648438,0.46907997131347656,0.5903199911117554,0.2808799743652344,0.4081599712371826,0.4720849394798279,141.0,0.004610315430909395,0.00997072272002697,-0.00034251532633788884,0.03253087028861046,51.84100341796875,0.11946427077054977,0.7429385185241699,4000.0,240696.0,0.25,0.2244400531053543,0.1537816822528839,0.8100669384002686,0.7742292284965515,0.017578125,0.0087890625,242.0,5929.0,5929.0,400.0,-0.11101391911506653,0.03685622289776802,0.011529103852808475,0.01171875,-0.026470588520169258,0.12412881851196289,-0.04253663867712021,0.0078125,0.6666666865348816,0.5595535635948181,8192.0,50.0,0.7851455211639404
12750.0,104448000.0,1400192.6539387293,27454.757920367243,74.59544920921326,1.0,1.0,1.0,1.0,0.10000000149011612,0.9000000357627869,0.9000000357627869,0.9000000357627869,0.8500000238418579,0.759880006313324,0.42399999499320984,0.27063995599746704,0.38223996758461,0.049959998577833176,0.5277599692344666,0.30347996950149536,0.3686399757862091,0.385824978351593,165.5,0.004786479752510786,0.010321083478629589,-0.0003455211699474603,0.028541473671793938,49.22525405883789,0.11590015143156052,0.7554008364677429,4000.0,245568.0,0.2490234375,0.2210501730442047,0.14618653059005737,0.8126253485679626,0.775639533996582,0.087890625,0.0439453125,242.0,6050.0,6050.0,408.0,-0.010432284325361252,0.06056014820933342,0.010792245157063007,0.0234375,0.2441176474094391,0.11380922794342041,0.09331503510475159,0.05078125,2.1666667461395264,0.544715404510498,8192.0,51.0,0.7968407869338989
13000.0,106496000.0,1394057.38530431,26808.79587123673,76.39283800125122,1.0,0.699999988079071,0.800000011920929,0.30000001192092896,0.20000000298023224,1.0,1.0,1.0,0.75,0.7472800016403198,0.2982400059700012,0.4342399537563324,0.11243999004364014,0.09991999715566635,0.5780799984931946,0.3678399622440338,0.40959998965263367,0.3809549808502197,166.25,0.005016464274376631,0.010748593136668205,-0.00032879627542570233,0.02903607301414013,49.81025314331055,0.11626221239566803,0.7491016983985901,4000.0,250440.0,0.25,0.22032564878463745,0.14500176906585693,0.8137791156768799,0.7758681178092957,0.03125,0.015625,242.0,6171.0,6171.0,416.0,-0.12181876599788666,0.029169317334890366,0.014679087325930595,0.01171875,-0.21764706075191498,0.12925752997398376,-0.03498169034719467,0.01692708395421505,1.4444445371627808,0.5074397325515747,8192.0,52.0,0.7914651036262512
13250.0,108544000.0,1428916.8776744276,26960.69580517788,75.96243119239807,1.0,1.0,0.4000000059604645,0.0,0.0,1.0,1.0,1.0,0.675000011920929,0.8088399767875671,0.8020000457763672,0.13143998384475708,0.0,0.0,0.5816799998283386,0.35127997398376465,0.3793599605560303,0.3818250000476837,164.5,0.005022930447012186,0.010776759125292301,-0.00033495703246444464,0.030491478741168976,50.93187713623047,0.1152314841747284,0.7459076046943665,4000.0,255312.0,0.2499847412109375,0.22212500870227814,0.1479417085647583,0.8135660290718079,0.7751405239105225,0.005859375,0.0029296875,242.0,6292.0,6292.0,424.0,-0.17221514880657196,0.03123866394162178,0.01728644035756588,0.0,-0.6441176533699036,0.1443372666835785,-0.11886449158191681,0.00390625,0.3333333432674408,0.5114046335220337,8192.0,53.0,0.773723304271698
13500.0,110592000.0,1450996.1240190652,26870.29859294565,76.2179844379425,1.0,1.0,1.0,1.0,0.10000000149011612,1.0,0.800000011920929,0.800000011920929,0.8374999761581421,0.7631199955940247,0.6947200298309326,0.5427999496459961,0.47079992294311523,0.05211999639868736,0.5751999616622925,0.27296000719070435,0.32767996191978455,0.46242496371269226,151.875,0.005058675073087215,0.010928436182439327,-0.00037429071380756795,0.031252119690179825,49.03225326538086,0.12158487737178802,0.7071388363838196,4000.0,260184.0,0.25,0.22456006705760956,0.15497714281082153,0.8068477511405945,0.7719479203224182,0.013671875,0.0068359375,242.0,6413.0,6413.0,432.0,-0.14343899488449097,0.04131173714995384,0.02583959884941578,0.015625,-0.008823529817163944,0.1410907804965973,-0.17069600522518158,0.00390625,0.25,0.6012172102928162,8192.0,54.0,0.746955394744873
13750.0,112640000.0,1481454.373756811,26935.534068305653,76.03339123725891,1.0,1.0,0.20000000298023224,1.0,0.0,1.0,0.20000000298023224,1.0,0.675000011920929,0.6367599964141846,0.7227999567985535,0.06823999434709549,0.4153599739074707,0.0,0.5823999643325806,0.036559995263814926,0.3807999789714813,0.35536497831344604,170.75,0.004694514442235231,0.01014441717416048,-0.0003459958534222096,0.03169867768883705,53.467376708984375,0.11980545520782471,0.7212077379226685,4000.0,265056.0,0.24632297456264496,0.22359195351600647,0.15885305404663086,0.8061099052429199,0.7707909345626831,0.013671875,0.0068359375,242.0,6534.0,6534.0,440.0,-0.12972620129585266,0.02171936258673668,0.010913667269051075,0.0,-0.0235294122248888,0.12089086323976517,-0.10439562052488327,0.00911458395421505,0.7777778506278992,0.5265467762947083,8192.0,55.0,0.7549596428871155
14000.0,114688000.0,1502690.5505316688,26833.75983092266,76.321768283844,0.9000000357627869,0.800000011920929,1.0,0.9000000357627869,0.10000000149011612,0.9000000357627869,0.10000000149011612,0.800000011920929,0.6875,0.581760048866272,0.5487200021743774,0.531279981136322,0.3970799446105957,0.049959998577833176,0.40247994661331177,0.02115999534726143,0.2866399884223938,0.3523849844932556,181.25,0.004856277722865343,0.010477415286004543,-0.0003504912310745567,0.03193917125463486,50.746002197265625,0.1208910420536995,0.7154369950294495,4000.0,269928.0,0.243896484375,0.22097496688365936,0.15628471970558167,0.8031691312789917,0.7688663005828857,0.0625,0.03125,242.0,6655.0,6655.0,448.0,-0.08234703540802002,0.02764810621738434,0.029687702655792236,0.03125,-0.1352941244840622,0.1178617998957634,-0.039606235921382904,0.03125,1.0,0.5710352659225464,8192.0,56.0,0.7530088424682617
14250.0,116736000.0,1535424.816170575,26937.277476676758,76.02847027778625,1.0,1.0,1.0,1.0,0.0,0.9000000357627869,0.5,0.4000000059604645,0.7250000238418579,0.7829200029373169,0.5471200346946716,0.5125599503517151,0.4196799397468567,0.0,0.48023995757102966,0.14035998284816742,0.16383998095989227,0.380840003490448,154.5,0.004329318180680275,0.009409574791789055,-0.0003438779094722122,0.03159156069159508,53.18950271606445,0.12255333364009857,0.7396351099014282,4000.0,274800.0,0.25,0.22613054513931274,0.16012577712535858,0.8037596940994263,0.7672960758209229,0.013671875,0.0068359375,242.0,6776.0,6776.0,456.0,-0.12661592662334442,0.03545907884836197,0.013704979792237282,0.0,-0.20000000298023224,0.12961223721504211,-0.06304946541786194,0.00911458395421505,0.7777778506278992,0.5454958081245422,8192.0,57.0,0.7641997933387756
14500.0,118784000.0,1562607.9171129393,26941.515812292055,76.01650977134705,1.0,1.0,1.0,1.0,0.10000000149011612,1.0,0.800000011920929,1.0,0.862500011920929,0.7202800512313843,0.8228799700737,0.5427999496459961,0.5211999416351318,0.05211999639868736,0.5975199937820435,0.28807997703552246,0.40959998965263367,0.4943099617958069,146.25,0.004625936504453421,0.009924004785716534,-0.00030695804161950946,0.029108045622706413,52.900753021240234,0.11839768290519714,0.7352578043937683,4000.0,279672.0,0.25,0.22483748197555542,0.1556270271539688,0.8035264015197754,0.7649446129798889,0.033203125,0.0166015625,242.0,6897.0,6897.0,464.0,-0.12457682192325592,0.03267301619052887,0.013822215609252453,0.01171875,0.2441176474094391,0.13355785608291626,-0.07458792626857758,0.0182291679084301,1.5555557012557983,0.49083030223846436,8192.0,58.0,0.7838554978370667
14750.0,120832000.0,1590720.1203418549,26961.357971895843,75.9605655670166,1.0,1.0,1.0,1.0,0.20000000298023224,0.699999988079071,0.800000011920929,1.0,0.8374999761581421,0.7156000137329102,0.6529600024223328,0.42183995246887207,0.5211999416351318,0.09991999715566635,0.407679945230484,0.1764799803495407,0.40959998965263367,0.42565998435020447,130.75,0.004770169500261545,0.01016677264124155,-0.0002875325735658407,0.025684606283903122,50.87412643432617,0.1153448075056076,0.7214168906211853,4000.0,284544.0,0.243896484375,0.21839016675949097,0.14967873692512512,0.8006971478462219,0.7630733251571655,0.013671875,0.0068359375,242.0,7018.0,7018.0,472.0,-0.13454198837280273,0.02373114973306656,0.019752902910113335,0.015625,-0.27352941036224365,0.12427233159542084,-0.11987181752920151,0.00390625,0.25,0.5424381494522095,8192.0,59.0,0.752035915851593
15000.0,122880000.0,1600633.352272235,26677.222537870584,76.769611120224,1.0,1.0,0.6000000238418579,1.0,0.699999988079071,1.0,1.0,0.800000011920929,0.887499988079071,0.7526800036430359,0.7947999835014343,0.19175998866558075,0.48375996947288513,0.15675997734069824,0.5903199911117554,0.3505600094795227,0.32767996191978455,0.45603999495506287,135.375,0.004699330776929855,0.010120604187250137,-0.00033228506799787283,0.02868681773543358,51.956878662109375,0.1161811575293541,0.7351486086845398,4000.0,289416.0,0.25,0.22742903232574463,0.16130927205085754,0.7989627718925476,0.759601354598999,0.013671875,0.0068359375,242.0,7139.0,7139.0,480.0,-0.10406462848186493,0.06478865444660187,0.037179507315158844,0.01171875,0.3382352888584137,0.14021842181682587,-0.030173998326063156,0.0052083334885537624,0.444444477558136,0.5587780475616455,8192.0,60.0,0.7577718496322632
15250.0,124928000.0,1666226.8858571611,27315.194850117394,74.97658395767212,1.0,0.9000000357627869,0.699999988079071,1.0,0.10000000149011612,1.0,0.0,0.5,0.6500000357627869,0.8315200805664062,0.476639986038208,0.25035998225212097,0.5211999416351318,0.015399998985230923,0.5607999563217163,0.0,0.18823997676372528,0.35552000999450684,176.875,0.004924390930682421,0.010575590655207634,-0.000336308527039364,0.027095668017864227,51.949378967285156,0.1153232753276825,0.7412298917770386,4000.0,294288.0,0.24609375,0.2243058830499649,0.16090020537376404,0.8016406893730164,0.7568609714508057,0.029296875,0.0146484375,242.0,7260.0,7260.0,488.0,-0.146220862865448,0.04234263673424721,0.041713256388902664,0.01171875,0.3764705955982208,0.14742127060890198,-0.05013737082481384,0.015625,1.3333333730697632,0.5483303666114807,8192.0,61.0,0.7849148511886597
15500.0,126976000.0,1657259.7154237672,26729.99541006076,76.61804533004761,1.0,0.800000011920929,1.0,1.0,1.0,1.0,1.0,0.6000000238418579,0.9249999523162842,0.8379999995231628,0.43136000633239746,0.5096799731254578,0.5125600099563599,0.48447996377944946,0.5579199194908142,0.3771999776363373,0.2003999799489975,0.4889499843120575,144.5,0.004167930223047733,0.009008332155644894,-0.00030937447445467114,0.026860864832997322,51.74500274658203,0.11897147446870804,0.7539427876472473,4000.0,299160.0,0.25,0.2222474217414856,0.1501786857843399,0.8044967651367188,0.7563415169715881,0.005859375,0.0029296875,242.0,7381.0,7381.0,496.0,-0.13262194395065308,0.018711628392338753,0.009701499715447426,0.0,0.6029412150382996,0.11727675795555115,-0.09079671651124954,0.00390625,0.3333333432674408,0.4958939850330353,8192.0,62.0,0.7998214364051819
15750.0,129024000.0,1685812.139417654,26758.922847899266,76.53521823883057,1.0,0.9000000357627869,1.0,1.0,1.0,1.0,1.0,0.9000000357627869,0.9750000238418579,0.8387200236320496,0.3859200179576874,0.5427999496459961,0.48663997650146484,0.5211999416351318,0.5953599810600281,0.3505600094795227,0.3686399757862091,0.5112299919128418,143.0,0.004637759644538164,0.009908970445394516,-0.000288280745735392,0.028445225208997726,51.79525375366211,0.11936131119728088,0.7316964268684387,4000.0,304032.0,0.24609375,0.21690800786018372,0.1429319828748703,0.8034127950668335,0.7536730170249939,0.03515625,0.017578125,242.0,7502.0,7502.0,504.0,-0.07196157425642014,0.019291004166007042,0.03769373521208763,0.03515625,-0.1558823585510254,0.09222592413425446,-0.09601650387048721,0.01171875,0.3333333432674408,0.5768290758132935,8192.0,63.0,0.7783337831497192
16000.0,131072000.0,1709422.3438630532,26709.724122860207,76.67619442939758,1.0,1.0,1.0,0.9000000357627869,0.0,0.9000000357627869,0.9000000357627869,0.699999988079071,0.800000011920929,0.7667199969291687,0.6479199528694153,0.5427999496459961,0.3941999673843384,0.0,0.5220000147819519,0.294840008020401,0.26655998826026917,0.42937996983528137,152.5,0.004592608194798231,0.009885414503514767,-0.00031960412161424756,0.0304951723664999,55.24500274658203,0.12666243314743042,0.7076751589775085,4000.0,308904.0,0.2497243881225586,0.2232198715209961,0.154029980301857,0.7989848852157593,0.7486048936843872,0.01953125,0.009765625,242.0,7623.0,7623.0,512.0,-0.07825499027967453,0.033786676824092865,0.008091924712061882,0.01171875,-0.2235294133424759,0.1031361073255539,-0.18081505596637726,0.00911458395421505,0.7777778506278992,0.5264418721199036,8192.0,64.0,0.7610294818878174
16250.0,133120000.0,1736234.5620098773,26711.300953998114,76.67166805267334,1.0,1.0,1.0,1.0,0.0,1.0,0.4000000059604645,0.9000000357627869,0.7875000238418579,0.8416000604629517,0.5240799784660339,0.5427999496459961,0.5082399249076843,0.0,0.5427999496459961,0.10479998588562012,0.3585599660873413,0.42785996198654175,148.0,0.0046499790623784065,0.009952295571565628,-0.00029748870292678475,0.028679970651865005,55.22500228881836,0.11585842072963715,0.7313588261604309,4000.0,313776.0,0.24967607855796814,0.22453567385673523,0.1544301062822342,0.8003976345062256,0.7459941506385803,0.005859375,0.0029296875,242.0,7744.0,7744.0,520.0,-0.11390420794487,0.014201086014509201,0.007757626473903656,0.0,-0.15882353484630585,0.10358232259750366,-0.12527474761009216,0.00390625,0.3333333432674408,0.5620779991149902,8192.0,65.0,0.7733811736106873
16500.0,135168000.0,1786665.5517449216,27070.69017795336,75.65377855300903,1.0,1.0,1.0,1.0,0.30000001192092896,0.9000000357627869,1.0,0.5,0.8374999761581421,0.8261200189590454,0.7170400023460388,0.5427999496459961,0.5168799757957458,0.1563599854707718,0.5342399477958679,0.3483999967575073,0.22351999580860138,0.4831699728965759,131.25,0.0046769496984779835,0.010079546831548214,-0.0003345191653352231,0.02830428071320057,53.0368766784668,0.12021408975124359,0.708543598651886,4000.0,318648.0,0.243896484375,0.2194182574748993,0.15277081727981567,0.7985402345657349,0.7421751618385315,0.0,0.0,242.0,7865.0,7865.0,528.0,-0.06505130231380463,0.0335434153676033,0.004829239100217819,0.0,0.23529411852359772,0.08675399422645569,-0.05998169630765915,0.0,0.0,0.5988436937332153,8192.0,66.0,0.7481098771095276
16750.0,137216000.0,1806492.1851095404,26962.569927008062,75.95715117454529,1.0,1.0,1.0,1.0,0.20000000298023224,1.0,0.9000000357627869,0.9000000357627869,0.875,0.8416000604629517,0.64000004529953,0.5427999496459961,0.2922399938106537,0.06319999694824219,0.5888800024986267,0.24443994462490082,0.37727996706962585,0.44880497455596924,136.875,0.004660583101212978,0.009994509629905224,-0.0003100208123214543,0.026650601997971535,53.25962829589844,0.11800727248191833,0.7304690480232239,4000.0,323520.0,0.24684691429138184,0.22434240579605103,0.15968525409698486,0.7971855998039246,0.7426969408988953,0.01953125,0.009765625,242.0,7986.0,7986.0,536.0,-0.09450993686914444,0.014849121682345867,0.006861462257802486,0.01171875,0.061764705926179886,0.09755086898803711,-0.09734433889389038,0.00911458395421505,0.7777778506278992,0.5681053400039673,8192.0,67.0,0.7416863441467285
17000.0,139264000.0,1815328.4893520423,26696.007196353567,76.7155921459198,0.9000000357627869,0.10000000149011612,1.0,1.0,0.699999988079071,0.9000000357627869,1.0,0.5,0.762499988079071,0.45215997099876404,0.066880002617836,0.5427999496459961,0.4801599681377411,0.36483997106552124,0.4492799937725067,0.355599969625473,0.1939999908208847,0.36321496963500977,183.875,0.005682544782757759,0.012020505033433437,-0.00030216635786928236,0.025540674105286598,53.7921257019043,0.11469695717096329,0.7358567118644714,4000.0,328392.0,0.2490234375,0.22820131480693817,0.16550199687480927,0.7995654940605164,0.7427641749382019,0.0,0.0,242.0,8107.0,8107.0,544.0,-0.12563927471637726,0.03158530965447426,0.00904925912618637,0.0,-0.12941177189350128,0.12048746645450592,-0.14130039513111115,0.0,0.0,0.549923300743103,8192.0,68.0,0.77198326587677
17250.0,141312000.0,1859597.872908295,26950.693810265144,75.99062252044678,1.0,0.9000000357627869,1.0,1.0,0.10000000149011612,0.699999988079071,0.20000000298023224,0.5,0.675000011920929,0.8452000021934509,0.46511998772621155,0.5427999496459961,0.45351991057395935,0.05211999639868736,0.3104799687862396,0.032239992171525955,0.2515999972820282,0.3691349923610687,162.0,0.00576782738789916,0.012213513255119324,-0.0003162675420753658,0.022662116214632988,53.06562805175781,0.11690796166658401,0.7413114905357361,4000.0,333264.0,0.2490234375,0.22413426637649536,0.1567831188440323,0.7988412976264954,0.7435246706008911,0.021484375,0.0107421875,242.0,8228.0,8228.0,552.0,-0.1043916568160057,0.019208142533898354,0.00914028100669384,0.0,0.2441176474094391,0.10823319852352142,-0.056043967604637146,0.014322916977107525,1.2222223281860352,0.5754592418670654,8192.0,69.0,0.7337522506713867
17500.0,143360000.0,1867460.297392382,26678.0042484626,76.76736164093018,1.0,0.4000000059604645,1.0,1.0,0.10000000149011612,1.0,0.30000001192092896,0.5,0.6625000238418579,0.8416000604629517,0.21352000534534454,0.5427999496459961,0.5067999362945557,0.05211999639868736,0.5960800051689148,0.052679985761642456,0.20335999131202698,0.376120001077652,159.875,0.005465250927954912,0.01166151650249958,-0.0003385107556823641,0.02699735201895237,52.78262710571289,0.11571107059717178,0.7387117147445679,4000.0,338136.0,0.2490234375,0.22954393923282623,0.16880306601524353,0.80020672082901,0.7437301278114319,0.01171875,0.005859375,242.0,8349.0,8349.0,560.0,-0.12666232883930206,0.033536285161972046,0.012096383608877659,0.01171875,-0.18529412150382996,0.12675419449806213,-0.10489928722381592,0.00390625,0.3333333432674408,0.5990321040153503,8192.0,70.0,0.7480178475379944
17750.0,145408000.0,1913253.5306194483,26947.232825626033,76.00038242340088,0.9000000357627869,0.9000000357627869,1.0,1.0,1.0,1.0,1.0,1.0,0.9750000238418579,0.725040078163147,0.5076000094413757,0.5427999496459961,0.5211999416351318,0.5211999416351318,0.584559977054596,0.3483999967575073,0.5031999945640564,0.531749963760376,120.25,0.005255026742815971,0.011136668734252453,-0.00029092165641486645,0.022385582327842712,51.45487594604492,0.11234462261199951,0.7484065294265747,4000.0,343008.0,0.2497243881225586,0.22824499011039734,0.16342051327228546,0.8011860251426697,0.7436813116073608,0.017578125,0.0087890625,242.0,8470.0,8470.0,568.0,-0.15425792336463928,0.034223053604364395,0.016347583383321762,0.0,-0.008823529817163944,0.14275458455085754,-0.1070512980222702,0.01171875,1.0,0.596653163433075,8192.0,71.0,0.7655720114707947
18000.0,147456000.0,1917460.011785921,26631.389052582235,76.90173411369324,1.0,1.0,1.0,1.0,0.30000001192092896,0.9000000357627869,1.0,0.800000011920929,0.875,0.8632000088691711,0.8034400343894958,0.5427999496459961,0.43335992097854614,0.1563599854707718,0.34703999757766724,0.2641599476337433,0.40255996584892273,0.47661495208740234,138.625,0.005049044732004404,0.010719512589275837,-0.00028823764296248555,0.022473681718111038,51.26175308227539,0.11331699043512344,0.756377100944519,4000.0,347880.0,0.24189844727516174,0.22074094414710999,0.15908119082450867,0.8028589487075806,0.7414610385894775,0.013671875,0.0068359375,242.0,8591.0,8591.0,576.0,-0.14507079124450684,0.040529292076826096,0.01686083897948265,0.0,-0.08529412001371384,0.1419294774532318,-0.09789378941059113,0.00911458395421505,0.7777778506278992,0.5463247299194336,8192.0,72.0,0.7684324979782104
18250.0,149504000.0,1956843.4124299851,26806.074142876507,76.40059447288513,1.0,1.0,1.0,1.0,1.0,0.800000011920929,1.0,1.0,0.9750000238418579,0.8473600745201111,0.8315200805664062,0.5427999496459961,0.47655996680259705,0.5211999416351318,0.39031997323036194,0.33616000413894653,0.38943997025489807,0.541920006275177,128.25,0.006875492632389069,0.014426030218601227,-0.0003151485580019653,0.02237369678914547,53.43850326538086,0.11201456189155579,0.7470493316650391,4000.0,352752.0,0.24980118870735168,0.22601065039634705,0.159866064786911,0.8010426759719849,0.7423263192176819,0.025390625,0.0126953125,242.0,8712.0,8712.0,584.0,-0.1581905484199524,0.04256149381399155,0.047439657151699066,0.0390625,-0.2705882489681244,0.14990252256393433,-0.12637364864349365,0.00390625,0.10000000149011612,0.5712474584579468,8192.0,73.0,0.7467341423034668
18500.0,151552000.0,1972561.468516446,26656.236061033054,76.8300518989563,1.0,1.0,1.0,1.0,1.0,1.0,0.30000001192092896,0.9000000357627869,0.8999999761581421,0.8624799847602844,0.6875199675559998,0.5427999496459961,0.48231998085975647,0.5211999416351318,0.5802399516105652,0.10452000051736832,0.4435199797153473,0.5280749797821045,128.125,0.006471616216003895,0.013626102358102798,-0.0003178480837959796,0.023586709052324295,52.388877868652344,0.1140163317322731,0.750022292137146,4000.0,357624.0,0.24984516203403473,0.22792521119117737,0.1647069901227951,0.8038928508758545,0.7438489198684692,0.03125,0.015625,242.0,8833.0,8833.0,592.0,-0.1365083009004593,0.02632301300764084,0.01311440858989954,0.0,-0.19411765038967133,0.1332777738571167,-0.05187729746103287,0.02083333395421505,1.777777910232544,0.5939640998840332,8192.0,74.0,0.7639783024787903
18750.0,153600000.0,2009774.8092648352,26796.99745686447,76.42647290229797,0.6000000238418579,1.0,1.0,1.0,1.0,1.0,1.0,1.0,0.949999988079071,0.5143200159072876,0.5795199275016785,0.5427999496459961,0.4808799922466278,0.5211999416351318,0.6040000319480896,0.3483999967575073,0.49383994936943054,0.5106199979782104,141.25,0.005187386646866798,0.01097057294100523,-0.00027514429530128837,0.022755524143576622,51.0410041809082,0.11342482268810272,0.7521355152130127,4000.0,362496.0,0.25,0.22624319791793823,0.15822550654411316,0.8044214248657227,0.7415593862533569,0.013671875,0.0068359375,242.0,8954.0,8954.0,600.0,-0.12108592689037323,0.03424821048974991,0.012219078838825226,0.01171875,-0.6735294461250305,0.1256101131439209,-0.08182235807180405,0.0052083334885537624,0.444444477558136,0.5135464668273926,8192.0,75.0,0.762381374835968
19000.0,155648000.0,2021718.6804973749,26601.561585491774,76.98796153068542,1.0,0.9000000357627869,1.0,1.0,1.0,1.0,0.9000000357627869,0.20000000298023224,0.875,0.8293600082397461,0.6004800200462341,0.5427999496459961,0.4779999852180481,0.5211999416351318,0.5377599596977234,0.32651999592781067,0.06175998970866203,0.4872349798679352,127.0,0.004775878041982651,0.010280059650540352,-0.00034102005884051323,0.023131702095270157,52.64425277709961,0.1191839650273323,0.7343341708183289,4000.0,367368.0,0.25,0.22730527818202972,0.16115662455558777,0.8061903715133667,0.7396477460861206,0.013671875,0.0068359375,242.0,9075.0,9075.0,608.0,-0.17230892181396484,0.05026014894247055,0.018112391233444214,0.0,-0.39411765336990356,0.158087357878685,-0.22440479695796967,0.00911458395421505,0.7777778506278992,0.5516281127929688,8192.0,76.0,0.7752973437309265
19250.0,157696000.0,2062218.010426142,26782.05208345639,76.46912169456482,1.0,1.0,1.0,1.0,1.0,0.800000011920929,0.9000000357627869,0.10000000149011612,0.8500000238418579,0.6950799822807312,0.6918399930000305,0.4578399658203125,0.5125599503517151,0.37432000041007996,0.3989599645137787,0.17315997183322906,0.026559997349977493,0.4162899851799011,154.5,0.0049779959954321384,0.010665354318916798,-0.00033215704024769366,0.022523753345012665,52.740501403808594,0.1125674620270729,0.7689434885978699,4000.0,372240.0,0.25,0.22474774718284607,0.15387952327728271,0.8100741505622864,0.7390013337135315,0.005859375,0.0029296875,242.0,9196.0,9196.0,616.0,-0.11268328130245209,0.042454518377780914,0.010585891082882881,0.0,0.46176472306251526,0.12514200806617737,-0.053800374269485474,0.00390625,0.3333333432674408,0.47996455430984497,8192.0,77.0,0.7971753478050232
19500.0,159744000.0,2072927.700503828,26575.996160305487,77.0620219707489,0.5,0.5,1.0,1.0,0.9000000357627869,1.0,1.0,1.0,0.862500011920929,0.3322399854660034,0.3596000075340271,0.5427999496459961,0.495279997587204,0.46907997131347656,0.5255199670791626,0.3483999967575073,0.4751199781894684,0.4435049891471863,146.25,0.0048885284923017025,0.010389522649347782,-0.0002840182278305292,0.022214481607079506,52.98050308227539,0.1131138876080513,0.7540987730026245,4000.0,377112.0,0.2492983192205429,0.21960444748401642,0.14399370551109314,0.8114264011383057,0.7372364401817322,0.02734375,0.013671875,242.0,9317.0,9317.0,624.0,-0.058889053761959076,0.019830714911222458,0.01382038276642561,0.015625,0.2970588207244873,0.08168431371450424,-0.0912088081240654,0.01302083395421505,0.8333333730697632,0.511535108089447,8192.0,78.0,0.7911433577537537
19750.0,161792000.0,2101274.500510466,26598.411398866654,76.99707961082458,1.0,1.0,1.0,1.0,1.0,0.9000000357627869,1.0,0.800000011920929,0.9624999761581421,0.8545600175857544,0.7991200089454651,0.5427999496459961,0.49239999055862427,0.4427199363708496,0.46223998069763184,0.2094399780035019,0.3838399350643158,0.5233899354934692,131.75,0.00470256432890892,0.010060208849608898,-0.00030563349719159305,0.021906156092882156,54.89487838745117,0.11592299491167068,0.7541678547859192,4000.0,381984.0,0.24826215207576752,0.22039738297462463,0.14704155921936035,0.8135271668434143,0.7351959347724915,0.005859375,0.0029296875,242.0,9438.0,9438.0,632.0,-0.0906999334692955,0.009467508643865585,0.004531503655016422,0.0,-0.5764706134796143,0.08532921969890594,-0.1684524118900299,0.00390625,0.3333333432674408,0.49402374029159546,8192.0,79.0,0.7891489863395691
20000.0,163840000.0,2126309.19654914,26578.864956864247,77.05370426177979,1.0,1.0,1.0,0.9000000357627869,0.4000000059604645,0.9000000357627869,0.9000000357627869,0.5,0.8250000476837158,0.856719970703125,0.8416000604629517,0.5427999496459961,0.46907997131347656,0.16671998798847198,0.5500800013542175,0.32795998454093933,0.15583999454975128,0.4888499677181244,130.75,0.005067133344709873,0.010753718204796314,-0.0002876928774639964,0.02203281968832016,54.59075164794922,0.1140667051076889,0.7494641542434692,4000.0,386856.0,0.25,0.22254064679145813,0.14801545441150665,0.8136319518089294,0.7332026958465576,0.0,0.0,242.0,9559.0,9559.0,640.0,-0.0959002673625946,0.00960821844637394,0.003885868936777115,0.0,-0.07647059112787247,0.08629204332828522,-0.14203299582004547,0.0,0.0,0.512129008769989,8192.0,80.0,0.7746106386184692
20250.0,165888000.0,2179218.4767112094,26903.9318112495,76.12270259857178,1.0,1.0,1.0,1.0,1.0,1.0,1.0,1.0,1.0,0.856719970703125,0.7292800545692444,0.5427999496459961,0.4995999336242676,0.5211999416351318,0.5456799864768982,0.3483999967575073,0.4376799762248993,0.5601699948310852,119.0,0.005425758194178343,0.0114218108355999,-0.00026364202494733036,0.021505368873476982,54.04887771606445,0.1178957149386406,0.7356664538383484,4000.0,391728.0,0.24609375,0.22072258591651917,0.15283158421516418,0.8141449093818665,0.730846643447876,0.01171875,0.005859375,242.0,9680.0,9680.0,648.0,-0.07559262961149216,0.015305452980101109,0.0036252737045288086,0.0,-0.5235294103622437,0.08249431103467941,-0.10952383279800415,0.0078125,0.6666666865348816,0.5800437927246094,8192.0,81.0,0.7602726817131042
20500.0,167936000.0,2194425.64394965,26761.28834084939,76.52845311164856,1.0,1.0,1.0,0.9000000357627869,0.0,1.0,1.0,1.0,0.862500011920929,0.8632000088691711,0.7947999835014343,0.5427999496459961,0.43884000182151794,0.0,0.6817600131034851,0.3577599823474884,0.40959998965263367,0.5110949873924255,133.375,0.006761603523045778,0.014119536615908146,-0.00027833698550239205,0.019827350974082947,54.631004333496094,0.10617884993553162,0.7745373249053955,4000.0,396600.0,0.24991393089294434,0.22508393228054047,0.15729081630706787,0.8176298141479492,0.7315287590026855,0.0,0.0,242.0,9801.0,9801.0,656.0,-0.09879478812217712,0.010040158405900002,0.005274563562124968,0.0,0.31470587849617004,0.08875462412834167,-0.1359432488679886,0.0,0.0,0.5378592014312744,8192.0,82.0,0.779945433139801
20750.0,169984000.0,2238172.7353482433,26965.936570460766,75.94766807556152,1.0,1.0,1.0,0.0,0.10000000149011612,1.0,1.0,0.10000000149011612,0.6499999761581421,0.8358400464057922,0.8156800270080566,0.5427999496459961,0.0,0.05211999639868736,0.5600799918174744,0.3699999749660492,0.04095999523997307,0.40218499302864075,157.75,0.005554772913455963,0.011747227050364017,-0.00029743037885054946,0.021410295739769936,54.40787887573242,0.11365938186645508,0.7396209836006165,4000.0,401472.0,0.25,0.2234402447938919,0.15150512754917145,0.8148564696311951,0.7310666441917419,0.021484375,0.0107421875,242.0,9922.0,9922.0,664.0,-0.06259005516767502,0.012315329164266586,0.0032200971618294716,0.0,0.17058824002742767,0.07513147592544556,-0.1793956309556961,0.014322916977107525,1.2222223281860352,0.578107476234436,8192.0,83.0,0.7547100186347961
21000.0,172032000.0,2250298.7181648146,26789.27045434303,76.4485170841217,0.6000000238418579,1.0,1.0,0.0,0.4000000059604645,0.5,1.0,1.0,0.6875,0.49056002497673035,0.7847200632095337,0.5427999496459961,0.0,0.16671998798847198,0.09031998366117477,0.33903995156288147,0.5031999945640564,0.3646699786186218,188.25,0.0047440798953175545,0.01002795435488224,-0.0002505806914996356,0.0193171426653862,55.56412887573242,0.11246489733457565,0.7414436936378479,4000.0,406344.0,0.24989712238311768,0.22540047764778137,0.1555907130241394,0.8146450519561768,0.7286274433135986,0.005859375,0.0029296875,242.0,10043.0,10043.0,672.0,-0.05952299386262894,0.019532455131411552,0.002914054784923792,0.0,0.3235294222831726,0.07255382835865021,-0.12055862694978714,0.00390625,0.3333333432674408,0.6070579290390015,8192.0,84.0,0.729223370552063
21250.0,174080000.0,2285972.057572608,26893.788912618915,76.15141201019287,1.0,0.6000000238418579,1.0,0.5,0.20000000298023224,1.0,1.0,0.800000011920929,0.762499988079071,0.8632000088691711,0.38471999764442444,0.5427999496459961,0.2605999708175659,0.10423999279737473,0.617680013179779,0.3678399622440338,0.40255996584892273,0.44295501708984375,138.0,0.004337560851126909,0.009278000332415104,-0.000279574393061921,0.02186449244618416,55.83387756347656,0.11355971544981003,0.7327486872673035,4000.0,411216.0,0.24984526634216309,0.22846540808677673,0.1623840034008026,0.8154231309890747,0.7294192314147949,0.0,0.0,242.0,10164.0,10164.0,680.0,-0.09644590318202972,0.009648413397371769,0.004613831639289856,0.0,0.11176470667123795,0.08679749071598053,-0.13910259306430817,0.0,0.0,0.5672575235366821,8192.0,85.0,0.7588632106781006
21500.0,176128000.0,2291937.620388024,26650.437446372373,76.84676861763,1.0,1.0,1.0,0.10000000149011612,0.0,0.9000000357627869,0.30000001192092896,0.699999988079071,0.625,0.852400004863739,0.8416000604629517,0.5427999496459961,0.018279993906617165,0.0,0.5731200575828552,0.10019998997449875,0.342879980802536,0.40891000628471375,161.5,0.004870403558015823,0.01032737921923399,-0.00027420962578617036,0.019076069816946983,56.188629150390625,0.10612868517637253,0.778710126876831,4000.0,416088.0,0.25,0.22429028153419495,0.1538553535938263,0.819428026676178,0.7292436957359314,0.0,0.0,242.0,10285.0,10285.0,688.0,-0.07016398757696152,0.02033923752605915,0.003601440927013755,0.0,0.25882354378700256,0.07815386354923248,-0.12747254967689514,0.0,0.0,0.5090510845184326,8192.0,86.0,0.7922954559326172
21750.0,178176000.0,2347826.835568185,26986.515351358452,75.88975358009338,1.0,1.0,1.0,1.0,0.0,1.0,1.0,1.0,0.875,0.8632000088691711,0.8214400410652161,0.5427999496459961,0.5211999416351318,0.0,0.610480010509491,0.33111998438835144,0.41895994544029236,0.5136500000953674,125.375,0.0058545926585793495,0.01224728487432003,-0.0002487387100700289,0.02031009830534458,54.13275146484375,0.10937550663948059,0.770268440246582,4000.0,420960.0,0.2490234375,0.22106577455997467,0.14740125834941864,0.8204793334007263,0.7267802357673645,0.005859375,0.0029296875,242.0,10406.0,10406.0,696.0,-0.10608761012554169,0.012453727424144745,0.007629478350281715,0.0,-0.05000000074505806,0.09762479364871979,-0.15311357378959656,0.00390625,0.3333333432674408,0.46870294213294983,8192.0,87.0,0.7797327637672424
22000.0,180224000.0,2354644.9714305084,26757.329220801235,76.53977656364441,1.0,1.0,1.0,1.0,1.0,0.30000001192092896,0.9000000357627869,0.5,0.8374999761581421,0.836560070514679,0.7141600251197815,0.5427999496459961,0.5211999416351318,0.5211999416351318,0.1250399798154831,0.3315599858760834,0.24727998673915863,0.47997498512268066,138.75,0.005457081366330385,0.01158772874623537,-0.0003136833547614515,0.023099904879927635,54.154502868652344,0.11371233314275742,0.7452768683433533,4000.0,425832.0,0.2492222934961319,0.223647341132164,0.15415583550930023,0.8159436583518982,0.7254483699798584,0.01171875,0.005859375,242.0,10527.0,10527.0,704.0,-0.12056048214435577,0.01669980213046074,0.009054727852344513,0.0,-0.10588235408067703,0.11144720017910004,-0.12435899674892426,0.0078125,0.6666666865348816,0.5217186212539673,8192.0,88.0,0.7687007188796997
22250.0,182272000.0,2390439.946820397,26858.87580697075,76.25039911270142,1.0,1.0,1.0,1.0,1.0,0.6000000238418579,1.0,1.0,0.949999988079071,0.8394399881362915,0.7465600371360779,0.5427999496459961,0.48663997650146484,0.5211999416351318,0.08591999113559723,0.33616000413894653,0.45639991760253906,0.5018899440765381,141.0,0.0053594778291881084,0.011362503282725811,-0.0003008546482305974,0.02091960795223713,53.786128997802734,0.11216671019792557,0.7586517930030823,4000.0,430704.0,0.2490234375,0.22469407320022583,0.15698105096817017,0.8139196038246155,0.7238547801971436,0.01171875,0.005859375,242.0,10648.0,10648.0,712.0,-0.09783066809177399,0.035425685346126556,0.060208022594451904,0.0,0.020588235929608345,0.11183726787567139,-0.08731686323881149,0.0078125,0.6666666865348816,0.5679520964622498,8192.0,89.0,0.7571711540222168
22500.0,184320000.0,2414669.6331983013,26829.662591092238,76.33342361450195,1.0,1.0,1.0,0.0,0.5,1.0,1.0,0.9000000357627869,0.800000011920929,0.8192800879478455,0.7105600237846375,0.5427999496459961,0.0,0.23395995795726776,0.6579999923706055,0.34911996126174927,0.3232799470424652,0.4546249806880951,146.75,0.005171393509954214,0.010930708609521389,-0.0002715978189371526,0.02236327715218067,54.253875732421875,0.11238853633403778,0.7628240585327148,4000.0,435576.0,0.25,0.22750262916088104,0.16024191677570343,0.8149548768997192,0.7230600118637085,0.01953125,0.009765625,242.0,10769.0,10769.0,720.0,-0.1314288228750229,0.030679350718855858,0.01210156362503767,0.0,0.1352941244840622,0.13003265857696533,-0.12939563393592834,0.01302083395421505,1.1111111640930176,0.5113319158554077,8192.0,90.0,0.7957992553710938
22750.0,186368000.0,2448414.799862891,26905.65714135045,76.11782121658325,1.0,1.0,0.20000000298023224,1.0,0.30000001192092896,1.0,0.800000011920929,1.0,0.7875000238418579,0.5571999549865723,0.7105600237846375,0.03511999174952507,0.4751199781894684,0.0562799870967865,0.4571199417114258,0.24775998294353485,0.40959998965263367,0.3685950040817261,164.0,0.004578647669404745,0.009715452790260315,-0.00025675559299997985,0.022322500124573708,54.55162811279297,0.11316463351249695,0.7441242933273315,4000.0,440448.0,0.25,0.22174882888793945,0.14655186235904694,0.8132526874542236,0.7213860154151917,0.017578125,0.0087890625,242.0,10890.0,10890.0,728.0,-0.07579176127910614,0.031806934624910355,0.058507002890110016,0.0,0.23235294222831726,0.09820915758609772,-0.0942307859659195,0.01171875,1.0,0.5543862581253052,8192.0,91.0,0.7747179269790649
23000.0,188416000.0,2470797.3202606477,26856.49261152878,76.25716543197632,0.4000000059604645,1.0,1.0,1.0,0.10000000149011612,1.0,1.0,1.0,0.8125,0.2351200133562088,0.7472800612449646,0.5427999496459961,0.4808799922466278,0.010359996929764748,0.37863996624946594,0.3483999967575073,0.40959998965263367,0.3941349983215332,173.125,0.0045643579214811325,0.009674551896750927,-0.00025264688883908093,0.020270561799407005,54.36637878417969,0.11509265005588531,0.7344151139259338,4000.0,445320.0,0.25,0.22440341114997864,0.15383188426494598,0.8106478452682495,0.722233772277832,0.0,0.0,242.0,11011.0,11011.0,736.0,-0.0609041266143322,0.03361499309539795,0.004401170648634434,0.0,-0.364705890417099,0.08336333930492401,-0.11936815083026886,0.0,0.0,0.6112416982650757,8192.0,92.0,0.7391403913497925
23250.0,190464000.0,2502076.425904552,26904.047590371523,76.12237501144409,0.6000000238418579,0.30000001192092896,1.0,1.0,0.699999988079071,0.800000011920929,1.0,1.0,0.800000011920929,0.5179200172424316,0.20784001052379608,0.5427999496459961,0.48231998085975647,0.36483997106552124,0.39607998728752136,0.3505600094795227,0.40959998965263367,0.40899497270584106,159.5,0.004568255040794611,0.009745792485773563,-0.00028726866003125906,0.017372289672493935,54.38450241088867,0.11264060437679291,0.7574843764305115,4000.0,450192.0,0.24949000775814056,0.22921323776245117,0.1663733571767807,0.8115441799163818,0.7209423184394836,0.0,0.0,242.0,11132.0,11132.0,744.0,-0.13854722678661346,0.020127838477492332,0.009188846684992313,0.0,0.3764705955982208,0.11842289566993713,-0.04816850647330284,0.0,0.0,0.5618720650672913,8192.0,93.0,0.7613680958747864
23500.0,192512000.0,2504260.903533148,26641.073441842,76.873779296875,1.0,1.0,0.20000000298023224,0.800000011920929,0.0,0.9000000357627869,0.20000000298023224,0.5,0.574999988079071,0.7911999821662903,0.6947199702262878,0.048079993575811386,0.30031999945640564,0.0,0.4679999351501465,0.05023999139666557,0.20479999482631683,0.3196699917316437,185.0,0.005132121033966541,0.010927662253379822,-0.00030745906406082213,0.024251263588666916,54.0056266784668,0.12034668028354645,0.7196139097213745,4000.0,455064.0,0.2498779594898224,0.2268216758966446,0.16240403056144714,0.8003250956535339,0.7189149856567383,0.0,0.0,242.0,11253.0,11253.0,752.0,-0.13225509226322174,0.018234558403491974,0.00825687125325203,0.0,-0.3176470696926117,0.11402053385972977,-0.1457875669002533,0.0,0.0,0.5646169781684875,8192.0,94.0,0.7190911173820496
23750.0,194560000.0,2550117.5865813387,26843.34301664567,76.29452109336853,1.0,0.800000011920929,1.0,0.800000011920929,0.0,1.0,1.0,1.0,0.824999988079071,0.7991200089454651,0.6480799913406372,0.5427999496459961,0.3824000060558319,0.0,0.6587200164794922,0.3483999967575073,0.40959998965263367,0.4736400246620178,141.375,0.004684817511588335,0.010007141157984734,-0.00029946546419523656,0.019287610426545143,54.133628845214844,0.11934918165206909,0.7232723832130432,4000.0,459936.0,0.25,0.23253971338272095,0.17578846216201782,0.795481264591217,0.7184011340141296,0.005859375,0.0029296875,242.0,11374.0,11374.0,760.0,-0.1689523309469223,0.03099135309457779,0.016431288793683052,0.01171875,-0.17941176891326904,0.14202319085597992,-0.143635556101799,0.0,0.0,0.6525603532791138,8192.0,95.0,0.6930955052375793
24000.0,196608000.0,2552320.1948691993,26586.66869655416,77.03108739852905,0.9000000357627869,0.9000000357627869,1.0,0.9000000357627869,0.0,1.0,0.699999988079071,0.9000000357627869,0.7875000238418579,0.6940799951553345,0.4658399522304535,0.5427999496459961,0.4345199763774872,0.0,0.5924800038337708,0.13947997987270355,0.3686399757862091,0.4047299921512604,156.875,0.004742615856230259,0.009993571788072586,-0.00023492271429859102,0.019247591495513916,54.09537887573242,0.11670199781656265,0.7413569688796997,4000.0,464808.0,0.25,0.2351408153772354,0.18099969625473022,0.7976977825164795,0.7172297239303589,0.017578125,0.0087890625,242.0,11495.0,11495.0,768.0,-0.15017567574977875,0.026216741651296616,0.011605539359152317,0.0,-0.24705882370471954,0.13443318009376526,-0.1585165113210678,0.01171875,1.0,0.5676941275596619,8192.0,96.0,0.7287898063659668
24250.0,198656000.0,2611032.6907178946,26917.86279090613,76.08330631256104,1.0,1.0,1.0,1.0,0.10000000149011612,1.0,1.0,1.0,0.887499988079071,0.8200001120567322,0.8142399787902832,0.5427999496459961,0.47943997383117676,0.05211999639868736,0.5759199857711792,0.3483999967575073,0.447039932012558,0.5099949836730957,129.875,0.004897433333098888,0.010443022474646568,-0.0003048617218155414,0.019216284155845642,54.44562911987305,0.11438356339931488,0.7438918948173523,4000.0,469680.0,0.2490234375,0.23056815564632416,0.17301063239574432,0.8000619411468506,0.7187691926956177,0.0,0.0,242.0,11616.0,11616.0,776.0,-0.14013957977294922,0.020546745508909225,0.008491169661283493,0.0,0.061764705926179886,0.1195928230881691,-0.13988097012043,0.0,0.0,0.5213525295257568,8192.0,97.0,0.7358110547065735
24500.0,200704000.0,2614565.666145046,26679.241491275978,76.76380157470703,1.0,1.0,1.0,1.0,0.9000000357627869,1.0,1.0,1.0,0.987500011920929,0.795520007610321,0.6752800345420837,0.5384799838066101,0.49095994234085083,0.46907997131347656,0.5197599530220032,0.3483999967575073,0.42831993103027344,0.5332249402999878,129.25,0.004721830133348703,0.010040251538157463,-0.00027895718812942505,0.019338224083185196,53.430625915527344,0.11087816953659058,0.7723523378372192,4000.0,474552.0,0.25,0.23053428530693054,0.16894802451133728,0.8042957782745361,0.7202484607696533,0.0234375,0.01171875,242.0,11737.0,11737.0,784.0,-0.10981523990631104,0.03355075791478157,0.06386950612068176,0.03515625,-0.061764705926179886,0.12055544555187225,-0.12330587953329086,0.00390625,0.1111111119389534,0.4951993525028229,8192.0,98.0,0.7859264016151428
24750.0,202752000.0,2662377.457675872,26892.701592685575,76.15449094772339,1.0,0.9000000357627869,1.0,1.0,0.800000011920929,1.0,1.0,1.0,0.9624999761581421,0.7213600277900696,0.6739199757575989,0.5427999496459961,0.4779999852180481,0.4169599711894989,0.5823999643325806,0.3483999967575073,0.40959998965263367,0.5216799974441528,139.375,0.004534780513495207,0.009722079150378704,-0.0003058785805478692,0.02037978544831276,53.37187576293945,0.11197050660848618,0.7644622921943665,4000.0,479424.0,0.2463170439004898,0.22058971226215363,0.15159207582473755,0.8072680234909058,0.7214652299880981,0.0,0.0,242.0,11858.0,11858.0,792.0,-0.11264263093471527,0.013125168159604073,0.00632119458168745,0.0,-0.13235294818878174,0.09951746463775635,-0.14290295541286469,0.0,0.0,0.5086143612861633,8192.0,99.0,0.7816935181617737
25000.0,204800000.0,2668097.60781703,26680.9760781703,76.75881099700928,1.0,1.0,0.699999988079071,1.0,0.10000000149011612,1.0,0.800000011920929,0.9000000357627869,0.8125,0.7839999794960022,0.584559977054596,0.2589999735355377,0.4779999852180481,0.010359996929764748,0.5557599663734436,0.2837600111961365,0.3686399757862091,0.415509968996048,142.875,0.004499053116887808,0.009527069516479969,-0.00024658156326040626,0.017900090664625168,55.7546272277832,0.11776722967624664,0.7190897464752197,4000.0,484296.0,0.25,0.2238401472568512,0.1541801244020462,0.8023744225502014,0.7202135324478149,0.005859375,0.0029296875,242.0,11979.0,11979.0,800.0,-0.10555709898471832,0.0345417819917202,0.009716719388961792,0.0,-0.08235294371843338,0.11475954949855804,-0.08516485244035721,0.00390625,0.3333333432674408,0.5949579477310181,8192.0,100.0,0.7228168249130249
25250.0,206848000.0,2702430.3658563006,26756.736295606937,76.54147267341614,1.0,1.0,0.0,1.0,0.0,1.0,1.0,0.699999988079071,0.7124999761581421,0.825760006904602,0.8005599975585938,0.0,0.4779999852180481,0.0,0.584559977054596,0.39375996589660645,0.25575998425483704,0.4172999858856201,149.75,0.0047229561023414135,0.010013358667492867,-0.0002660068275872618,0.017716484144330025,53.085628509521484,0.11086039990186691,0.7538570761680603,4000.0,489168.0,0.24886386096477509,0.2312246859073639,0.1724444180727005,0.8048628568649292,0.7210031151771545,0.013671875,0.0068359375,242.0,12100.0,12100.0,808.0,-0.14239928126335144,0.02650681510567665,0.02149003930389881,0.02734375,0.08235294371843338,0.12971562147140503,-0.13956046104431152,0.0,0.0,0.5677477121353149,8192.0,101.0,0.7415457367897034
25500.0,208896000.0,2709961.160682438,26568.246673357236,77.08449959754944,1.0,1.0,0.0,1.0,0.30000001192092896,1.0,1.0,1.0,0.7875000238418579,0.7760800123214722,0.7422399520874023,0.0,0.4779999852180481,0.03611999377608299,0.5823999643325806,0.35847997665405273,0.40959998965263367,0.42286500334739685,159.625,0.0049624633975327015,0.010419354774057865,-0.00023008282005321234,0.017131252214312553,54.29337692260742,0.11068674921989441,0.7592417001724243,4000.0,494040.0,0.25,0.22813574969768524,0.16656267642974854,0.80937260389328,0.7219092845916748,0.005859375,0.0029296875,242.0,12221.0,12221.0,816.0,-0.12100629508495331,0.02457035705447197,0.03666338324546814,0.01171875,0.07352941483259201,0.11471127718687057,-0.1396978199481964,0.0,0.0,0.517326295375824,8192.0,102.0,0.763760507106781
25750.0,210944000.0,2776391.970674912,26955.261851212737,75.97774457931519,1.0,1.0,0.0,1.0,0.0,1.0,1.0,0.0,0.625,0.7984000444412231,0.8070400357246399,0.0,0.4779999852180481,0.0,0.5823999643325806,0.3620799481868744,0.0,0.37849000096321106,160.5,0.0048658051528036594,0.010260897688567638,-0.00024706264957785606,0.01758110150694847,56.118125915527344,0.11236244440078735,0.7546940445899963,4000.0,498912.0,0.24486543238162994,0.2232503890991211,0.15950632095336914,0.8095320463180542,0.7210373878479004,0.01953125,0.009765625,242.0,12342.0,12342.0,824.0,-0.09272796660661697,0.015185417607426643,0.018384311348199844,0.02734375,-0.05588235333561897,0.09627024829387665,-0.1527472734451294,0.00390625,0.1428571492433548,0.5491874814033508,8192.0,103.0,0.7664704918861389
26000.0,212992000.0,2785771.1965854024,26786.261505628867,76.45710468292236,1.0,1.0,1.0,1.0,0.0,1.0,1.0,1.0,0.875,0.8070400357246399,0.7631199955940247,0.5427999496459961,0.4779999852180481,0.0,0.49671992659568787,0.3678399622440338,0.3123999536037445,0.47099000215530396,146.125,0.0042482707649469376,0.009027336724102497,-0.00024760683299973607,0.017791250720620155,56.09212875366211,0.11522633582353592,0.7522075772285461,4000.0,503784.0,0.2494889348745346,0.22547829151153564,0.15726664662361145,0.8119946718215942,0.7200106978416443,0.02734375,0.013671875,242.0,12463.0,12463.0,832.0,-0.06691930443048477,0.021847736090421677,0.03384087234735489,0.01171875,-0.061764705926179886,0.08807805180549622,-0.027014655992388725,0.014322916977107525,1.2222223281860352,0.5530824661254883,8192.0,104.0,0.741112232208252
26250.0,215040000.0,2817941.0339841247,26837.53365699166,76.31103610992432,1.0,1.0,1.0,1.0,0.0,1.0,1.0,0.9000000357627869,0.862500011920929,0.7962400317192078,0.788320004940033,0.5427999496459961,0.4779999852180481,0.0,0.5802399516105652,0.33615997433662415,0.3686399757862091,0.486299991607666,147.125,0.004489533137530088,0.009573513641953468,-0.00027787298313342035,0.019350800663232803,55.50887680053711,0.11377131938934326,0.7510884404182434,4000.0,508656.0,0.25,0.22960737347602844,0.1671021282672882,0.8130747675895691,0.7182949781417847,0.005859375,0.0029296875,242.0,12584.0,12584.0,840.0,-0.13269495964050293,0.027885479852557182,0.03458655998110771,0.01171875,0.01764705963432789,0.12275342643260956,-0.14056779444217682,0.0,0.0,0.6108609437942505,8192.0,105.0,0.7510968446731567
26500.0,217088000.0,2835455.507518777,26749.580259611106,76.5619490146637,0.800000011920929,1.0,1.0,1.0,1.0,1.0,1.0,1.0,0.9750000238418579,0.6171199679374695,0.8055999875068665,0.5427999496459961,0.4779999852180481,0.5211999416351318,0.5823999643325806,0.32607996463775635,0.40959998965263367,0.53534996509552,145.5,0.004316781181842089,0.009234508499503136,-0.000283263623714447,0.01720917411148548,56.56537628173828,0.11328788846731186,0.7629029750823975,4000.0,513528.0,0.24848364293575287,0.2275795340538025,0.16522666811943054,0.8144288659095764,0.7166920304298401,0.0078125,0.00390625,242.0,12705.0,12705.0,848.0,-0.13842256367206573,0.039007507264614105,0.024710632860660553,0.015625,-0.1823529452085495,0.13502585887908936,-0.10302199423313141,0.0,0.0,0.6019099950790405,8192.0,106.0,0.7633765935897827
26750.0,219136000.0,2863441.3578489786,26761.134185504474,76.52889394760132,1.0,1.0,0.800000011920929,1.0,1.0,1.0,1.0,1.0,0.9750000238418579,0.7767999768257141,0.760960042476654,0.4342399537563324,0.4779999852180481,0.5211999416351318,0.5802399516105652,0.3483999967575073,0.40959998965263367,0.5386799573898315,122.75,0.004296897444874048,0.00906442105770111,-0.00021915057732257992,0.01616203598678112,57.38562774658203,0.1150800958275795,0.7528049349784851,4000.0,518400.0,0.24589069187641144,0.22331339120864868,0.15952244400978088,0.8165349960327148,0.7154451012611389,0.017578125,0.0087890625,242.0,12826.0,12826.0,856.0,-0.10379986464977264,0.038473181426525116,0.0874854251742363,0.0234375,0.15882353484630585,0.11925581097602844,-0.15718866884708405,0.00390625,0.1666666716337204,0.4988718628883362,8192.0,107.0,0.772939920425415
27000.0,221184000.0,2870700.101374806,26580.556494211167,77.0488007068634,1.0,0.4000000059604645,1.0,1.0,0.800000011920929,1.0,1.0,1.0,0.8999999761581421,0.7796799540519714,0.21423998475074768,0.36135992407798767,0.4779999852180481,0.4169599711894989,0.5802399516105652,0.3483999967575073,0.40959998965263367,0.44855996966362,172.125,0.0045378925278782845,0.009660860523581505,-0.00027598103042691946,0.01655658148229122,55.237003326416016,0.11377255618572235,0.7427563667297363,4000.0,523272.0,0.25,0.22519969940185547,0.15613389015197754,0.813281238079071,0.7124202251434326,0.02734375,0.013671875,242.0,12947.0,12947.0,864.0,-0.10179728269577026,0.028225447982549667,0.04629959911108017,0.02734375,-0.38823530077934265,0.11508192121982574,-0.1348443478345871,0.00911458395421505,0.3333333730697632,0.5372273921966553,8192.0,108.0,0.7694465517997742
27250.0,223232000.0,2933291.5791788427,26910.93191907195,76.10290145874023,0.800000011920929,0.6000000238418579,1.0,0.4000000059604645,0.0,1.0,1.0,1.0,0.7250000238418579,0.6207200288772583,0.5049600005149841,0.5427999496459961,0.19120000302791595,0.0,0.5744799971580505,0.3483999967575073,0.41895994544029236,0.40018999576568604,151.5,0.006452328059822321,0.013459280133247375,-0.0002591704251244664,0.01814122498035431,54.94887924194336,0.10592269897460938,0.7786068320274353,4000.0,528144.0,0.24944494664669037,0.22589688003063202,0.15677185356616974,0.8160412907600403,0.7130900025367737,0.0234375,0.01171875,242.0,13068.0,13068.0,872.0,-0.12953580915927887,0.028337188065052032,0.023627344518899918,0.015625,0.11176470667123795,0.12927013635635376,-0.08804946392774582,0.010416666977107525,0.6666666865348816,0.5545489192008972,8192.0,109.0,0.7564690113067627
27500.0,225280000.0,2959965.4625254413,26908.776932049466,76.10899615287781,1.0,0.10000000149011612,1.0,1.0,0.0,0.9000000357627869,1.0,1.0,0.75,0.7623999714851379,0.06976000219583511,0.5427999496459961,0.4779999852180481,0.0,0.5241599678993225,0.3483999967575073,0.40959998965263367,0.3918899893760681,162.375,0.005938819609582424,0.012319335713982582,-0.00020570788183249533,0.015139971859753132,56.70075225830078,0.10322379320859909,0.7803351283073425,4000.0,533016.0,0.25,0.22821590304374695,0.1615114063024521,0.8204518556594849,0.7134643793106079,0.005859375,0.0029296875,242.0,13189.0,13189.0,880.0,-0.17409378290176392,0.04729997739195824,0.0702279806137085,0.01171875,-0.46764707565307617,0.15600985288619995,-0.14812274277210236,0.0,0.0,0.5663843154907227,8192.0,110.0,0.7757008671760559
27750.0,227328000.0,2987593.9028556184,26915.26038608665,76.09066271781921,1.0,1.0,1.0,1.0,0.0,1.0,1.0,1.0,0.875,0.7227999567985535,0.7638399600982666,0.5427999496459961,0.4779999852180481,0.0,0.5737599730491638,0.3577599823474884,0.40959998965263367,0.48106998205184937,142.125,0.006553933024406433,0.013606329448521137,-0.0002333668526262045,0.015865029767155647,55.309879302978516,0.1064128652215004,0.7707282900810242,4000.0,537888.0,0.24609375,0.22267115116119385,0.15530939400196075,0.8192727565765381,0.7118077278137207,0.005859375,0.0029296875,242.0,13310.0,13310.0,888.0,-0.14619122445583344,0.045222729444503784,0.04516064375638962,0.01171875,-0.25,0.14333581924438477,-0.12834250926971436,0.0,0.0,0.5926429033279419,8192.0,111.0,0.7515385746955872
28000.0,229376000.0,3002721.181560556,26810.01054964782,76.3893768787384,1.0,0.5,1.0,1.0,0.0,1.0,1.0,1.0,0.8125,0.5924800038337708,0.3048799932003021,0.5427999496459961,0.4779999852180481,0.0,0.5802399516105652,0.3548799753189087,0.40959998965263367,0.4078599810600281,175.625,0.005246699787676334,0.011126945726573467,-0.000296310376143083,0.020463349297642708,56.3327522277832,0.11258530616760254,0.7426447868347168,4000.0,542760.0,0.25,0.2291068434715271,0.16546867787837982,0.8137136101722717,0.7111765742301941,0.005859375,0.0029296875,242.0,13431.0,13431.0,896.0,-0.15803182125091553,0.03421960771083832,0.04494043439626694,0.01171875,-0.5058823823928833,0.14082103967666626,-0.1487179696559906,0.0,0.0,0.6441298723220825,8192.0,112.0,0.710028350353241
28250.0,231424000.0,3042763.412636606,26927.109846341646,76.05717849731445,1.0,0.10000000149011612,1.0,0.9000000357627869,0.0,1.0,0.9000000357627869,1.0,0.737500011920929,0.817840039730072,0.08055999875068665,0.5384799838066101,0.4345199763774872,0.0,0.5672799944877625,0.3265199661254883,0.40959998965263367,0.39684998989105225,159.125,0.004494995344430208,0.00959757436066866,-0.0002859516825992614,0.017840571701526642,56.789127349853516,0.1125175803899765,0.7468975782394409,4000.0,547632.0,0.2475190907716751,0.23153206706047058,0.17364180088043213,0.8137118220329285,0.7108681797981262,0.013671875,0.0068359375,242.0,13552.0,13552.0,904.0,-0.10641583800315857,0.030912287533283234,0.01041414774954319,0.0,-0.2235294133424759,0.11549968272447586,-0.11877291649580002,0.00911458395421505,0.7777778506278992,0.6058430671691895,8192.0,113.0,0.7192043662071228
28500.0,233472000.0,3253564.8037905507,28540.0421385136,71.75882887840271,1.0,1.0,1.0,1.0,0.0,1.0,1.0,1.0,0.875,0.8149600028991699,0.8084800839424133,0.5427999496459961,0.4779999852180481,0.0,0.5823999643325806,0.3505600094795227,0.40959998965263367,0.49834996461868286,134.875,0.004537614528089762,0.009625591337680817,-0.000257901381701231,0.017280226573348045,55.58725357055664,0.10808200389146805,0.7533397674560547,4000.0,552504.0,0.25,0.23250727355480194,0.1729251593351364,0.8128272294998169,0.7118733525276184,0.01171875,0.005859375,242.0,13673.0,13673.0,912.0,-0.14017313718795776,0.021683569997549057,0.015151690691709518,0.0,-0.026470588520169258,0.12578633427619934,-0.09006411582231522,0.0078125,0.6666666865348816,0.5930474996566772,8192.0,114.0,0.7354779243469238
28750.0,235520000.0,3312791.293414484,28806.88081229986,71.09412550926208,1.0,0.10000000149011612,1.0,1.0,0.30000001192092896,1.0,1.0,1.0,0.7999999523162842,0.8048799633979797,0.08416000008583069,0.5427999496459961,0.4779999852180481,0.11459999531507492,0.5715999603271484,0.3483999967575073,0.40959998965263367,0.41925498843193054,160.125,0.0059554437175393105,0.012412117794156075,-0.00023503847478423268,0.015576733276247978,56.28450393676758,0.10598873347043991,0.7804809808731079,4000.0,557376.0,0.2497100532054901,0.23039717972278595,0.168182834982872,0.8165885806083679,0.71384197473526,0.01171875,0.005859375,242.0,13794.0,13794.0,920.0,-0.14367817342281342,0.039083369076251984,0.06743461638689041,0.0,-0.3294117748737335,0.13894635438919067,-0.11868134140968323,0.0078125,0.6666666865348816,0.432751327753067,8192.0,115.0,0.7991288900375366
29000.0,237568000.0,3314618.950630899,28574.301298542232,71.67279362678528,1.0,1.0,1.0,1.0,0.20000000298023224,1.0,0.9000000357627869,1.0,0.8875000476837158,0.8272000551223755,0.7739199995994568,0.5427999496459961,0.5211999416351318,0.10423999279737473,0.1871199905872345,0.31787997484207153,0.41895994544029236,0.46166497468948364,154.125,0.007537106052041054,0.015661578625440598,-0.00027611656696535647,0.017565781250596046,54.144126892089844,0.10652823746204376,0.7720238566398621,4000.0,562248.0,0.2499847412109375,0.22136759757995605,0.14678342640399933,0.8154342174530029,0.7151206135749817,0.0078125,0.00390625,242.0,13915.0,13915.0,928.0,-0.14257055521011353,0.04019494354724884,0.06652265787124634,0.0,-0.16470588743686676,0.13829363882541656,-0.13754580914974213,0.0052083334885537624,0.444444477558136,0.4863908290863037,8192.0,116.0,0.7768429517745972
29250.0,239616000.0,3314887.031340066,28332.36778923133,72.2848162651062,1.0,0.9000000357627869,1.0,1.0,0.9000000357627869,0.800000011920929,0.9000000357627869,1.0,0.9375,0.7789599895477295,0.37655994296073914,0.5427999496459961,0.4779999852180481,0.46907997131347656,0.2916799783706665,0.1918799877166748,0.5031999945640564,0.4540199637413025,188.625,0.0055303070694208145,0.011584793217480183,-0.0002469823230057955,0.015107645653188229,56.024253845214844,0.10816876590251923,0.748870849609375,4000.0,567120.0,0.2499999850988388,0.22517648339271545,0.15479812026023865,0.8126177191734314,0.7155949473381042,0.0078125,0.00390625,242.0,14036.0,14036.0,936.0,-0.18939261138439178,0.039936140179634094,0.0282377228140831,0.0,-0.04411764815449715,0.15797238051891327,-0.14848904311656952,0.0052083334885537624,0.444444477558136,0.5553996562957764,8192.0,117.0,0.7422606348991394
29500.0,241664000.0,3538026.4960347707,29983.275390125174,68.3047456741333,1.0,1.0,1.0,1.0,0.30000001192092896,1.0,1.0,1.0,0.9125000238418579,0.7818400263786316,0.7508800029754639,0.5427999496459961,0.4779999852180481,0.1563599854707718,0.5802399516105652,0.2526399791240692,0.40959998965263367,0.4940449893474579,138.125,0.004884210880845785,0.010324443690478802,-0.0002627646317705512,0.015246574766933918,56.425628662109375,0.10925014317035675,0.7449739575386047,4000.0,571992.0,0.24501675367355347,0.22637075185775757,0.1666833907365799,0.8153173923492432,0.7162650227546692,0.005859375,0.0029296875,242.0,14157.0,14157.0,944.0,-0.189204603433609,0.06013081595301628,0.02982025034725666,0.0,-0.0117647061124444,0.16815848648548126,-0.057234443724155426,0.00390625,0.3333333432674408,0.5833449363708496,8192.0,118.0,0.7339968085289001
29750.0,243712000.0,4055237.243630675,34077.623896056095,60.09808683395386,1.0,1.0,1.0,1.0,1.0,1.0,1.0,1.0,1.0,0.7782399654388428,0.731440007686615,0.5427999496459961,0.4779999852180481,0.5211999416351318,0.5823999643325806,0.3483999967575073,0.40959998965263367,0.5490099787712097,123.75,0.004879752639681101,0.010248343460261822,-0.0002296010934514925,0.014818042516708374,55.20887756347656,0.10883233696222305,0.741563618183136,4000.0,576864.0,0.2485324889421463,0.2298068106174469,0.167428120970726,0.8162546753883362,0.7150317430496216,0.005859375,0.0029296875,242.0,14278.0,14278.0,952.0,-0.1585458219051361,0.06801671534776688,0.13490284979343414,0.01171875,-0.15294118225574493,0.1603536307811737,-0.14322346448898315,0.0,0.0,0.5886250734329224,8192.0,119.0,0.7350809574127197
30000.0,245760000.0,4514736.228075068,37622.80190062557,54.43507385253906,1.0,0.20000000298023224,1.0,1.0,1.0,1.0,0.699999988079071,1.0,0.862500011920929,0.8156800270080566,0.06464000046253204,0.5427999496459961,0.4779999852180481,0.47943994402885437,0.5823999643325806,0.2438799887895584,0.40959998965263367,0.4520549774169922,146.0,0.004986113868653774,0.010509153828024864,-0.000253301695920527,0.015161856077611446,55.87887954711914,0.1103917807340622,0.7474080324172974,4000.0,581736.0,0.24496129155158997,0.22721216082572937,0.16945382952690125,0.8158644437789917,0.7154396176338196,0.0,0.0,242.0,14399.0,14399.0,960.0,-0.16212168335914612,0.0423995703458786,0.06405927240848541,0.0,0.3441176414489746,0.14575733244419098,-0.13548536598682404,0.0,0.0,0.5385187268257141,8192.0,120.0,0.7418176531791687
